id,post_id,body,author,subreddit,score,created_utc,parent_id,data_type,platform,source
fz4iv4x,hx8e76,"Thanks for starting the sub! I don't want control of it, but I'm sure it'll be possible to find some voluntaring moderators with time. 

It sounds like you have it a bit worse than me with fever and chest pain, my main problem is the fatigue, but better days followed by worse days sounds very familiar. ""Only thought I was dying the first two weeks"" sounds like a classic ""mild"" case understatement Blackadder could have uttered. I've certainly been thinking along the same lines. Here's to hoping we'll get rid of this thing eventually.",Chiaro22,covidlonghaulers,3,2020-07-24T19:58:29,t3_hx8e76,comment,reddit,pushshift
fz4xxcu,hx8irn,I hear the X-ray can be clear but CT scan will show scarring. I started symptoms beginning of June and still having the ups and downs!,Pisces_Queen86,covidlonghaulers,4,2020-07-24T22:03:46,t3_hx8irn,comment,reddit,pushshift
fz4yrfh,hx8e76,"Yes, thank you! For me too I feel overwhelmed because I was feeling better (initial fever onset with later shortness of breath was terrifying) and then at the two week mark I suddenly could not breathe and actually became tinged blue from lack of oxygen. I was rushed to the ER where they threw me in the psych ward and began holding me for a panic attack. At that point I fled to another hospital (Cleveland Clinic) where they did all the testing. But still couldn’t figure out what caused it. I think it was an asthma attack and I have asthma now but just waiting to get better to go home. I was visiting family when I caught Covid. I just want to go home. But, everything including my studies and work are put on hold. I gave up my TA job because I have days where I am so tired and short of breath that I usually have to read or text lying on my stomach with my head on the bed. It’s impossible to work that way. On top of that my family will not see me. My friends won’t see me. I feel like a pariah. Hang in there guys....",Pisces_Queen86,covidlonghaulers,5,2020-07-24T22:11:13,t3_hx8e76,comment,reddit,pushshift
fz4yy38,hx7q8g,Has anyone else realized that lost sense of smell and taste also included dulled senses elsewhere. I literally could not feel some things physically but also my pleasure senses seem really dulled.,Pisces_Queen86,covidlonghaulers,1,2020-07-24T22:12:52,t3_hx7q8g,comment,reddit,pushshift
fz4zbde,hx7q8g,Oh also did anyone else lose sense of taste and smell last? I lost it 14 days it right when I should be getting better,Pisces_Queen86,covidlonghaulers,1,2020-07-24T22:16:12,t3_hx7q8g,comment,reddit,pushshift
fz4zmlm,hxb5rg,[deleted],[deleted],covidlonghaulers,1,2020-07-24T22:19:01,t3_hxb5rg,comment,reddit,pushshift
fz4zylu,hxb5rg,"Wow, that’s your Covid superpower I guess. Just kidding but that’s kinda a good thing in my opinion. I have something similar but I can’t taste it so it’s weird for me to drink.",Pisces_Queen86,covidlonghaulers,2,2020-07-24T22:21:56,t3_hxb5rg,comment,reddit,pushshift
fz50tj4,hxb5rg,"I haven't touched alchohol since late february, when things started for me. Haven't been thinking about it too much either, maybe wanted it once, but miss coffee a lot more, eh. 

If I was 100% back to normal I don't know what I'd drink, but right now I don't feel particularly interested in alcohol. Non-caffeine green tea is certainly not what I imagined to ride into the sunset with (or cling to in stormy weather).",Chiaro22,covidlonghaulers,3,2020-07-24T22:29:40,t3_hxb5rg,comment,reddit,pushshift
fz50zkr,hx7q8g,"My sense of smell and taste has been diminished. Early on, I lost 100% of my smell and taste and now I bounce back and forth between 30% loss to 60% loss. Most of the time, I can smell a smell the first time I sniff it but if I try again, I cannot. I'm over 3 months.",lvl0rg4n,covidlonghaulers,1,2020-07-24T22:31:11,t3_hx7q8g,comment,reddit,pushshift
fz55zzg,hxb5rg,I used to drink 4 large cups of strong iced coffee a day now I can’t even stand it unless it’s very watered down and diluted.,Coconutcatmilk,covidlonghaulers,5,2020-07-24T23:16:32,t3_hxb5rg,comment,reddit,pushshift
fz5axid,hxb5rg,"For the first 2 weeks after hospital I had no desire for coffee either. I did go back to coffee, but definitely I'm drinking less than before. However, I'm downing a lot more black tea than ever - and I think that has as much caffeine as coffee.  
I'm sure there must changes in each person's body chemistry (and obviously not all the same) that switch our taste preferences and cravings on and off.",DLBtoronto,covidlonghaulers,3,2020-07-25T00:02:18,t1_fz55zzg,comment,reddit,pushshift
fz5hul4,hxc9h4,I would def ask which antibody test they are using. Would def ask for a CT scan of your lungs.,Pisces_Queen86,covidlonghaulers,1,2020-07-25T01:08:53,t3_hxc9h4,comment,reddit,pushshift
fz5i022,hx7q8g,"Oh no. I thought I was getting mine back and poof, gone. Always nonexistent at night and a little better mornings.",Pisces_Queen86,covidlonghaulers,1,2020-07-25T01:10:25,t3_hx7q8g,comment,reddit,pushshift
fz5igz2,hxb5rg,"I think my mind is ""protecting"" itself. I believe I have a little PTSD from my alcohol-related relapses. 

There is now this slight fear of alcohol, and when I'm in social settings I am very cautious on how much I order and pour for myself. I actually gave away a bottle of wine I love because I fear what would happen if I drink it 2 nights in a row. Got all kinds of spirits and liquors and they are just left untouched, sitting pretty.

Hadn't drank for 3 months and when I drank again in social outings, it was a negative reaction immediately or in the days after. Recently had sips of different wines-totaling a glass- and I was fine. Still, no matter how good the wine tasted, I'm not clamoring to buy a bottle. Same goes for coffee and I used to be an almost daily 3-shot espresso drinker.",RemoteEmote,covidlonghaulers,5,2020-07-25T01:14:52,t3_hxb5rg,comment,reddit,pushshift
fz5j49w,hxc9h4,"So sorry you're going through this. I've been presumed positive by a doctor since mid-March and thought my symptoms were gone a few times, only to have them come back again several times. This most recent time came after visiting my MIL in the hospital a week ago. I feel like I might have either contracted  covid again, or been exposed to it and had my immune system react strongly to it. This week, SOB and chest pain with facial and head tingling came back strongly. Sigh. I am trying NAC  for the first time right now,  but not sure if I'll continue since it seems to be giving me headaches. I dont know if i just need to resign myself to this roller coaster ride of symptoms crashing my serenity without notice after brief stretches of calm (sometimes up to 2 weeks). 

One good thing is that I'm seeing lots of posts on YouTube where doctors are talking about and calling for research on us long haulers.  According to medcram,  longhaulers are fairly common among the ""recovered"". Hang in there! I think we will eventually  get some answers.",ResponsibleNovel5,covidlonghaulers,2,2020-07-25T01:21:13,t3_hxc9h4,comment,reddit,pushshift
fz5lbzc,hxc9h4,"Thank you :( Right now I am uninsured and running out of savings. I've so far blown $1k trying to figure out whats wrong. I believe its some kind of serology test?
https://www.bioreference.com/patients/covid-19",grazinginthegrass,covidlonghaulers,2,2020-07-25T01:42:45,t1_fz5hul4,comment,reddit,pushshift
fz5m0l5,hxc9h4,"My doctor has me on a BUNCH of stuff including recommending NAC today. I'm taking B12, L-Lysine, zine, C, D, an extended Z pack, CBD oil, pain relief curamin... honestly nothing really seems to touch it at all.

I got better and relapsed at least 2 or 3 times since May with this.

&amp;#x200B;

I have chronic EBV and another health issue and its just crazy how nothing will touch this.",grazinginthegrass,covidlonghaulers,1,2020-07-25T01:49:28,t1_fz5j49w,comment,reddit,pushshift
fz5t51z,hxc9h4,"Have you guys tried colostrum? I just got the NOW brand from Amazon. Taking 6 a day spaced out. That, fish oil, and zinc are the only things that helped me.",begemotsmauser,covidlonghaulers,1,2020-07-25T03:01:44,t1_fz5m0l5,comment,reddit,pushshift
fz5ugmw,hxc9h4,Thanks for the tip. I'll  look into that.,ResponsibleNovel5,covidlonghaulers,1,2020-07-25T03:15:47,t1_fz5t51z,comment,reddit,pushshift
fz5uwnn,hxc9h4,"Yeah, I sure hope they come up with a sure-fire cure for this. Carrot-kale juice seemed to help at one point, but I still relapsed. Its like this thing lays dormant sometimes but keeps clawing its way back into dominance in our  bodies.",ResponsibleNovel5,covidlonghaulers,2,2020-07-25T03:20:32,t1_fz5m0l5,comment,reddit,pushshift
fz78h3t,hxj35t,"You are definitely not alone! They just published a couple of articles today of long haulers and the possible percentage. It's just beginning studies and recognition - but at least it's a start!

[https://www.cdc.gov/mmwr/volumes/69/wr/mm6930e1.htm?s\_cid=mm6930e1\_w](https://www.cdc.gov/mmwr/volumes/69/wr/mm6930e1.htm?s_cid=mm6930e1_w)  


&gt;[https://www.nbcnews.com/health/health-news/monumental-acknowledgment-cdc-reports-long-term-covid-19-patients-n1234814](https://www.nbcnews.com/health/health-news/monumental-acknowledgment-cdc-reports-long-term-covid-19-patients-n1234814)",Rabjaffar,covidlonghaulers,3,2020-07-25T14:55:11,t3_hxj35t,comment,reddit,pushshift
fz79jai,hxc9h4,"I'm also paying out of pocket and realizing how much money I've spent on medications or paths that did not help me at all. After over 4 months of varying issues, symptoms and effects on various organs, I'm realizing I still have a lot of inflammatory responses happening in my body. I'm giving a grain of salt to any new diagnoses or recommendations to see experts (who know little about the prolonged version of Covid) unless I feel it's life threatening. For instance, my blood suddenly showed high levels of Rheumatoid Factor for arthritis and I was recommended to see a rheumatologist. I also was told to see a neurologist over some increasing ear pain. I have no other symptoms of RA and my ear pain is lessening after taking some anti-inflammatories. However, I did go to see a cardiologist over my heart pain and SOB which I felt were more serious. That led to a diagnosis of post-viral pericarditis.",Rabjaffar,covidlonghaulers,2,2020-07-25T15:05:35,t1_fz5lbzc,comment,reddit,pushshift
fz7a7f0,hx8e76,"So sorry you had to put your studies and job on hold! But that was def the right choice. Most likely if you'd pushed it, you would have made things worse - or at least felt worse. You can always go back to your studies. But your health is something that you might not get a second chance at if you push it too hard.

And as far as ppl not understanding, I've been sending articles to ppl whenever they asked how I was as a back up to help them understand this is real. There are more and more coming out now.",Rabjaffar,covidlonghaulers,3,2020-07-25T15:12:08,t1_fz4yrfh,comment,reddit,pushshift
fz7ahy0,hxb5rg,"Yes! I'm in South Africa right now and wine is a huge thing here. I've been ill since mid-March and not once have I had a desire to drink. And I used to have a glass in the evening every day. I did lose my smell/taste, but that's almost back and I still don't have any desire.

Interestingly, my friends who had Covid had the same experience but then knew they were back to normal when their desire came back. (Two weeks later for all of them.)

Lost my desire for red meat too which is weird.",Rabjaffar,covidlonghaulers,5,2020-07-25T15:14:57,t3_hxb5rg,comment,reddit,pushshift
fz7bcmh,hx8e76,Thank you for your kind words and you’re right. I’m going to try the article method.,Pisces_Queen86,covidlonghaulers,1,2020-07-25T15:23:16,t1_fz7a7f0,comment,reddit,pushshift
fz7bdf0,hx8irn,So sorry your second round is so bad! But really glad doctors are starting to take us more seriously. That was almost worse for me than any of the serious symptoms I've experienced. It would be worth asking your dr if there are any post-Covid studies happening in your area or in any of the hospitals that treated Covid. I just read an article that many hospitals are following the recovery of hospitalized patients but the demand has been so high from those who were forced to recover at home that they're starting to open up those studies or create new ones.,Rabjaffar,covidlonghaulers,2,2020-07-25T15:23:28,t3_hx8irn,comment,reddit,pushshift
fz7bt73,hx8e76,"Here are a couple to help you get started:)
https://www.cdc.gov/mmwr/volumes/69/wr/mm6930e1.htm?s_cid=mm6930e1_w


https://www.nbcnews.com/health/health-news/monumental-acknowledgment-cdc-reports-long-term-covid-19-patients-n1234814",Rabjaffar,covidlonghaulers,3,2020-07-25T15:27:39,t1_fz7bcmh,comment,reddit,pushshift
fz7mhxl,hxc9h4,"As someone dealing with a chronic illness waaay before COVID, the ""run around"" is very common. Luckily the 1k I've spent is at my 1 doctor.",grazinginthegrass,covidlonghaulers,1,2020-07-25T17:06:41,t1_fz79jai,comment,reddit,pushshift
fz7zqqy,hxoi71,"We need to skicky a FAQ at least because I answer a lot of the same questions over again on the other sub. Basic symptoms, relapsing, common supplements, etc. I personally don't like the idea of permenent discussions though on reddit because as time passes I find it confusing and difficult to network with people who posted weeks or months in the past",EmpathyFabrication,covidlonghaulers,2,2020-07-25T19:03:55,t3_hxoi71,comment,reddit,pushshift
fz9yhsx,hxvme1,Other countries get long term rehab centers and us in the USA are told it’s just a bad flu. I live in idaho on the border of Washington and it’s just a nightmare here. I drove past two weddings on my way to get more icy hot for my chest pain.,lvl0rg4n,covidlonghaulers,5,2020-07-26T05:37:58,t3_hxvme1,comment,reddit,pushshift
fzad8nm,hxvme1,"I've been wanting to suggest to local medical staff ""hey, what about...you know...some covid-specialists? Do they exist anywhere? Someone who actually knows about this thing?"" I feel the average guy that suffers from this virus and reads up on articles online and joins in on discussions on reddit or elsewhere has a broader understanding of this virus than the average doctor. Maybe not medically deeper, but at least more open minded to different scenarioes and the complexity of it. I fear the average doctor hardly have time to read up on it.

I understand it's all new and it takes a lot of time to read up and science is slow etc, but it's soon been 3/4 years since this thing started in China.",Chiaro22,covidlonghaulers,8,2020-07-26T09:34:35,t1_fz9yhsx,comment,reddit,pushshift
fzadnvj,hxywdm,"I have no idea but I think that being rational and insistent helped. I called many times till I got some testing. When a particular doctor didn't know what to do with me she send me to another place. 
If you don't have a positive test, just mention all your symptoms and your timeline, at this point if after listening your symptoms a doc tells you ""it was just the flu"". Run. You don't want that doctor. It happened to me, I told her that it didn't make sense and walked away.",hnanana,covidlonghaulers,1,2020-07-26T09:41:53,t3_hxywdm,comment,reddit,pushshift
fzaqiqg,hxvme1,"I've been sending good articles to my dr to help him understand it's not just me. He's been really open to this - especially now that he's seeing more patients like me. (I was his first Covid patient - but had to spend months (and thousands of dollars) looking at other possibilities because my test came back negative.) Now, he's very interested in learning. Sending him this article.",Rabjaffar,covidlonghaulers,5,2020-07-26T13:06:18,t1_fzad8nm,comment,reddit,pushshift
fzaqm0f,hxywdm,"Just wrote this in the post about the interview with the Covid19 Specialist.

I've been sending good articles to my dr to help him understand it's not just me. He's been really open to this - especially now that he's seeing more patients like me. (I was his first Covid patient - but had to spend months (and thousands of dollars) looking at other possibilities because my test came back negative.) Now, he's very interested in learning.",Rabjaffar,covidlonghaulers,1,2020-07-26T13:07:29,t3_hxywdm,comment,reddit,pushshift
fzaqvix,hxywdm,"It also depends on what you want to accomplish. If you want them to know how extensive the post-Covid aftermath is, then you need to give all your symptoms to him/her - but try and organize them into some sort of categories. 

But if you want treatment, the best approach I find is to just deal with symptoms specific to what you're worried about. (ex. all those related to breathing). Otherwise doctors usually become overwhelmed and you risk an anxiety diagnosis.",Rabjaffar,covidlonghaulers,3,2020-07-26T13:10:48,t1_fzadnvj,comment,reddit,pushshift
fzarsu3,hy12qc,"Your story sounds typical of what most long haulers experience if they didn't get a positive test result to begin with. Unfortunately, the test is quite unreliable and changes in its ability to detect the virus depending on which day you take it. (There are studies that show each day's percentage reliability and it changes significantly depending on how close to infection you take it.) I'm not even bothering with antibody tests as the results are also very flawed. (You can find lots about this in other posts and, more reliably, in online searches.)

As for your own journey, at this point, trust your instincts (and the evidence your body is telling you) and ignore the gaslighting you've been getting from doctors. You'll never get a positive diagnosis now, so focus on what's disturbing you instead. If you have symptoms you're worried about, just deal with doctors about those specific ones instead of trying to convince them you have/had Covid. If you're more worried about why you're not getting better, no one has answers yet. In that case, I would join one of the rising number of Covid support groups that are out there. There are multiple thousands of us out there - at the very least!

[https://www.c19recoveryawareness.com/support](https://www.c19recoveryawareness.com/support)",Rabjaffar,covidlonghaulers,2,2020-07-26T13:22:13,t3_hy12qc,comment,reddit,pushshift
fzasujy,hxywdm,"Yeah, all doctors say anxiety. *They* pick and choose the symptoms that can be anxiety related and seemingly ignore all the other ones.",SlaveToBunnies,covidlonghaulers,3,2020-07-26T13:34:44,t1_fzaqvix,comment,reddit,pushshift
fzaudwe,hy73nr,"Hello! I've had COVID-19 symptoms since early March. They have waxed and waned, but recently I was pressured to physically go back to both of my jobs and I worked several 15 hour days. My body said ""no thank you,"" and now I am back to where I was over a month ago, symptom-wise. My chest is very tight, it hurts, I feel like I can't take a deep breath (and that I am always short of breath), GI issues, and my heart is doing stupid things often (like racing for no reason). Any bit of physical activity knocks me out. I am 27/female, and previous to COVID-19 I was pretty healthy and had no precious health conditions.
The ER doctor I saw early on (in mid-April, because I kept waiting and hoping I'd get better) said I had COVID-19, but the X-Ray they took at that time was clear, the echocardiogram done on my heart was apparently fine, and two male doctors I've seen since think I just have anxiety (I don't). Even the doctor who identified my symptoms as COVID-19 didn't have much to offer - just ""rest and take pain meds"" (the latter of which I avoid, because it barely seems to help and only causes my stomach, liver and kidneys to throw a fit). I quit one of my jobs three days ago, but this relapse is hitting me hard. Word of advice to my fellow long-haulers - don't push yourself when you are ""80% better"" like I thought I could. Rest, rest, rest! Or else!",vistarmonei,covidlonghaulers,4,2020-07-26T13:52:43,t3_hy73nr,comment,reddit,pushshift
fzb4pp7,hy5768,"Thank you so much for taking the time to post this. I found it extremely helpful. I'm on week 16 and have been feeling better but still not myself. Please keep us updated on lymphatic drainage treatment. I'm particularly concerned about the massage techniques. Are you based in the UK? I'm in NY so was curious of locations for help. Also, your comment on the vagus nerve is interesting to me - for weeks I have been sensitive to drinking water and it was hard to explain the feeling.  When I would drink water, it almost felt like a rush of water to my head similar to having something cold to drink (brain freeze). I did a lot of research and kept hitting the vagus nerve on google. Every day I pray to feel like myself again. Good luck!",naiomim,covidlonghaulers,3,2020-07-26T15:33:49,t3_hy5768,comment,reddit,pushshift
fzb5pyu,hy73nr,"I’m going through the same thing, tested positive in March, got better after a few week, and have had several “relapses” mostly debilitating headaches, fatigue, brain fog. It’s mentally exhausting, I’ve just accepted this as a new norm for now and hope it passes. Here is a great video on the subject [Covid Relapse ](https://youtu.be/6kWZEA6On9U)",mindurbizz,covidlonghaulers,2,2020-07-26T15:42:34,t3_hy73nr,comment,reddit,pushshift
fzb5s0l,hy73nr,"Ha! I have tube socks filled with rice strategically placed throughout the house so when the pain starts, I don’t have to look far for relief. I’m sorry that you’re here with us, but welcome.",lvl0rg4n,covidlonghaulers,2,2020-07-26T15:43:03,t3_hy73nr,comment,reddit,pushshift
fzb8rjm,hxb5rg,"Me too, but my PTSD is from tacos.

Was eating very healthy for 2 months after getting sick but broke down and ordered unhealthy tacos one weekend... almost died, may never eat tacos again.",likelyalreadybanned,covidlonghaulers,2,2020-07-26T16:08:35,t1_fz5igz2,comment,reddit,pushshift
fzb9t6l,hy5768,"I'm glad you found it helpful! I'm in the UK and also I've been cautious about massages but well, it's been 4 months so I'd rather try something new. In some point it makes sense to me to help the body expel toxins, as I now feel that I reached some kind of post viral stage. I'll update how it goes!",hnanana,covidlonghaulers,1,2020-07-26T16:17:45,t1_fzb4pp7,comment,reddit,pushshift
fzbd75y,hxb5rg,"Surprised I don't feel that way about desserts. Was eating clean-no sugars- and when I ate a huge Costco cake slice all my issues came roaring back. Immediately got a hoarse voice, started coughing, had GI issues, fatigue, etc. After that, slowly introduced sugars back and now I'm okay eating desserts but I don't eat a lot. Same reaction to alcohol during my relapses and to a strong drink (2nd drink) I had a while back. 

The key is a slow introduction to all the bad stuff. Baby steps...which is kind of annoying but oh well.",RemoteEmote,covidlonghaulers,1,2020-07-26T16:45:47,t1_fzb8rjm,comment,reddit,pushshift
fzbgpgx,hy12qc,"I first got sick in March.

GI issues, fever, diareeha, body aches, fatigue, body pains, palpitations, nausea, eye pain/burning, metallic taste, smokey smells, inner nostrils swelling, loss of appetite and lost weight, shortness of breath, constipation, chest/heart pains, lack of sleep, headaches, acid reflux/heartburn, strange realistic dreams/nightmares, body twitches, brain fog.

Those are just off the top of my head

In March at the hospital they didn't test me then because I was under 65, havent been to China and I wasn't dying

Its July now. Ive been through FOUR waves since. Still experiencing symptoms. Been to 3 different hospitals for 11 ER visits.

I've had 2 negative covid tests and negative antibodys. So no matter how bad my symptoms get ""it's Just anxiety"" ""it's Just allergies""

I know in my heart I would of tested positive if i would of got tested in my first 2-3 weeks",Straight_Carpet,covidlonghaulers,4,2020-07-26T17:14:13,t3_hy12qc,comment,reddit,pushshift
fzbhjo5,hxywdm,"Ive been to 3 different hospitals for ELEVEN ER visits within 2 months...

GI issues, fever, diareeha, body aches, fatigue, body pains, palpitations, nausea, eye pain/burning, metallic taste, smokey smells, inner nostrils swelling, loss of appetite and lost weight, shortness of breath, constipation, chest/heart pains, lack of sleep, headaches, acid reflux/heartburn, strange realistic dreams/nightmares, body twitches, brain fog.

""Its just anxiety"" ""It's just allergies""

I tried...eleven times...

EDIT: I got sick in March. Been through 4 waves since. Still experience symptoms.",Straight_Carpet,covidlonghaulers,1,2020-07-26T17:21:10,t3_hxywdm,comment,reddit,pushshift
fzbi7kv,hxj35t,"Im 28male got sick in March.

Been through 4 waves since. 

Been to 3 different hospitals for 11 er visits. 
""its just anxiety/allergies""

I quit going back.

I still get symptoms but the waves aren't lasting as long",Straight_Carpet,covidlonghaulers,1,2020-07-26T17:26:38,t3_hxj35t,comment,reddit,pushshift
fzblcnt,hxywdm,"I'm sorry :'(. I assume they conducted tests and they came out fine? The dreams is probably not part of illness because apparently many people are having that.

I don't have waves; it's on-going with new symptoms every week.",SlaveToBunnies,covidlonghaulers,1,2020-07-26T17:52:45,t1_fzbhjo5,comment,reddit,pushshift
fzblvdj,hxywdm,[deleted],[deleted],covidlonghaulers,1,2020-07-26T17:57:04,t1_fzbhjo5,comment,reddit,pushshift
fzbmptf,hxywdm,"The first so many times i went to hospital they did tests and they said my blood ox was ok and lungs were fine but i had an abnormal EKG and low potassium. Last few times they refused to do any tests because ""my tests were fine last week so no medical need"" as my symotoms were feeling worse. I gave up going back.

All of my symptoms came and gone at different points with different mixes of symptoms.

FIRST WAVE: GI issues, diareeha, fever, fatigue, chest pressure, aches, loss of appetite
Lasted 2 weeks

Felt better for a week or 2.

SECOND WAVE (worst part): chest/heart pain, SOB, body pains, eyes burning, metallic taste, smokey smells
Lastee 2-3 weeks

Felt better for a week or so

THIRD WAVE: Palpitations, no sleep, acid reflux/heartburn, brain fog
Lasted about 2 weeks

Felt great for over a month

FOURTH WAVE: Palpitations, body aches, nostrils swelling, strange dreams/nightmares, chlorine taste/smells.

Just getting over fourth wave. It pisses me off more than anything for people to blow this off as ""just anxiety"" ive had panic attacks/anxiety before. That aint shit compared to this.

Im grateful that Its not as terrifying as 2nd wave. It still sucks though. 

We didnt do anything to deserve this hell.",Straight_Carpet,covidlonghaulers,1,2020-07-26T18:04:10,t1_fzblcnt,comment,reddit,pushshift
fzbrs26,hyao2p,"I encourage any doctor who thinks this is anxiety to read the bunch of research and testimonies that I posted today and tell me after that, again, do you think this could be anxiety? If you search in different countries, different languages, you'll find the same story. Over and over again. I just accepted that there are WAY MANY bad doctors out there and I appreciate 100% more the ones who listen.",hnanana,covidlonghaulers,11,2020-07-26T18:46:59,t3_hyao2p,comment,reddit,pushshift
fzbwmpp,hy73nr,What exactly  do you do with these socks? 🤔,ResponsibleNovel5,covidlonghaulers,1,2020-07-26T19:28:14,t1_fzb5s0l,comment,reddit,pushshift
fzbx3iw,hy73nr,You heat them up in the microwave and they retain heat for a while. I like them better than heating pads because I don’t have any outlets near my couch,lvl0rg4n,covidlonghaulers,1,2020-07-26T19:32:12,t1_fzbwmpp,comment,reddit,pushshift
fzc61im,hy73nr,"Ah, got it. That sounds like a great idea. I just do hot showers.",ResponsibleNovel5,covidlonghaulers,1,2020-07-26T20:50:02,t1_fzbx3iw,comment,reddit,pushshift
fzc62si,hy12qc,"Thank you! I was wondering if I should just start focusing on each issue that might be able to be helped. I have some family members really pushing me to advocate for myself and force the Drs to agree this is what it is, but I wanted outside perspective because I wasn't sure it would make a huge difference in treatment if they didn believe me.",Kuromi87,covidlonghaulers,1,2020-07-26T20:50:21,t1_fzarsu3,comment,reddit,pushshift
fzc6cx7,hy12qc,"I'm sorry. It really is frustrating that they won't take the time to look past the test and really pay attention to symptoms that you have that match up with so many others. A little validation might not change the treatment, but it would still help a little for those of us struggling with this.",Kuromi87,covidlonghaulers,3,2020-07-26T20:52:50,t1_fzbgpgx,comment,reddit,pushshift
fzc6xx7,hy73nr,"My heart lit up when I found out today that r/covidlonghaulers existed. When the first post I open is THIS, I was overjoyed. Lol thankful for the dark humor, vistarmonei.  


26/Female, tested negative but presumed positive by my doctor on May 20,  symptoms started May 13th. I was the most healthy and physically strong I have ever been in my life before that. I was a manager at a vineyard, and physical strength and endurance were required for running a winery while also having a hands on role in the wine production. I was bed ridden for over a month. Never went to the ER or urgent care, but my boyfriend took care of me around the clock and I am fortunate enough to have an amazing GP who has been seeing me regularly and helping me through this. As a sommelier and someone who's career is in wine, losing my sense of smell and this whole journey has been terrifying. But I know it's terrifying for everyone. This sucks.

 Now just fighting through these waves of relapses. I have gotten a lung x-ray(normal), EKG(normal), 5 day course of prednisone in June, ANA test (negative), thyroid test(T4 on low side), holter monitor for 48 hrs. From the holter monitor and testing bp while laying/sitting/standing, my doctor believes that covid has somehow caused POTS. I am seeing a cardiologist this Friday, hoping to get some answers.  


Still unable to work. Having to rethink my career choices and consider finding an office job.",alfal94,covidlonghaulers,2,2020-07-26T20:57:55,t1_fzaudwe,comment,reddit,pushshift
fzccs7t,hxj35t,Thank you for the links. I hope my doctor does the required tests.,Heathqs1,covidlonghaulers,1,2020-07-26T21:49:19,t1_fz78h3t,comment,reddit,pushshift
fzcctra,hxj35t,The upper left chest pain will not go away.,Heathqs1,covidlonghaulers,1,2020-07-26T21:49:43,t1_fzbi7kv,comment,reddit,pushshift
fzcgsk8,hyfho8,4 months here too but my petechiae seem to be going away. My veins are also more blue and they seem to swell up more in hot weather especially hands and feet.,EmpathyFabrication,covidlonghaulers,5,2020-07-26T22:25:29,t3_hyfho8,comment,reddit,pushshift
fzch4mv,hy94oc,I have not been sleeping well these last few weeks. I will occasionally do this too but I feel tired. I feel like I'm only sleeping about 2-3h per night but I must be getting more because I don't feel exhausted during the day. I'm going to try sleeping upright tonight.,EmpathyFabrication,covidlonghaulers,2,2020-07-26T22:28:34,t3_hy94oc,comment,reddit,pushshift
fzcreze,hyfho8,"Mine are gone, too. I feel like the blue veins popped up in my palms, too. I have the same hot weather issues, especially with my palms. They got itchy on a super hot day.",RemoteEmote,covidlonghaulers,2,2020-07-27T00:07:01,t1_fzcgsk8,comment,reddit,pushshift
fzcrmgc,hy94oc,I feel like we have parallel recoveries lol. I hope your insomnia gets better! I'd have a narcoleptic crash at work with just 2-3 hours of sleep.,RemoteEmote,covidlonghaulers,2,2020-07-27T00:09:05,t1_fzch4mv,comment,reddit,pushshift
fzcs15y,hyfho8,"This illness is to help us become medical doctors. You research all the possible things you can have and learn so many new terms and illnesses. You also learn or confirm where all your organs are located. Now, you can learn where all your veins are located.",SlaveToBunnies,covidlonghaulers,7,2020-07-27T00:13:07,t3_hyfho8,comment,reddit,pushshift
fzctdkc,hy94oc,"Thanks. Its the weirdest thing I sleep normal for 3 hours. Then ""sleep"" where I feel like I'm aware but sleeping till 6 or 7 my normal time I would get up for work. Then I can get deep sleep again if I want till about 9 but if I do that I wake up with major sleep inertia. But at least I'm having restorative aleep again.",EmpathyFabrication,covidlonghaulers,2,2020-07-27T00:26:44,t1_fzcrmgc,comment,reddit,pushshift
fzctkg8,hy94oc,What's sleep inertia?,RemoteEmote,covidlonghaulers,1,2020-07-27T00:28:41,t1_fzctdkc,comment,reddit,pushshift
fzcvdmz,hy94oc,Its that feeling you get when you wake up all groggy and sleepy like. I'm a lot slower waking up in the mornings.,EmpathyFabrication,covidlonghaulers,1,2020-07-27T00:47:19,t1_fzctkg8,comment,reddit,pushshift
fzdkrid,hyhgok,"Ask in r/asknyc and r/nyccoronavirus, I bet you'll find people who have been there.",runawayoldgirl,covidlonghaulers,1,2020-07-27T05:27:27,t3_hyhgok,comment,reddit,pushshift
fze3745,hy12qc,"Unfortunately, the vast majority of long term Covid sufferers have not had great experiences with the medical community. It's all new to them too and unheard of that all these issues are still going on after the official ""two weeks"". Easier to give an anxiety diagnosis. 
The last couple of weeks were the first in which officials are now acknowledging that our group exists.
Most ongoing sufferers get a lot more support and ideas for how to deal with symptoms through social media groups of ppl experiencing the same/similar. The Body Politic group on Slack organizes its conversations into channels - such as Respiratory, GI, Neuro, Circulatory, etc.",Rabjaffar,covidlonghaulers,3,2020-07-27T10:25:31,t1_fzc62si,comment,reddit,pushshift
fze3ykj,hyfho8,I'm 4 months in too. Most of the petechiae and purpura went away for me a few weeks ago. I still get random ones but those and my swollen veins happen much less now.,Rabjaffar,covidlonghaulers,1,2020-07-27T10:38:21,t3_hyfho8,comment,reddit,pushshift
fze45eo,hyhgok,"If you have a local doctor you're dealing with, maybe ask them to see if there are any studies closer to home? A lot of hospitals are doing follow ups with their hospitalized Covid patients. But there's been increasing pressure for those to include sufferers who were not admitted.",Rabjaffar,covidlonghaulers,1,2020-07-27T10:41:32,t3_hyhgok,comment,reddit,pushshift
fze4lax,hyao2p,This is a live survey of the top 100 symptoms experienced by long term sufferers on FB. Shows what are the common ones and how many unusual ones there are too. [https://www.facebook.com/groups/COVID19survivorcorps/permalink/750934198988775/](https://www.facebook.com/groups/COVID19survivorcorps/permalink/750934198988775/),Rabjaffar,covidlonghaulers,6,2020-07-27T10:48:45,t3_hyao2p,comment,reddit,pushshift
fze4s2g,hy73nr,"Wow, and extra hard for your career choice since alcohol causes inflammation and tends to make ppl relapse. Good luck!!",Rabjaffar,covidlonghaulers,1,2020-07-27T10:51:46,t1_fzc6xx7,comment,reddit,pushshift
fzehm9w,hyfho8,Haha yes! 😐,vi68,covidlonghaulers,1,2020-07-27T13:33:04,t1_fzcs15y,comment,reddit,pushshift
fzel98i,hyrtzy,"I wonder which tests do we need to find this. My inflammatory markers and d-dimer were normal. For me this inflammatory stage triggers me rashes only with certain foods and the muscular pain is really mild, I'm not even taking pain killers (thank god). I've been into an antiflammatory diet for 2 months and 4 months since catching it.",hnanana,covidlonghaulers,3,2020-07-27T14:08:03,t3_hyrtzy,comment,reddit,pushshift
fzf5xjj,hyuy72,"I am 130+ days in. Still have lingering symptoms (cough, fatigue, shortness of breath).

I switched to an anti-inflammatory diet a week ago, and felt a lot better almost immediately. I highly recommend others try it, see if they get results.

For me, the diet has been lots of rice, beans, chicken, fish, nuts, veggies, gluten-free pasta. Very little fruit. No sugar, caffeine, alcohol, gluten, or processed foods.",hellomisteralex,covidlonghaulers,5,2020-07-27T16:59:06,t3_hyuy72,comment,reddit,pushshift
fzf6151,hyuy72,"Well I'm eating an antiflammatory diet because everytime I eat something crappy or just a little bit ... funny? I got a red itchy rash. I've been told that could be mast cell activation, who knows. 
Sticking to [this diet ](https://www.reddit.com/r/COVID19positive/comments/hy570f/resources_and_research_about_longcovid/fzbxy8l?utm_medium=android_app&amp;utm_source=share) has been so far so good, 2 months since I started it. In general I don't have any GI issue and my energy it's sloooowly coming back. Tho just today a massagist told me that my lymph vessels were inflamated (and I feel it, mild pain a few times a day) and that I need to stick to no-sugar an antiflammatory.",hnanana,covidlonghaulers,6,2020-07-27T16:59:55,t3_hyuy72,comment,reddit,pushshift
fzfamdj,hyuy72,I have been eating raw foods and not snacking on anything other than fruit and noticed no difference :C,grazinginthegrass,covidlonghaulers,3,2020-07-27T17:36:26,t3_hyuy72,comment,reddit,pushshift
fzfcmf4,hyuy72,"Avoiding sugar has been necesssary and when blueberry season started the berries I ate made me have awful insomnia that I'm still dealing with weeks later. Though it doesn't seem to hurt me as much now. I've been craving milk, meat, and butter lately for some reason maybe my body is trying to repair itself. I grow most of my own food so I was already pretty low inflammation to begin with I think. That may be why I haven't had any bad relapses or lung issues.",EmpathyFabrication,covidlonghaulers,2,2020-07-27T17:52:06,t3_hyuy72,comment,reddit,pushshift
fzfe4kb,hywklj,"Try magnesium threonate and maybe coq10 and omega oil. I supplement heavy with magnesium and omega for previous joint pain and I've had little to no headaches, vibrations, or joint pain that a lot of people seem to get. Coq10 seems to be helping to clear the fog but I'm not sure.",EmpathyFabrication,covidlonghaulers,2,2020-07-27T18:03:46,t3_hywklj,comment,reddit,pushshift
fzffebw,hywklj,"I had neuropathy-type issues and my blood work from before (thyroid and glucose) were fine. Did a urine test later and that was fine for glucose, too. My doctor wanted me on neuropathy drugs and get checked out by a neurologist but I insisted on correcting it with diet and supplements. She did a folate and B12 test and my B12 was at the lowest range possible. She put me on B12 supplement regimen and my neuropathy seems to be decreasing significantly. Maybe get that checked?",RemoteEmote,covidlonghaulers,2,2020-07-27T18:13:33,t3_hywklj,comment,reddit,pushshift
fzffgc4,hywklj,"That is great, thank you! I will give both a try!",shmimps,covidlonghaulers,1,2020-07-27T18:13:58,t1_fzfe4kb,comment,reddit,pushshift
fzfhyod,hywklj,I would definitely follow up with the neurologist. I found a vitamin B complex helped with my brain fog.,naiomim,covidlonghaulers,4,2020-07-27T18:33:03,t3_hywklj,comment,reddit,pushshift
fzfx8ku,hywklj,"Vitamin B Complex has been the biggest help with my lack of focus/brain fog/memory.

I have been taken Vitamin B Complex for the last 1.5 months, in addition to several other supplements  + vitamin. Since 7/20/2020, I began adding Juice+ to my daily regiment, which I  believe has had an incredibly positive effect on my brain fog. I feel much more sharp and like myself.",alfal94,covidlonghaulers,3,2020-07-27T20:33:58,t3_hywklj,comment,reddit,pushshift
fzg4jis,hyrtzy,"Has there been any indication that someone could die from COVID-19 months and months after getting it, though?... asking for myself",vistarmonei,covidlonghaulers,7,2020-07-27T21:33:26,t3_hyrtzy,comment,reddit,pushshift
fzicqzi,hywklj,And I also recommend B12. I think it helped this weird facial numbness symptom I had at week 5. I was taking a sublingual that had some ridiculous amount like 10K% dv,EmpathyFabrication,covidlonghaulers,1,2020-07-28T13:17:22,t1_fzffgc4,comment,reddit,pushshift
fzijaps,hywklj,Thanks for this! I'll definitely give it a try.,shmimps,covidlonghaulers,1,2020-07-28T14:20:25,t1_fzfx8ku,comment,reddit,pushshift
fzijbqt,hywklj,"That's great advice, I will follow up with my GP. Thank you!",shmimps,covidlonghaulers,1,2020-07-28T14:20:40,t1_fzffebw,comment,reddit,pushshift
fzijd4v,hywklj,"Thank you! It seems like this is the consensus, I will give B complex a try!",shmimps,covidlonghaulers,1,2020-07-28T14:21:02,t1_fzfhyod,comment,reddit,pushshift
fzk43gn,hznrqo,Is that green tea with or without caffeine?,Chiaro22,covidlonghaulers,1,2020-07-28T22:02:16,t3_hznrqo,comment,reddit,pushshift
fzk4qhx,hznrqo,"Second the NAC, my doc put me on it and my pain and lung problems def subsided the last 3 days. Not sure if it will end up coming back.",grazinginthegrass,covidlonghaulers,1,2020-07-28T22:07:50,t3_hznrqo,comment,reddit,pushshift
fzk5uu0,hznrqo,With caffiene. I don't think I can drink coffee yet but I can handle 1-2 bags of green tea in the morning,EmpathyFabrication,covidlonghaulers,1,2020-07-28T22:17:23,t1_fzk43gn,comment,reddit,pushshift
fzk65sh,hznrqo,I took 3 600mg NAC pills 20 mins before meals for the firat 2 weeks and then cut back to 2 pills a day. It took 2 weeks but it pretty much knocked out all my lung problems and they haven't been back,EmpathyFabrication,covidlonghaulers,1,2020-07-28T22:20:00,t1_fzk4qhx,comment,reddit,pushshift
fzk69qx,hznrqo,"OK, thanks.",Chiaro22,covidlonghaulers,1,2020-07-28T22:20:58,t1_fzk5uu0,comment,reddit,pushshift
fzk84vg,hznrqo,Thats great. I am still rocky but just started it 2 or 3 days ago. My doc has me on 600mg twice a day. Today I forgot to take any of my pills. Icky.,grazinginthegrass,covidlonghaulers,1,2020-07-28T22:37:03,t1_fzk65sh,comment,reddit,pushshift
fzk8ptr,hzkeu9,"I got prednisone + an antibiotic at 1 month, when they thought it might be a bacterial infection. It didn't seem to do much.",Selerax,covidlonghaulers,3,2020-07-28T22:42:03,t3_hzkeu9,comment,reddit,pushshift
fzkeeu5,hznrqo,Mega mushrooms mix powder knocked out my neurological symptoms within a week.,triangular_evolution,covidlonghaulers,2,2020-07-28T23:32:53,t3_hznrqo,comment,reddit,pushshift
fzkkb3w,hywklj,"This is not an ideal solution but when my buzzing/electric sensations were at their worst and were completely preventing me from sleeping, my neurologist put me on benzodiazepines (ativan, clonazepam) and they helped immensely. Basically stopped the buzzing almost completely. I was on them for a few weeks and then was able to taper off. But benzos are very high risk, very addictive, and if you do develop a dependency, extremely hard to get off of. But they really saved my bacon. It's a last resort. Try everything else first.",penguina83,covidlonghaulers,1,2020-07-29T00:26:50,t3_hywklj,comment,reddit,pushshift
fzkkzv9,hyfho8,"Look up vasculitis. Covid-19 is, in essence, an endothelial disease (that is, it causes inflammation and dysfunction of the inner lining of vessels). What you have is endotheliitis/vasculitis. I have the same symptoms. I don't know if it's due to postviral inflammation, or persistent viral infection. I don't know how best to treat it. My rheumatologist doesn't believe me. But these are all symptoms of vasculitis. It's typically treated with immunosuppressants/steroids. But obviously, your doctor has to prescribe those, and they won't prescribe them without a really good reason. With normal labs (mine have been mostly normal also) that's a really hard sell. I'm seeing a naturopath now, who is going to try to help me with the inflammation, she agrees that there's definitely a vasculitis component.",penguina83,covidlonghaulers,1,2020-07-29T00:33:10,t3_hyfho8,comment,reddit,pushshift
fzkog4p,hyfho8,Did you have a C- reactive protein test done?,YetiDancer,covidlonghaulers,1,2020-07-29T01:05:27,t1_fzkkzv9,comment,reddit,pushshift
fzkozp6,hznrqo,"NAC
CBD 
Sambucus 
Multivitamin 
Iron pill 
Vitamin C 
Milk Thistle occasionally
TCM herbs given by a practitioner",maybeificry,covidlonghaulers,1,2020-07-29T01:10:39,t3_hznrqo,comment,reddit,pushshift
fzkp1f2,hznrqo,What brand?,maybeificry,covidlonghaulers,1,2020-07-29T01:11:06,t1_fzkeeu5,comment,reddit,pushshift
fzkqrih,hznrqo,"[Organic mega mushrooms](https://www.amazon.com/dp/B07RG8MMXW)  
I took [Lion's mane](https://www.amazon.com/dp/B07Q5DZJTK) separately as well.",triangular_evolution,covidlonghaulers,2,2020-07-29T01:27:22,t1_fzkp1f2,comment,reddit,pushshift
fzkqyym,hznrqo,Did any in particular stand out?,EmpathyFabrication,covidlonghaulers,1,2020-07-29T01:29:20,t1_fzkozp6,comment,reddit,pushshift
fzkrbnw,hznrqo,Second time I've seen lions mane mentioned. What did it do for you? I grew it last year and made a number of teas with the flowers but I was too sick to have much of a garden this year.,EmpathyFabrication,covidlonghaulers,1,2020-07-29T01:32:39,t1_fzkqrih,comment,reddit,pushshift
fzksps0,hznrqo,"I had neurological symptoms: short term memory was weak, couldn't focus on work, I was having lapses/absense of 3-5 seconds where mind goes completely numb/no thoughts, was very scary. I think it's called delirium, not sure.  
All cleared after a week of taking mega mushrooms &amp; lion's mane.  
  
And recently, this [scalp massage](https://www.reddit.com/r/COVID19positive/comments/hwr0w2/potential_cure_for_some_long_haulers_w_postviral/) is doing wonders in reducing my resting HR &amp; reducing stiffness in neck muscles(mild meningitis).  
  
Currently I'm left with HR issues &amp; plantar fasciitis as major symptoms. My o2 levels are good(96-99) &amp; energy has been improving since mid June.",triangular_evolution,covidlonghaulers,3,2020-07-29T01:45:41,t1_fzkrbnw,comment,reddit,pushshift
fzkus1c,hyfho8,"Holy crap I am having the same things at about the same timeline. It sucks, but it’s reassuring to know I’m not the only person that is seeing the vascular superhighway. I have it especially in my arms and they definitely go in waves of feeling swollen or stiff.",DGlennH,covidlonghaulers,2,2020-07-29T02:05:05,t1_fzkkzv9,comment,reddit,pushshift
fzkuvhe,hyfho8,Same. Summer weather has been hellish.,DGlennH,covidlonghaulers,1,2020-07-29T02:06:00,t1_fzcgsk8,comment,reddit,pushshift
fzl8rbe,hznrqo,"These are the things I'm pretty sure are helping:

multivitamin - brain fog started getting better instead of worse when I started this in April

boswellia serrata - antiinflammatory, helps lower my constant low-grade fever and also seems to help with brain fog

reishi extract (dual water/alcohol extract) - helped with the insomnia, also has some research showing anti-viral effects

I also made improvements when I started these, but I don't know if the timing was a coincidence:

grape seed extract: strong antioxidant

whey protein: extra protein speeds healing, and whey protein may increase glutathione (antioxidant) levels

I'm also taking:

vit. D and K2  
magnesium taurate  
COQ10  
astaxanthin  
lion's mane mushroom extract (for neuro issues, it's best if this is a dual water/alcohol extract--most are not)  
acetyl l-carnitine  
bacopa monnieri extract  
quercetin  
fish oil  
turmeric (3x per day)

Lots of these are brain supplements, and I think they're helping, but I can't pinpoint which ones are having an effect.",wild_grapes,covidlonghaulers,2,2020-07-29T04:24:54,t3_hznrqo,comment,reddit,pushshift
fzl9jg6,hyfho8,"yes and it was totally normal. Very frustrating. But other inflammatory markers were abnormal, like SPEP. And I had low albumin (which can be caused by inflamed/leaky vessels) My rheumatologist wasn't as convinced by those though, unfortunately. They're nonspecific lab findings.",penguina83,covidlonghaulers,1,2020-07-29T04:33:41,t1_fzkog4p,comment,reddit,pushshift
fzlc8sr,hyfho8,"Yeah things seem to be slowly improving, the peripheral neuropathy in my legs is getting a little better, though I can't cross my legs for any period of time because they go numb almost immediately. I have a feeling that I'll have some vascular compromise for the rest of my life. But hopefully it won't impede things too much. If I get the swelling I just apply a cold pack. I'm seeing a naturopath, who has me on an anti-inflammatory regimen. (I can't remember if I already commented this, I have covid brain). I recommend seeing a naturopath if you have the funding to do so. You can always DM me for more info if you'd like more details about what she's doign for me.",penguina83,covidlonghaulers,1,2020-07-29T05:06:09,t1_fzkus1c,comment,reddit,pushshift
fzlegbx,hzkeu9,"I've been stuck in bed since March and steroids are the only reason I'm starting to improve. 11/10 recommend.

I have done 5 day courses of prednisone that helped, but symptoms came back after stopping.

I'm on 3 months of dexamethasone now and it is working like a charm. After about 4 months my headaches got so bad I couldn't walk. It felt like someone had rubbed my organs in broken glass and acid around the clock. I had crazy joint pain. Inflammation of the blood vessels in my brain. Tinnitus and ear pain. Steroids made it all stop.",galangal_gangsta,covidlonghaulers,3,2020-07-29T05:35:02,t3_hzkeu9,comment,reddit,pushshift
fzlegzd,hzkeu9,"Hi starting to improve. 11/10 recommend.

i have done 5 day courses of prednisone that helped, but symptoms came back after stopping.

, I'm dad.",BadDadBot,covidlonghaulers,1,2020-07-29T05:35:17,t1_fzlegbx,comment,reddit,pushshift
fzlfqj1,hznrqo,"Omg I’ve had neck stiffness for months and brain fog. Gonna try these, thanks!",BW4LL,covidlonghaulers,1,2020-07-29T05:52:32,t1_fzksps0,comment,reddit,pushshift
fzlwyxi,hznrqo,I used liquid turmeric for awhile and it really helped my GI symptoms. How long have you had the fever? I still find that I have one around 99 sometimes even 4 months later but I'm not sure if that was normal for me before or not.,EmpathyFabrication,covidlonghaulers,2,2020-07-29T10:31:05,t1_fzl8rbe,comment,reddit,pushshift
fzmdpl3,hznrqo,Definitely the herbs my acupuncturist gave me and the NAC,maybeificry,covidlonghaulers,1,2020-07-29T13:57:11,t1_fzkqyym,comment,reddit,pushshift
fzmee4m,hyrtzy,D dimer is a test for blood clots correct? I was thinking about getting one. Did your regular doctor order it for you?,StatusYear,covidlonghaulers,1,2020-07-29T14:03:40,t1_fzel98i,comment,reddit,pushshift
fzmfjjr,i0169i,I found some relief with aspirin when I was at your stage. It relieved or got rid of a lot of my symptoms. But it can be really hard on the stomach and can be a problem if you have other conditions or take medication. Check with your dr if you try this.,Rabjaffar,covidlonghaulers,1,2020-07-29T14:14:23,t3_i0169i,comment,reddit,pushshift
fzmg8z3,hyfho8,I am 3 months in and I notice dark blue veins on my face and neck. Was so worried about this. I went to the emergency and they did a d dimer test and chest x-ray and blood work. Wondering if there is any other testing I should get? Extremely worried about blood clotting and I can't take aspirin. I am on colchicine for peracaditis and inflammation.,kkangel2473,covidlonghaulers,1,2020-07-29T14:20:53,t3_hyfho8,comment,reddit,pushshift
fzmgabt,hzkeu9,Tried dexamethasone and that did not help me.,zegezege,covidlonghaulers,2,2020-07-29T14:21:14,t3_hzkeu9,comment,reddit,pushshift
fzmgegk,i0169i,How long have you been sick?,kkangel2473,covidlonghaulers,1,2020-07-29T14:22:16,t1_fzmfjjr,comment,reddit,pushshift
fzmh33p,hzkeu9,"I took prednisone for inner ear inflammation and liquid buildup that was causing pain with Covid. I started feeling worse with flu-like symptoms. I'm not sure if it helped or if my ear issues would have cleared up after that time anyway. But I'm in less pain after taking them for 5 days.

Warning though: Don't take prednisone with NSAIDS as that combo can be extremely harsh on the stomach and can cause severe issues. (A specialist said it could send a person to the ER.)",Rabjaffar,covidlonghaulers,2,2020-07-29T14:28:26,t3_hzkeu9,comment,reddit,pushshift
fzmhgkl,i0169i,"Can I ask how old are you? I thought about taking aspirin, but since I am 25, I am worried about Reye’s syndrome.",StatusYear,covidlonghaulers,1,2020-07-29T14:31:49,t1_fzmfjjr,comment,reddit,pushshift
fzmhuz7,hyfho8,"Do you happen to know how much your ER visit was? I don’t have health care, and blood clots are also my biggest worry. I will probably go to an urgent care walk in to get blood work done, EKG, x ray, and hopefully get an order of d dimer test. Also, how did your results go",StatusYear,covidlonghaulers,1,2020-07-29T14:35:27,t1_fzmg8z3,comment,reddit,pushshift
fzmiztt,hznrqo,Any idea what was in the herbs or do they keep it secret?,EmpathyFabrication,covidlonghaulers,1,2020-07-29T14:45:30,t1_fzmdpl3,comment,reddit,pushshift
fzmjfyo,i0169i,"I would double check you dont have strep (I've heard others have gotten it post covid). I think make sure you're eating anti-inflammatory low acid diet. I have been drinking really potent ginger tea. I heard celery juice helping others with post viral syndrome (not covid related). For vitamins, my best vitamin has been the B complex. I take vitamin D, iron and fish oil. I've been meditating for a few minutes each day. I'm not sure if it has an impact on my physical symptoms but it makes me feel less hopeless. I'm at the 4 month mark also. We will get through this!",naiomim,covidlonghaulers,2,2020-07-29T14:49:29,t3_i0169i,comment,reddit,pushshift
fzmkajl,i0169i,"That’s the problem with all the medications they throw at us to try and deal with our symptoms. I’m 56 but I had to stop taking the aspirin after 3 weeks because it started affecting my stomach. (But it worked on a lot of my issues.) Instead you can look up natural ways to relieve your issues if you suspect blood clots (which is why I went this route). If you look up anticoagulant foods, quite a lot comes up. (Also look up anti inflammatory foods too if you haven’t already.)",Rabjaffar,covidlonghaulers,4,2020-07-29T14:57:06,t1_fzmhgkl,comment,reddit,pushshift
fzmktz9,hyfho8,"Thank you, I really appreciate it. It’s scary stuff for sure. I’m so frustrated because every time I feel genuinely better and stronger and like I’m normal again, it flairs back up and kicks my ass. Seeing my physician on Friday again. If they aren’t useful I’ll be hitting you up. It’s a much appreciated offer.",DGlennH,covidlonghaulers,1,2020-07-29T15:01:54,t1_fzlc8sr,comment,reddit,pushshift
fzmldu7,i0169i,"I have had the strep like sore throat for the whole 3 months and it's been checked for strep.i try and eat alot of salmon, kale, broccoli. My diet mostly consist of fish and vegetables. I eat chicken once in Awhile and eat oranges and blueberries every morning with my breakfast and drink tumeric and ginger tea. I take tons of vitamins also. Worried I been reinfected though. Cause I seem to be getting worse.",kkangel2473,covidlonghaulers,1,2020-07-29T15:06:50,t3_i0169i,comment,reddit,pushshift
fzmlmt1,i0169i,hot green tea is the one thing that eases my symptoms other than rest. it has antiviral properties and antioxidants. hope you feel 100% soon,amykamala,covidlonghaulers,1,2020-07-29T15:09:04,t3_i0169i,comment,reddit,pushshift
fzmm60x,hyfho8,I am in Canada...our health care is free here,kkangel2473,covidlonghaulers,1,2020-07-29T15:13:51,t3_hyfho8,comment,reddit,pushshift
fzmm8rc,hyfho8,I   am in Canada....our health care is free here,kkangel2473,covidlonghaulers,1,2020-07-29T15:14:33,t1_fzmhuz7,comment,reddit,pushshift
fzmmllz,hyfho8,They all came back normal but I am still worried though,kkangel2473,covidlonghaulers,1,2020-07-29T15:17:46,t1_fzmhuz7,comment,reddit,pushshift
fzmo2m7,i01x5m,"That may explain a lot of my weird health experiences the last 4 months (weird tingling sensations all iver, chest pains, heart pains?, shortness of breath,  etc. Heart attacks? Yikes!",ResponsibleNovel5,covidlonghaulers,1,2020-07-29T15:31:03,t3_i01x5m,comment,reddit,pushshift
fzmoea7,i01x5m,Have you gotten any tests done? Have the doctors given you any information?,StatusYear,covidlonghaulers,2,2020-07-29T15:34:00,t1_fzmo2m7,comment,reddit,pushshift
fzmorij,hyuy72,"I’ve been on a keto diet 2 years. I didn’t really have much in the way of symptoms initially when I contracted it in March — very light on the respiratory issues. 

My main issue has been brain fog and fatigue since. However, when I’ve been a bit naughty and eaten carbs or sugars my fatigue was awful and coupled with days of GI symptoms. 

So I can say from the perspective of being on an anti-inflammatory diet originally and going off it now and again during recovery it made a huge difference to me.

For reference I don’t eat any processed foods, sugar, or carbs like pasta, rice, potato, bread etc. and don’t drink. I mostly eat meat, fish, eggs, organ meat, green veggies, dairy. I found soy products to be a bit inflammatory too, but maybe that’s just me.

You’ll probably struggle a bit in the first week adjusting to cutting carbs and getting fat-adapted, but chances are you are feeling rough already!

Hope that helps.",welshpudding,covidlonghaulers,3,2020-07-29T15:37:15,t3_hyuy72,comment,reddit,pushshift
fzmp1ph,i01x5m,"No, I've just been self treating at home with dietary changes (no sugar, carrot-kale juicing, brazil nuts, sunflower seeds, dark chocolate), supplements , etc. (Vits C,D, Zinc, NAC, low dose aspirin, sonetimes others like tonic water with quinine,  selenium, fish oil, echinacea with elderberry). Also, daily walks. I've lost 20# through these changes (a good thing as I'm overweight).",ResponsibleNovel5,covidlonghaulers,1,2020-07-29T15:39:46,t1_fzmoea7,comment,reddit,pushshift
fzmrl71,hyfho8,"Man, I’m jealous of the Canadians. That’s good at least. Hopefully it will help calm down at least some fears, but I totally understand how you would still be worried. Hang in. Sooner than later hopefully we will get more info.",StatusYear,covidlonghaulers,1,2020-07-29T16:02:33,t1_fzmmllz,comment,reddit,pushshift
fzmtaey,i01x5m,"This has been my question too. I was constantly having heart palpitations, flutters, racing, tachycardia, bradycardia... 
It’s improved quite a bit but how can almost 3 months of this not cause damage? 

I had two ekgs in urgent care, both normal. 

Did an at home holter heart monitor for 3 days. During that time the It was relentless, I was sure they’d finally see what I was saying.

I got the results yesterday via message 
“nothing of concern.” 

I literally believe I had a Transient ischemic attack (TIA), a couple weeks ago.

I should have went to the ER, but I rode it out at home. I guess I was burnt out on going in and being told they see nothing.

I told my doc. he said that’s when you should have gone to the ER. I was like sure, I get that, but should this be investigated? 
Not until the heart monitor results are in...

So no CT scan. 

So now I’m reading all these reports of damage and wondering how else will I know? 
They aren’t looking for anything else.

Edit for question: Who else has had all the standard tests? Do they even provide the right feed back?",idontcare78,covidlonghaulers,3,2020-07-29T16:17:26,t3_i01x5m,comment,reddit,pushshift
fzmtg4h,i02qu6,I did not test for it but you can request it from a rheumatologist or immunologist.,naiomim,covidlonghaulers,1,2020-07-29T16:18:49,t3_i02qu6,comment,reddit,pushshift
fzmuifq,hznrqo,The mushroom not the flowering plant.,chesoroche,covidlonghaulers,1,2020-07-29T16:28:07,t1_fzkrbnw,comment,reddit,pushshift
fzmv5nj,i01x5m,"Problem is that the above can sometimes be seen with troponin markers in the blood (i think most docs only check CRP markers for infection), it can be visible on a EKG (not always) and a possible symptom can be fluid build up near the lungs (can be seen on x-ray), but to diagnose scarring on the heart muscle the best way is supposedly an MRI with contrast, sometimes echo of the heart. CT does not work.

I think the majority did the EKG, x ray of chest for lungs and blood tests on infection/clots (CRP/d dimeer), perhaps CT of the lungs.

I was shocked by this publication because i am dealing with SoB after activity, fatigue, chestpains, and thought i was cleared of the danger after an EKG, blood work, x ray, of lungs, CT of lungs. Will see my cardiologist soon, i did not think of these issues as potentially heart related.

Many people think the SoB/fatigue/pain is CFS/ME related, or some post viral reaction. I guess we should dig deeper to exclude.

Try to let such things not scare you too much though. Other research states roughly 20% had cardiac damage, and mostly people hospitalized, where the virus attached the heart directly.",Thatwatchguy-,covidlonghaulers,5,2020-07-29T16:33:50,t3_i01x5m,comment,reddit,pushshift
fzmvcz6,i01x5m,"I'm 27M. I went to the ER at the end of May after feeling like I couldn't catch my breath and felt faint if I didn't focus hard on breathing. I first got sick Mid March with tight chest, sob (in terms of lung capacity), dry itchy chest cough, and headache on a few occasions. Tight chest and cough would subside with rest but then kept coming back after I stressed my body with low sleep and lifting heavy.

After yoyoing with the symptoms, they eventually went away on the last week of May, but during that week I had a very stuffy nose which led to the ER trip. They discharged me due to high O2, and clear lungs on xray. BP high 147/94 (I've struggle with BP if I don't do enough cardio). I then believed it may be just allergies, so I ran a bit back and forth in my backyard. Felt the same thing again, so I laid down. Getting up from the couch to pee brought HR to 140 and I felt numb and tingly on limbs and also lightheaded. Went back to ER. 

Covid test negative, D dimer within range. Neutrophils high at above 80% while lymphocytes were low at 13.5%, WBC total 7.7. Just below range on electrolytes due to my water intake.

They did an echocardiogram, which showed no issues with heart, no enlarged or dilated right ventricle. Sent me home. 

After resting for about a week and eating almost nothing due to strange sob, I then felt better. Decided to jog outside my backyard in a circle. Went 0.25 mile first day, 0.5 mile second, and 0.6 mile the third day felt okay after but had that itchy irritated feeling in my chest. 4th day I ran back and forth a bit but didn't feel good so I stopped. For a week I relapsed and had the same SOB even at rest.

June 20th I got an echo at cardiologist and covid antibody test (negative) . Trace triscupid regurgitation, stage 1 diastolic dysfunction, mildly enlarged right ventricle, mild pulmonic insufficiency, and elevated velocities in pulmonary artery (pressure was not estimated due to the trace regurgitation). These issues were not present 5 years ago in an earlier echo, but during the past 5 years I've been neglecting my health.

Now I'm terrified that I have pulmonary hypertension, an incurable disease that has small 5 year survival rate. And I wonder if all the symptoms were caused by pulmonary hypertension. 

I switched to a plant based diet on Jul 8 and felt better. Went from 183 to 157 lbs since end of May.

I've noticed that excess activity causes a relapse that lasts up to a week before I feel better. Unfortunately I had a relapse a few days ago. Going to see a pulmonologist in 2 days and I also need to schedule an echo where they put the tube in your esophagus.

I just want to live a normal healthy life, and now there is the possibility I won't be able to.",Improvepls,covidlonghaulers,3,2020-07-29T16:35:39,t3_i01x5m,comment,reddit,pushshift
fzmx733,hznrqo,Oh ok I have it confused,EmpathyFabrication,covidlonghaulers,1,2020-07-29T16:51:29,t1_fzmuifq,comment,reddit,pushshift
fzmz0mk,hzkeu9,I just finished a 5 day course of prednisone yesterday. It helped with my headaches and some of my breathing issues. What is strange is it seemed to isolate  the tightness and sharper chest pains. The more congested feeling was relieved.,madonnymous,covidlonghaulers,1,2020-07-29T17:06:42,t3_hzkeu9,comment,reddit,pushshift
fzn0uq3,hyfho8,"Our health care is free, but it's not better. My lungs are in lots of pain today and my veins are showing more, so I am still a nervous wreck...lol",kkangel2473,covidlonghaulers,1,2020-07-29T17:21:46,t1_fzmrl71,comment,reddit,pushshift
fzn8wzu,hznrqo,"She changes it every week depending on which symptoms are worse or better- this week gypsum fibrosim, last week bluperum root, but I dont think they are easy to obtain let alone measure out without the guidance of a practitioner",maybeificry,covidlonghaulers,1,2020-07-29T18:26:20,t1_fzmiztt,comment,reddit,pushshift
fznbvbj,hyrtzy,"Yes, I recommend you to ask for that test. In my case I was referred to ambulatory care and they made the test there.",hnanana,covidlonghaulers,1,2020-07-29T18:49:39,t1_fzmee4m,comment,reddit,pushshift
fzncq9g,i01x5m,"I've had 2 abnormal ECGs, a normal echocardiogram and 24hs E.C.G showed some tachycardia. I had monitor in a ""good day"", well. Troponin levels were fine. But why do I have tachycardia? Also the first months had really weird ""electric"" palpitations. It seems to be improving, but there's no explanation.",hnanana,covidlonghaulers,2,2020-07-29T18:56:25,t3_i01x5m,comment,reddit,pushshift
fznfkss,i02qu6,My doc ordered it as part of blood work. Negative.,Selerax,covidlonghaulers,1,2020-07-29T19:18:31,t3_i02qu6,comment,reddit,pushshift
fznfni7,i0169i,"I too stopped taking aspirin cause I was having some bleeding, but it has stopped now for the past week and a bit. I been so worried about the clotting that I took some baby aspirin last night and a few days ago. I am having some chest pain and a tingling sensation in my back. I had a chest x-ray and d dimer that came back okay, but I feel like I can't get a deep enough breath and constantly have to clear my throat. I try to eat an anti-inflammatory diet and drink lots of water and take vitamins, but still feels like I am getting nowhere and still have to figure out how to prevent my blood from clotting....ughhh...sorry for the novel..lol",kkangel2473,covidlonghaulers,2,2020-07-29T19:19:05,t1_fzmkajl,comment,reddit,pushshift
fznfrye,i0169i,I  am 41....are you taking anything now? And bowong you been sick?,kkangel2473,covidlonghaulers,1,2020-07-29T19:20:03,t1_fzmhgkl,comment,reddit,pushshift
fznfxtc,hyy8wx,"I’m 32, I’ve experienced joint pain in the knee and wrists.",[deleted],covidlonghaulers,1,2020-07-29T19:21:20,t3_hyy8wx,comment,reddit,pushshift
fznfz19,hyy8wx,"Hi 32, i’ve experienced joint pain in the knee and wrists., I'm dad.",BadDadBot,covidlonghaulers,2,2020-07-29T19:21:35,t1_fznfxtc,comment,reddit,pushshift
fznjgys,i01x5m,"Same here...tons of tests, nothing ""concerning"". Still months later the severe chest pain, tachycardia and circulation issues persist. It sucks but you're not alone.",tsukemono,covidlonghaulers,2,2020-07-29T19:49:09,t1_fzmtaey,comment,reddit,pushshift
fznlqxg,i0169i,"No. I’m not taking anything right now. First two weeks were very mild symptoms, feeling of wanting to cough, chest pain mainly when Deep breathing, but got better for a week then recently got chest pain but only for like 2 days and it was minor but my biggest problem has been soreness in left arm and left calf.",StatusYear,covidlonghaulers,1,2020-07-29T20:07:19,t1_fznfrye,comment,reddit,pushshift
fzno9cz,i01x5m,"Thanks, if nothing else solidarity is a comfort.
I’m sorry you’re going through it too. 

I’m not sure how this isn’t concerning? Clearly our hearts are working harder then they are supposed to. I used to have to work at it to get my heart rate up during workouts, not anymore!",idontcare78,covidlonghaulers,2,2020-07-29T20:27:15,t1_fznjgys,comment,reddit,pushshift
fznv168,i0254b,I met a woman who did take the trial and she said it saved her life. She had pneumonia in her right lung. Hope this helps!,Pisces_Queen86,covidlonghaulers,1,2020-07-29T21:22:23,t3_i0254b,comment,reddit,pushshift
fznweuq,i0169i,"I did a major vitamin regimen for 60+ days (VC, VC, Magnesium, VA,) and Tylenol for aches. I noticed symptoms were much worse when I ate any kind of sugar. Things tapered off at the end, with a bad day followed by several good days. Take as much rest as you can.",BasqueOne,covidlonghaulers,1,2020-07-29T21:33:44,t3_i0169i,comment,reddit,pushshift
fznwpus,hyuy72,Pretty much the same for me regarding symptoms and effects of eating sugar.,BasqueOne,covidlonghaulers,1,2020-07-29T21:36:16,t1_fzmorij,comment,reddit,pushshift
fzo8p2u,hyfho8,"Contacted my doctor today,  he's going to do a CRP, ANA, and ANCA. Maybe it will give some answers,  but im sure it'll be normal like everything else.",YetiDancer,covidlonghaulers,1,2020-07-29T23:19:31,t1_fzl9jg6,comment,reddit,pushshift
fzoalhg,hyfho8,He should do a sedimentation rate too (ESR),penguina83,covidlonghaulers,1,2020-07-29T23:36:26,t1_fzo8p2u,comment,reddit,pushshift
fzobfc9,i0aj4z,Well I ate a bunch of blueberries at one point and that caused a weeks long bought of insomnia that I'm still dealing with. But sugar doesn't seem to hurt me as much now and I've incorporated some fruit back into my diet again. I even ate a muffin and was OK,EmpathyFabrication,covidlonghaulers,4,2020-07-29T23:43:46,t3_i0aj4z,comment,reddit,pushshift
fzobg6m,i0aj4z,[removed],[deleted],covidlonghaulers,-2,2020-07-29T23:43:59,t1_fzobfc9,comment,reddit,pushshift
fzohzf0,i0aj4z,u/lvl0rg4n can we ban bots,EmpathyFabrication,covidlonghaulers,3,2020-07-30T00:43:17,t1_fzobg6m,comment,reddit,pushshift
fzollma,hznrqo,"My temperature has been above normal for more than 5 months. My normal temp is low (between 96.8 and 97.5). For the first 3 months I had a high between 99.5 and 100 every day. Now I'm around 98.9 on good days and 99.3-99.8 on bad days.

I've literally never seen my temperature above 98 as an adult before this. Getting pretty tired of it.

That's interesting about the turmeric. I started taking it in April, and that was around the same time my GI symptoms stopped. I never made the connection that it might have helped.",wild_grapes,covidlonghaulers,2,2020-07-30T01:16:45,t1_fzlwyxi,comment,reddit,pushshift
fzopxcn,i0aj4z,Heck yes we can. Let me figure out how to do it and I'll get right on it. Thanks for tagging me so I'm aware.,lvl0rg4n,covidlonghaulers,3,2020-07-30T01:56:53,t1_fzohzf0,comment,reddit,pushshift
fzoq8x0,i0aj4z,Okay I banned him - I can't do a blanket ban (or so I just read) on all bots but I can ban individually.,lvl0rg4n,covidlonghaulers,3,2020-07-30T01:59:51,t1_fzohzf0,comment,reddit,pushshift
fzoqbef,i0aj4z,Thanks,EmpathyFabrication,covidlonghaulers,1,2020-07-30T02:00:30,t1_fzoq8x0,comment,reddit,pushshift
fzoqc35,i0aj4z,"I stayed away from bread when I was doing this diet. I also tried to keep my fruit intake down to no more than 25 mg of natural sugar as was recommended on one site. One day too high of fruit seemed to set me back. I did cabbage in homemade chicken broth, salmon, canned salmon patties, boiled eggs, boiled chicken, vegetables, sweet potatoes, and fruit. It seemed to help.",raddyrac,covidlonghaulers,3,2020-07-30T02:00:41,t3_i0aj4z,comment,reddit,pushshift
fzoqjvz,i01x5m,"Me too, same thing.",raddyrac,covidlonghaulers,1,2020-07-30T02:02:41,t1_fznjgys,comment,reddit,pushshift
fzorxww,hznrqo,Have read that you should stay away from black elderberry (sambucus) once you are sick with covid19. Can’t remember if it had to do with ace2 or cytokine storm.,raddyrac,covidlonghaulers,1,2020-07-30T02:15:52,t1_fzkozp6,comment,reddit,pushshift
fzos42r,hyuy72,Yes I did and I think it helped.,raddyrac,covidlonghaulers,1,2020-07-30T02:17:32,t3_hyuy72,comment,reddit,pushshift
fzosinv,i02qu6,I did. Positive,singinginmiami,covidlonghaulers,1,2020-07-30T02:21:30,t3_i02qu6,comment,reddit,pushshift
fzov59n,i0aj4z,"To some extent it may be the overall amount of sugar since that promote inflammation.  How much you are eating total and what type, sweeter fruits like bananas grapes and mangos have more sugar than, say, raspberries.

But I also think some of this stuff is just individual, and trial and error.  Maybe go slow with it and see if more or less fruit makes a difference.",runawayoldgirl,covidlonghaulers,3,2020-07-30T02:47:05,t3_i0aj4z,comment,reddit,pushshift
fzoxvs8,i0emqj,It took me 2 hours to write this.,perxion,covidlonghaulers,9,2020-07-30T03:14:23,t3_i0emqj,comment,reddit,pushshift
fzp7rtr,i0emqj,"Same here. I can't get seen in person. Not even face to face virtual. Telephone only. If these symptoms aren't covid, i will never find out. The passing out is really scary. There is so much coming out now about neurological damage. Focused of course on patients who were hospitalized in the ICU. We know that intubated patients even before covid, could suffer from neurological problems after discharge. Have to give some of the researchers credit for even thinking it could be covid. But they need to go further out of the box and consider the possibility that covid, even without being hospitalized and intubated, might cause these symptoms.",classicalcommerce,covidlonghaulers,3,2020-07-30T05:05:45,t3_i0emqj,comment,reddit,pushshift
fzp7tze,i02qu6,I was already ANA positive. Have been for years.,classicalcommerce,covidlonghaulers,1,2020-07-30T05:06:32,t3_i02qu6,comment,reddit,pushshift
fzpf00e,i01x5m,"Until recently, they'd mostly done their studies on those that were hospitalized. The problem with that is that early studies focused mostly on the lungs as they tried to control pneumonia and ARDS. They hadn't acknowledged a heart connection until more recently. I'd read that during the height of the pandemic, they had little time for autopsies and, of course, were too worried about contamination to perform many. So if someone died of lung-related issues, it stopped there.

I was lucky and a GP had recognized my SOB as heart related. I remember thinking I should probably insist on a pulminologist when he connected me with a cardiologist. But it turned out that I had post-viral pericardial effusion - which has persisted 3 months after being diagnosed with it. (ECGs and bloodwork earlier in my Covid journey had shown normal heart, so this definitely started after I was infected.)

I'm looking forward to (and dreading) further research and studies about this. No matter what, other organs were affected in many if not most. And specialists need to realize this to help us properly.",Rabjaffar,covidlonghaulers,3,2020-07-30T06:46:34,t1_fzmv5nj,comment,reddit,pushshift
fzpfcmc,i01x5m,"It seems like they used MRI's to assess the damage in the study - not something they would do for most in the general public. So probably a lot of issues went unnoticed. But I would def keep an eye on things in case there are more signs that will help create a proper diagnosis. If the doctor in the article is right, we may have things that will need attention down the line.",Rabjaffar,covidlonghaulers,2,2020-07-30T06:51:44,t1_fznjgys,comment,reddit,pushshift
fzpg6y4,i01x5m,"&gt;Sounds like you've had quite the journey. And yet so similar to so many others that I've been in contact with through support groups like the Body Politic. (You might want to join, if you want community and crowd-sourced advice.)   
&gt;  
&gt;A lot have gotten relief and improvement from stimulating the Vagus Nerve which ppl are feeling was damaged as it relates to so many of the ongoing symptoms a lot of us describe. (You can find info and exercises on YouTube.) You should look into dysautonomia too.  
&gt;  
&gt;Also a lot of our persistent issues, I believe, are connected to ongoing system-wide inflammation (not necessarily being seen in tests). I've been diagnosed with some conditions that I'm pretty sure won't be there anymore once the inflammation goes down. I do worry about my heart and lungs tho as they've had 4 months of non-stop exertion due to Covid. But having said that, the body has an incredible capacity for regeneration. And you've def got youth on your side.",Rabjaffar,covidlonghaulers,3,2020-07-30T07:04:44,t1_fzmvcz6,comment,reddit,pushshift
fzpgdiq,i0emqj,Doctors keep bullshitting with us because they do not know wow to help. My mother is a nurse practitioner and keeps telling me I have a sinus infection/bad allergies/anxiety. I have been suffering since March also. It’s driving me crazy.,bapebandit,covidlonghaulers,10,2020-07-30T07:07:37,t3_i0emqj,comment,reddit,pushshift
fzpgdjg,i01x5m,"That's ""great"" that you had evidence showing on your tests. So many are frustrated that nothing is showing - although, either way, doctors don't seem to have answers. Make sure to keep all the reports so that they can do comparisons down the line. Hopefully as inflammation eases in our bodies, a lot of these negative results will ease too. I'm into my 5th month and still having a lot of inflammatory and liquid build-up issues.",Rabjaffar,covidlonghaulers,2,2020-07-30T07:07:38,t1_fzncq9g,comment,reddit,pushshift
fzpgjel,i01x5m,"The 'good thing' about this is that I found out that heart attacks aren't necessarily like they show on tv and in the movies. Apparently many ppl have silent heart attacks and don't realize it. Which I guess is proof in many Covid sufferers. At least with this report, doctors will now know to watch more closely for signs - and not throw out anxiety diagnoses like they're candy.",Rabjaffar,covidlonghaulers,1,2020-07-30T07:10:13,t1_fzmo2m7,comment,reddit,pushshift
fzpgxjn,i01x5m,"6 weeks in, I was diagnosed with post-viral pericardial effusion. (Had nothing showing on earlier ECGs or bloodwork at the beginning of Covid.) The cardiologist was expecting it to go away after 2 months (online med sites say 6 weeks), but 3 months on I've still got it. (Anti-inflammatories seem to help the most with symptoms.) 

A recent visit to a GP showed that my heart was skipping beats. He asked if I had myocarditis and when I said no, he was skeptical. (I was there for other Covid-related issues, so we didn't pursue, maybe because he knew I already had a cardiologist.)",Rabjaffar,covidlonghaulers,1,2020-07-30T07:16:26,t1_fzmoea7,comment,reddit,pushshift
fzph9a3,i0169i,"Try some of these too:
Anticoagulant foods: ginger, cinnamon, red grapes, salmon, turmeric, garlic, vit E, 16oz/3hrs of water (Covid-19 is known to be a blood clotting disorder as well)
Nitric Oxide Foods (for vasodilation): beetroot, spinach, celery, lettuce, Arugula (Covid accelerates NO2 deficiency according to nim.nih.gov)

For the breathing issues, look up Vagus Nerve and Dysautonomia. A lot have found connections to those. And there are exercises that can be done to improve those.",Rabjaffar,covidlonghaulers,1,2020-07-30T07:21:37,t1_fznfni7,comment,reddit,pushshift
fzph9o6,i0169i,"**I found links in your comment that were not hyperlinked:**

* [nim.nih.gov](https://nim.nih.gov)

*I did the honors for you.*

***

^[delete](https://www.reddit.com/message/compose?to=%2Fu%2FLinkifyBot&amp;subject=delete%20fzph9a3&amp;message=Click%20the%20send%20button%20to%20delete%20the%20false%20positive.) ^| ^[information](https://np.reddit.com/u/LinkifyBot/comments/gkkf7p) ^| ^&lt;3",LinkifyBot,covidlonghaulers,1,2020-07-30T07:21:49,t1_fzph9a3,comment,reddit,pushshift
fzpkmek,i0hk38,"The CDC says: [""](https://www.cdc.gov/coronavirus/2019-ncov/if-you-are-sick/end-home-isolation.html)a person diagnosed with COVID-19 can be released from isolation after 10 days from symptom onset *and* at least three days from fever resolution and improvement in respiratory symptoms.""

I haven't read anywhere that those with flare ups infect others - and there are a lot of us.",Rabjaffar,covidlonghaulers,1,2020-07-30T08:16:50,t3_i0hk38,comment,reddit,pushshift
fzpo81v,i0hk38,"I've isolated from other people for months, since I've experienced waves of symptoms coming back for months. After about 4 months I got a visit from a family member, and after living with me for 3-4 weeks that person is not infected.

I think the infectious stage is during the earliest weeks, but the public health advice doesn't really take much into consideration how the symptoms can keep coming and going for months. Later on I believe the flare ups are mostly the immune system over-reacting, but I don't know for sure.

I was also told by a chief doctor that I could go to work 24 hours after taking a negative test and not having symptoms, so it seemed the chief doctor didn't seem aware that symptoms can come in waves that are longer than 24 hours...What kind of ""expert"" is that?

I would have liked to tell that chief doctor that if I can sleep for 2-3 hours during the daytime and otherwise work at say 30 % capacity and still get a decent pay, OK, I'll consider it.",Chiaro22,covidlonghaulers,2,2020-07-30T09:17:59,t3_i0hk38,comment,reddit,pushshift
fzpqi6h,i0hk38,"I have been sick for 3 months, with 10 negative tests. I wonder if I am still contagious? None of my symptoms ever left though.",kkangel2473,covidlonghaulers,3,2020-07-30T09:57:11,t3_i0hk38,comment,reddit,pushshift
fzpvwyw,i0hk38,"First, I'm so happy this sub exists.  I'm not a long hauler myself, but a household member apparently is and I came looking for others with the same 'flare-ups' since it's upsetting them so much that they are 'not better' after the *initial 2 week initial bout* (according to ""experts"")

We too in the house were worried that since our covid+ member is still, on days, **very** much *showing* active symptoms (coughing, headache, tiredness, weakness, upset stomach, diarrhea, nausea, depression...) if they could *still* be shedding the virus.  

It's been going on 2 months since the first days of mild coughing (when we believe the disease was spreadable) and it goes: few days no symptoms &amp; seems fine then BOOM!, they're down for the count.  Even ended up in the ER once only to be told ""oh well, it takes time...here's an inhaler and you should get checked for asthma in a couple of months.""

I wish there was someway all the long haulers could get on a zoom conference call with the head of infectious diseases of ALL major hospitals studying this disease and let them know that in some people this thing just seem to be going away...and to find out WHY.",mediocre_mitten,covidlonghaulers,3,2020-07-30T11:23:48,t3_i0hk38,comment,reddit,pushshift
fzq4koi,i0emqj,I just had an antibody test done. I'm almost 4 months into it with still having symptoms. Not sure if mine came up negative because I'm still having symptoms,grazinginthegrass,covidlonghaulers,2,2020-07-30T13:10:29,t3_i0emqj,comment,reddit,pushshift
fzqdfp8,i0i10l,"I'm way out in the country now but I was noticing more symptoms on rainy days, high pollen days, and then I was around a lot of dust and got very chesty but each time it has resolved next day. I seem to be sensitized in some way especially to my old allergy triggers.",EmpathyFabrication,covidlonghaulers,1,2020-07-30T14:34:18,t3_i0i10l,comment,reddit,pushshift
fzqf7z6,i0kdqs,"Try magnesium threonate. I use it and omega oil for joint pain and spasms in my hands that I got from a job before covid and I've had no joint pain, headaches, or twitching like a lot of other people have.",EmpathyFabrication,covidlonghaulers,1,2020-07-30T14:49:21,t3_i0kdqs,comment,reddit,pushshift
fzqgl3j,i0hk38,"Ideas on what we can do about it? It’s making the news slowly, but doctors still seem to be ignorant on this.",Quittercricket,covidlonghaulers,2,2020-07-30T15:00:42,t1_fzpvwyw,comment,reddit,pushshift
fzqhzn4,i0kdqs,"I had two days a couple weeks ago, where left quad had spasms for two days. 
Wasn’t really sure if it meant anything, but it was definitely annoying.

During that same time I had some irregular vaginal bleeding. 

I was on the tail end of my last lingering symptoms.",idontcare78,covidlonghaulers,3,2020-07-30T15:11:45,t3_i0kdqs,comment,reddit,pushshift
fzqksab,i0kdqs,I been having these spasms for months. I also had vaginal bleeding too. Did you find out the reason for your bleeding? I,kkangel2473,covidlonghaulers,2,2020-07-30T15:34:48,t1_fzqhzn4,comment,reddit,pushshift
fzqkwx9,i0kdqs,I will try the omega oil...I take magnesium too,kkangel2473,covidlonghaulers,1,2020-07-30T15:35:52,t1_fzqf7z6,comment,reddit,pushshift
fzql0hr,i0kdqs,Really?? I thought it was uncommon..did you experience this yourself?,kkangel2473,covidlonghaulers,1,2020-07-30T15:36:41,t1_fzqewsd,comment,reddit,pushshift
fzqm41q,i0kdqs,"Not really, it’s happened twice now. It’s lasts 3 days, one day is very heavy with so much clotting.. 
then it tapers off. 
When I saw the doctor she suspected that due the stress of being ill, I missed ovulation, which caused the irregular bleeding.
When it happened again, I emailed my doctor and the response was the same, probably due to being sick and it could take awhile for the cycle to reset.

They suggested a ultra sound with a biopsy, to rule out other things. I decided to wait on that. I 100% believe it’s related to illness.

I’m wondering if there’s more to it, than just skipping ovulation... 

But seriously I’ve never had bleeding like that.",idontcare78,covidlonghaulers,1,2020-07-30T15:43:54,t1_fzqksab,comment,reddit,pushshift
fzqm5hh,i0kdqs,sent you a pm,twosummer,covidlonghaulers,1,2020-07-30T15:44:13,t1_fzql0hr,comment,reddit,pushshift
fzqmsu3,i0kdqs,How long were you sick for? Did you have any abdominal pain with it?.Did they check your bladder and kidneys and liver and stuff in a CT scan? It could be coming from anywhere. Could be coming from your bladder. I am having the biopsy done. I think it's a good idea. You don't really wanna wait on stuff like that. Never know what's going on inside of you. Especially when it comes to bleeding.How are you going now?,kkangel2473,covidlonghaulers,1,2020-07-30T15:48:59,t1_fzqm41q,comment,reddit,pushshift
fzqnl7u,i0kdqs,"No real pain, only slight cramping, no need for pain meds. 
I was sick for close to 3 months. They said it was reasonable to wait and no, they just do did an exam and she said my uterus felt normal. No other symptoms related, other then a yeast infection, on top of it. 

If it happens again I’m getting the ultrasound, since I’m feeling better, I want to see if it get ls better before going into something like a biopsy. 
I had no symptoms previous and normal periods. 

The other thing that gets thrown around is my age, 42.. but because everything leading up to being sick was normal, it’s seems unlikely that’s the reason.",idontcare78,covidlonghaulers,1,2020-07-30T15:55:21,t1_fzqmsu3,comment,reddit,pushshift
fzqobrm,i0kdqs,You might find this article interesting https://www.medpagetoday.com/obgyn/generalobgyn/87333,idontcare78,covidlonghaulers,1,2020-07-30T16:01:10,t1_fzqmsu3,comment,reddit,pushshift
fzqodd9,i0kdqs,I take about 2g of flaxseed oil per day and eat flaxseed meal. The flaxseed was what seemed to knock out the pain and the magnesium helped the restless twitching feelings,EmpathyFabrication,covidlonghaulers,1,2020-07-30T16:01:32,t1_fzqkwx9,comment,reddit,pushshift
fzqom4p,i0kdqs,"Kk...I been sick for little over 3 months now and no relief. Glad your doing better. I am 41 and the doc said it would be a good idea to get it investigated more. I guess since your doing better, there is probably no need for you to do anything right now.",kkangel2473,covidlonghaulers,2,2020-07-30T16:03:28,t1_fzqnl7u,comment,reddit,pushshift
fzqpim1,i0kdqs,"Ugh, looks like we’re in similar boats but I got off... I’m sorry you’re still sick. 
I’m still worried I’m gonna relapse, there’s still little things.. 
tachycardia is sticking around, but it’s not as bad as it was. 
But I feel like myself again, so I’m just trying to let my body recover. 

When’s your ultrasound? If you can remember, I’d love an update to see what comes of it.

I hope you find some relief soon.",idontcare78,covidlonghaulers,1,2020-07-30T16:10:50,t1_fzqom4p,comment,reddit,pushshift
fzqqfd4,i0kdqs,"It's actually for them to look at my bladder. Some kind of procedure where they use a scope I think. Can't wait to be rid of this. Now worried about blood clotting , cause anything that touched my skin leaves a red inprint. I can't use aspirin either, so I am terrified right now! Smh",kkangel2473,covidlonghaulers,2,2020-07-30T16:18:07,t1_fzqpim1,comment,reddit,pushshift
fzqqpbb,i02qu6,And did you have a pre-existing auto immune disease? Or did your doctor explain why that was flagged?,whistlepig_forever,covidlonghaulers,1,2020-07-30T16:20:16,t1_fzosinv,comment,reddit,pushshift
fzqr4y5,i0kdqs,"Omg. That’s definitely weird! 

So much weird...

and scary shit. 

I’m glad you’re having as much checked out as possible. Crossing my fingers for you!!",idontcare78,covidlonghaulers,1,2020-07-30T16:23:45,t1_fzqqfd4,comment,reddit,pushshift
fzqt9kf,i02qu6,"Pre existing. It would be very interesting if they could show Covid does cause the ANA to become positive in some people. Viral infection is one of the *potential* causes, but they tell you they just don't know how you got it. "" Likely some combination of environmental factors and heredity,"" as they say.",classicalcommerce,covidlonghaulers,1,2020-07-30T16:40:39,t1_fzpvvoa,comment,reddit,pushshift
fzqu1sn,i0kdqs,[deleted],[deleted],covidlonghaulers,1,2020-07-30T16:46:50,t3_i0kdqs,comment,reddit,pushshift
fzqywa5,i0kdqs,"If you google B12 deficiency and twitching, you'd be shocked at the other things B12 deficiency can cause. I started twitching in April and it got worse in June. 

Also dehydration can play a role with twitching.",RemoteEmote,covidlonghaulers,1,2020-07-30T17:23:16,t3_i0kdqs,comment,reddit,pushshift
fzr26yw,i0por1,"I hear you. My boyfriend and our four year old did not get Covid or even show any symptoms and I have to tell you it was not easy to quarantine. I guess what strikes me about your comment is your view on contagiousness. I got my antibody blood test and it was positive. I was basically told I had immunity but they stopped short of saying that I was not transmitting the virus anymore. I don’t believe I am contagious but still wear my mask and ordered googles today. I will continue to check my blood monthly and when I don’t show antibodies anymore, I will at least have my googles and supplies to protect myself again. One day, you may get it again. Some people won’t ever get it and that’s the strangeness of this virus.",Pisces_Queen86,covidlonghaulers,2,2020-07-30T17:46:19,t3_i0por1,comment,reddit,pushshift
fzr66ky,i0kdqs,"I don't think it's dehydration. I drink lots of water. I also take b12 everyday. How are you feeling now?I was put on Lyrica by my neurologist for it, but I just feel like it's not a neuro problem.",kkangel2473,covidlonghaulers,1,2020-07-30T18:10:05,t1_fzqywa5,comment,reddit,pushshift
fzr6s84,i0kdqs," Not sure if it's a long haul symptom. I have been sick since April though and it hit really hard. I still have chest pain and other things. A cardiologist said I have peracaditis but the meds he perscribed don't work, so I don't know what's going on. Have you got relief? And it your twitching only in that area?",kkangel2473,covidlonghaulers,1,2020-07-30T18:13:52,t1_fzqu1sn,comment,reddit,pushshift
fzr8ljf,i0qrdi,"Commenting to say I could be making a post like this, but don’t even know what to ask. So overwhelmed with doubts and concerns. I guess just update here after you appointment, please? Sorry this is happening to you, but you are not alone.

For me, I likely got sick in march with light symptoms: 
sore throat + feeling like the trachea was tight and sore;
sinus headaches;
slightly elevated temperature up to 37.2;
tiredness;
GI issues;
two episodes of sob of a few hours each. Never really actual breathing problems.

It went away eventually. Two weeks ago I noticed low blood pressure and tachycardia when standing up. It could have been there for longer without me realizing. I suspect my previous sob was due to heart and fatigue, as my oxygen levels are always normal. Has been happening recently a few times. Besides that, some weird shit like intense body tingling for 2 days, ice pick headaches which mostly stopped, and almost constant higher temperature (37~).

I’m just lying down and waiting. Don’t know what else to do. Saw a cardiologist two days ago, they said 130bpm was not normal indeed. Waiting on blood test and will do ultrasound and 24h holter. Terrified of catching it again/worsening it/, catching it for the first time because I too feel all of this just means I’m going insane.

But, honestly? I felt gaslighted by the doctor. Told me to see a pulmonologist even though many covid patients would be there. Idk how smart that would be.

I wonder when we will get real answers.",Quittercricket,covidlonghaulers,5,2020-07-30T18:24:58,t3_i0qrdi,comment,reddit,pushshift
fzraft1,i0qrdi,"Negative for swabs, negative for antibodies. Going into month 4 with some sort of lung damage on my xrays, ""thickening"" and ""scars"". Have an appointment with a lung doctor next week. I have no idea what I've been sick with anymore now, honestly.

I had bad diarrhea, night sweats, night terrors, severe leg pain, sore/swollen throat, dry cough, nausea, no appetite for 2 weeks. Symptoms came in waves.

&amp;#x200B;

These symptoms got better but then in July I have had severe shortness of breath, difficulty walking, chest burning, chest pain while breathing, pain in lungs while laying down and breathing. My Doc put me on NAC which has so far REALLY  helped and I've had minor chest pain for 4 days now. Knock on wood cause I've gotten better then worse again like 3 times the last 4 months.

&amp;#x200B;

I mostly have burning and tightness on my chest now and sometimes it feels like my chest is being squeezed of stretched badly. It hurts on and off, I just try not to think about it",grazinginthegrass,covidlonghaulers,1,2020-07-30T18:36:15,t3_i0qrdi,comment,reddit,pushshift
fzrazfn,i0por1,"I've gotten 3 negative swabs and a negative antibody test. I just got a chest xray done last week and now have ""scarring"" and ""thickening"", is this really caused by COVID? I'm seeing a lung doctor next week :(",grazinginthegrass,covidlonghaulers,3,2020-07-30T18:39:37,t3_i0por1,comment,reddit,pushshift
fzrgxx9,i0por1,"Ive been having waves since March.

Chest/heart pains, SOB, diareeha, POTS, acid reflux, fatigue, aches in legs and arms, just to name a few symptoms.

2 negative covid swabs and negative antibodys.

Currently going through a 5th wave. Ive felt better from a week to over a month in between waves.

3 different hospitals for 11 ER visits say anxiety and allergies. I think they're all full of shit.

They KNOW what's going on but refuse to acknowledge it.

Too many people are going through this shit.

Unfortunately I think its gonna take somebody very famous and loved to come out as a long hauler before they finally address it.",Straight_Carpet,covidlonghaulers,8,2020-07-30T19:07:16,t3_i0por1,comment,reddit,pushshift
fzrill9,i0kdqs,"My body has been twitching/jolting really hard right before I go to sleep past few months.
Im currently in my 5th wave of symptoms since i first got sick in March.",Straight_Carpet,covidlonghaulers,1,2020-07-30T19:15:35,t3_i0kdqs,comment,reddit,pushshift
fzrjncf,i0kdqs,I would love to have a wave. I haven't had no relief. My symptoms have been steady since April. Have you developed any health problems?,kkangel2473,covidlonghaulers,2,2020-07-30T19:20:53,t1_fzrill9,comment,reddit,pushshift
fzrjr4u,i0qrdi,"Latest echocardiogram found stage 1 diastolic dysfunction, mild pulmonic insufficiency, trace triscupid regurgitation, mild right ventricular hypertrophy. Hoping I don't have pulmonary hypertension.

If I could exercise I feel like I could bring my heart to better shape. But I can't without having heart symptoms flare up for the next few days. The worse I feel the colder my feet gets.

I'm 27m, first symptoms mid March. Stupidly I did not take it seriously and continued doing hard work outs and sleeping 4-6 hours a day on work days. Negative swab and antibody, but that was months from my first symptoms.

During this time period I've had good weeks where I could enjoy browsing the media, talking, and I could briskly walk for 30-35 minutes back and forth in my living room without tiring. Relapsed a few days ago though, so maybe it was too much walking.",Improvepls,covidlonghaulers,2,2020-07-30T19:21:24,t3_i0qrdi,comment,reddit,pushshift
fzrkezq,i0por1,"Bro it’s so fucking aggravating I’ve spent thousands of dollars trying to find a diagnosis. I was first positive before there was testing so I had no clue what was wrong. Thousands of dollars later, multiple doctor appointments, all I’ve heard every time is sinusitis/anxiety. Driven myself crazy researching shit I’m glad I’ve found this forum. We’re in the together bro.",bapebandit,covidlonghaulers,7,2020-07-30T19:24:37,t1_fzrgxx9,comment,reddit,pushshift
fzrl9nw,i0por1,I don't think it's just the lungs but also the heart. And it really sucks because it seems like many of us cannot exercise without causing an eventual relapse. That leads to the fear and uncertainty of if my heart will heal over time or continue to get worse due to inactivity. I'm also having issues getting my blood pressure to normal levels. No meds yet..,Improvepls,covidlonghaulers,4,2020-07-30T19:28:52,t3_i0por1,comment,reddit,pushshift
fzrzz6q,i0qrdi,Seems the more fit you were before this the harder it is to recover. NAC helped me a lot. I had almost the same chest progression with the dry cough then wet pneumonia and a few weeks felt better at the beginning of April. Hoping mine doesn't come back.,EmpathyFabrication,covidlonghaulers,2,2020-07-30T20:25:26,t3_i0qrdi,comment,reddit,pushshift
fzs03fh,i0qrdi,[deleted],[deleted],covidlonghaulers,1,2020-07-30T20:25:50,t3_i0qrdi,comment,reddit,pushshift
fzs2we3,i0kdqs,My acid reflux has been terrible out of nowhere. Also my heart has been acting strange past few months. I saw a cardiologist who told me my EKG was abnormal. So she put a monitor on my chest for a few days. My next appointment she told me the monitor said one night my heartrate hit 150bpm while i was sleeping. They wanted me to do an echocardiogram but I don't have insurance and they wanted $2000 up front. Cant afford it.,Straight_Carpet,covidlonghaulers,1,2020-07-30T20:36:56,t1_fzrjncf,comment,reddit,pushshift
fzs484g,i0kdqs,US has to step up with free health care. We do t pay for care in Canada. I have had 3 echoes. Sorry to hear that. Is there anything you can do to get it done? US government has nothing to help you??,kkangel2473,covidlonghaulers,3,2020-07-30T20:40:53,t1_fzs2we3,comment,reddit,pushshift
fzshj3h,i0por1,"My BP is going from normal to stage 1 and 2 on a daily basis, mostly high dia. I feel mostly recovered, but this isn’t changing. I can exercise now, but still experiencing mild tachycardia and my HR seems to go much higher then it should during those activities. 
I didn’t have much lung involvement, a dry cough. I got winded easily for awhile and slight SOB, when that happened usually my HR was elevated. 
And yet ecg, heart monitoring came back  “none concerning.” 
So yeah, there’s some concern was damage done. But I won’t know, because doctors aren’t looking for it.",idontcare78,covidlonghaulers,1,2020-07-30T21:31:55,t1_fzrl9nw,comment,reddit,pushshift
fzsjyd4,i0qrdi,Were you recommended any treatment for those dysfunctions found in the exams?,Quittercricket,covidlonghaulers,1,2020-07-30T21:44:10,t1_fzrjr4u,comment,reddit,pushshift
fzsl6jy,i0qrdi,"Cardiologist did not seem too concerned. Just recommended eating healthier and exercise, and prescribed an echocardiogram that takes place in the esophagus to rule out stenosis. Still waiting for that procedure, though I worry about the stress of being sedated. 

I've switched to a whole food no oil Diet since, and felt a bit better but relapsed in symptoms a few days ago. I think it's still a bit too soon for the diet to show true results. Only been 3 weeks since I started.",Improvepls,covidlonghaulers,2,2020-07-30T21:50:49,t1_fzsjyd4,comment,reddit,pushshift
fzsszbn,i0qrdi,"Sounds a bit soon I agree, but I do hope it will help. Do you mean they weren’t too concerned because the problem could resolve itself eventually? Just asking because of a bad history with doctors neglecting my complaints. Thanks for telling me btw.

About sedation, I’ve done it once for a similar exam. I’ve got zero complaints and a funny story. I think the risk is quite low too. I hope you can relax a bit, should be fine, right?",Quittercricket,covidlonghaulers,1,2020-07-30T22:46:57,t1_fzsl6jy,comment,reddit,pushshift
fzsv6ud,i0qrdi,"I think the diastolic dysfunction can be reversed on a good diet and controlling the BP. But the others involving the valves may not. It will have to be monitored. I hope by some miracle it can be reversed. He didn't seem too concerned in terms of urgency, so I'm not sure. 

The question I want to know is how much the infection I had relates to my heart conditions, that weren't detectable in an echocardiogram 5 years ago. But these past 5 years I bulked up and lifted without doing much cardio, letting the BP get out of control, so the diastolic dysfunction is probably related to that. 

The transesophageal echo is a safe and short procedure though I worry about catching covid since I'm not even sure I had it due to negative swab and antibody test. Just hope the sedation doesn't cause another flare-up. 

I think any long hauler having heart related symptoms from covid has some type of vascular or heart damage. It's just a matter of performing the right tests.",Improvepls,covidlonghaulers,1,2020-07-30T23:04:45,t1_fzsszbn,comment,reddit,pushshift
fzsvju6,i0kdqs,That's terrible. Are you able to get a plan from Healthcare.gov or qualify for Medicaid?,Improvepls,covidlonghaulers,1,2020-07-30T23:07:47,t1_fzs2we3,comment,reddit,pushshift
fzsz4cj,i0qrdi,"Right, I get your concern now, you’re right. I try to get the first appointment time of the day.. less likely to catch it from the environment then I would assume. 

I really really hope we don’t get permanent damage. I’m about to do an echo soon, we’ll see. My previous one was 2 years ago (I’m 26), and it showed tricuspid and mitral minimum insufficiency, along with mitral prolapse. I think two cardiologists said it’s fine, I just gotta monitor. Found out at around 17 and never had any problems due to it. Also I don’t work out at all.

I know my experience means very little as a comparison, but hey, fingers crossed that your post covid issues aren’t related to the valve issues.",Quittercricket,covidlonghaulers,1,2020-07-30T23:36:57,t1_fzsv6ud,comment,reddit,pushshift
fzt0z4k,i0qrdi,"I hope so too. Never wanted to be able to have a happy normal life so badly.

I hope covid hasn't worsened your heart condition. Please give an update once you get your echo results.",Improvepls,covidlonghaulers,2,2020-07-30T23:52:42,t1_fzsz4cj,comment,reddit,pushshift
fzt1ibl,i0emqj,"I'm so sorry you're experiencing this. I am the same, only about 1,000% less severe. There are a couple of things that seem to have a constant good effect for me: vitamins and sunshine.  I'm hoping you find some relief along the way. . .",BasqueOne,covidlonghaulers,2,2020-07-30T23:57:10,t3_i0emqj,comment,reddit,pushshift
fzt2tbr,i0hk38,Well my partner and I we both fall ill in the same week. He met some friends in 2 different households (after the 2 weeks of self isolation) and no one got sick. Also I'm having regular acupuncture sessions and the practicioner didn't catch it (but we use masks so that's tricky). Also I read a few articles of studies that tried to culture positive PCR tests of long haulers and they couldn't so they confirmed it's dead virus.,hnanana,covidlonghaulers,1,2020-07-31T00:08:17,t3_i0hk38,comment,reddit,pushshift
fzt3huk,i0aj4z,"Maybe you can try different foods and track it on a food journal? I did that and helped me to find some weird things like, diary it's a big no, some particular veggies, avocado, bread. In my case some stuff triggers a red itchy rash so, it's easier to avoid (?). 

I been eating fruits and cereals almost daily (huge amounts of blueberries) and I don't find any problem with it, but a small slice of bread it's like hell.
In some point I saw that my CPR values went from 2
7 to 2.2 so my conclusion is that my food it's on point.",hnanana,covidlonghaulers,2,2020-07-31T00:13:56,t3_i0aj4z,comment,reddit,pushshift
fzt48o6,i0qrdi,"Thank you. And same. It makes me wish I could work out, and I hate working out lol. But yeah, you get the idea. With bpm going crazy it’s hard to do anything.

I will, it should take 2-3 weeks though. Update me as well? It’s always helpful information. I do hope you will be okay.",Quittercricket,covidlonghaulers,1,2020-07-31T00:18:38,t1_fzt0z4k,comment,reddit,pushshift
fzt5dam,i02qu6,"I was referred to the rheumatologist. I have a date with the vampire (meaning, they ordered additional blood work) but she mentioned that a vital infection could cause elevated ANA",singinginmiami,covidlonghaulers,2,2020-07-31T00:25:36,t1_fzqqpbb,comment,reddit,pushshift
fzt5xvy,i02qu6,Pre existing?,whistlepig_forever,covidlonghaulers,1,2020-07-31T00:29:35,t1_fzpeu9e,comment,reddit,pushshift
fztedes,i0qrdi,"Yeah, have to stay safe. I hope you feel better. I'll keep you posted. I have a similar timeline.",Improvepls,covidlonghaulers,2,2020-07-31T01:32:39,t1_fzt48o6,comment,reddit,pushshift
fztexo5,i0emqj,It really seems like to me it attacks the nervous system.  Especially with all the heart related stuff we're having i wouldn't be surprised of we had some sort of post viral dysautonomia or something wrong with our autonomic nervous system.,YetiDancer,covidlonghaulers,2,2020-07-31T01:37:52,t3_i0emqj,comment,reddit,pushshift
fztfv27,i0emqj,[deleted],[deleted],covidlonghaulers,1,2020-07-31T01:46:31,t1_fztexo5,comment,reddit,pushshift
fztuij4,i0por1,It looks like we need the higher level technology to look at our hearts. I read the JAMA study that said that some low level medical machines (still the big heavy machines) didn’t Pick up On the damage until they did some topography like thing for the heart using a more sophisticated machine.,StatusYear,covidlonghaulers,3,2020-07-31T04:05:25,t1_fzshj3h,comment,reddit,pushshift
fztv0n0,i02qu6,Mine was positive and i don’t have preexisting conditions.,ashnar420,covidlonghaulers,2,2020-07-31T04:10:30,t3_i02qu6,comment,reddit,pushshift
fztv77l,hzkeu9,You could try inhaled budesonide with a nebulizer. That’s what I’m doing. Works better than the inhaler version like symbicort.,ashnar420,covidlonghaulers,1,2020-07-31T04:12:18,t3_hzkeu9,comment,reddit,pushshift
fztv9wb,hznrqo,I second the NAC. 3 days after taking it twice a day i noticed so much improvement. Still not 100% but way better than before.,ashnar420,covidlonghaulers,1,2020-07-31T04:13:02,t3_hznrqo,comment,reddit,pushshift
fzu3n8g,i0por1,"Damn.....
That certainly explains some things.",idontcare78,covidlonghaulers,1,2020-07-31T05:54:17,t1_fztuij4,comment,reddit,pushshift
fzubi16,hy5768,Thank you for the informative post. The vagus nerve sounds interesting.,Cronokkio,covidlonghaulers,2,2020-07-31T07:54:16,t3_hy5768,comment,reddit,pushshift
fzubx3w,i0kdqs,"Does muscle contractions count? I have muscle squeezing sensations in the abdominal and ribcage area on and off since late March. I don't know what the heck it is but it's scary. It comes and goes. The closest description I could find online of this is something people call the 'MS hug' which is a squeezing of the muscles for people with multiple sclerosis. So now the big question I have is, does corona cause MS...?

Also, I have felt occasional twitching in some of my organs, whatever is to the left of the stomach (pancreas, gallbladder?), and also the one to the right of it (liver?).

Also, now that I think of it, I did have a consistent twitch/spasm on my left toes but it hasn't come back. That was back in early to mid April.",Cronokkio,covidlonghaulers,1,2020-07-31T08:01:11,t3_i0kdqs,comment,reddit,pushshift
fzum4es,hyy8wx,Pain in wrists and feet near ankle,MinnyLakes,covidlonghaulers,1,2020-07-31T10:54:03,t3_hyy8wx,comment,reddit,pushshift
fzuqgs7,i0kdqs,"I feel way better. I still have weird stuff going on like my tendon or maybe vein spazzing out in my legs or  momentary pain in my legs but the overall body twitching, pins and needles, and numbness seemed to have all but disappeared. I hope it goes away for you soon.",RemoteEmote,covidlonghaulers,1,2020-07-31T11:57:42,t1_fzr66ky,comment,reddit,pushshift
fzuvds5,i0por1,Need heart MRI,MinnyLakes,covidlonghaulers,2,2020-07-31T12:57:58,t1_fzu3n8g,comment,reddit,pushshift
fzuw5la,i0kdqs,"That's good to hear. Right now I am experiencing a burmimg, tingling sensation ball over my body. Different from the sensation that I usually feel. Worried about clotting.",kkangel2473,covidlonghaulers,1,2020-07-31T13:06:24,t1_fzuqgs7,comment,reddit,pushshift
fzvasrn,i0qrdi,"Update: dr appointment today. Dr not concerned about the pleural fibrosis as it is very minimal. Still recommended an opinion from a pulmonologist. Listened to my heart and did an EKG that showed “everything is fine.” He is scheduling an echocardiogram to check further. He admitted I probably had COVID and that they don’t really know what to do with that. He suggested deep breathing exercises, light walking, and a new twice a day inhaler. Follow up in a month. Waiting to hear now from specialists. Hopefully one of them has seen this and can help. I didn’t before but I’m now gonna keep a log of symptoms and vitals. Still here to research and take suggestions.",frankfromsales,covidlonghaulers,1,2020-07-31T14:56:37,t3_i0qrdi,comment,reddit,pushshift
fzvf56p,i0i10l,"I've heard a lot of ppl say that about allergies. Histamines are an inflammatory thing, so I guess that would make sense.",Rabjaffar,covidlonghaulers,1,2020-07-31T15:20:16,t1_fzqdfp8,comment,reddit,pushshift
fzvjc7u,i0i10l,I work in a steel mill it seems like right when I get there my head starts pounding 10x more and my body aches are unbearable..,bapebandit,covidlonghaulers,1,2020-07-31T15:44:40,t3_i0i10l,comment,reddit,pushshift
fzvjd2i,i172ng,"So a quick look up on just the “imprinting” it sounds like pitting edema and yes it can indicate a serious condition. With all your symptoms combined, I consider it concerning.

https://newsnetwork.mayoclinic.org/discussion/painless-swollen-legs-many-causes-from-mild-to-serious/

I recently had some of these symptoms without realizing it. I think we discussed the irregular bleeding-— I was also experiencing some of these symptoms and I had a pretty scary incident.

I’ll share my google doc to make it easier, scroll through and read from Day 42-46 all the way through to Day 54-56 

https://docs.google.com/document/d/1sgtjsuNYldTxpX-9n89U5evX_W9qm7oSH1dU3O53yBU/edit


Keep In mind I don’t have an definitive answers. This is just my experience and I’m not clear as to what happened.",idontcare78,covidlonghaulers,2,2020-07-31T15:44:47,t3_i172ng,comment,reddit,pushshift
fzvjsjc,i0i10l,Wow! Is that all the time or did you suffer from Covid and are now finding it worse?,Rabjaffar,covidlonghaulers,1,2020-07-31T15:47:04,t1_fzvjc7u,comment,reddit,pushshift
fzvjyex,i0kdqs,"I have exactly your symptoms, and yes, covid can cause Ms. Right now I have burning sensation all over my body, with a headache and tingling burning, on the back of my head. Have you experienced anything like that? I also have chest pain. I see a neurologist. You should see one too if you can? Have you had any chest pain and for how long?",kkangel2473,covidlonghaulers,2,2020-07-31T15:47:54,t1_fzubx3w,comment,reddit,pushshift
fzvk8d9,i0i10l,Suffering from COVID and working in the steel mill.. very loud noises and air pollution.. I agree 100% the air has a lot to do with sinus issues becomes more problematic. I think.. every day I leave work for the past 6 months I can barely stand.. I have a 2 month old baby and have no choice,bapebandit,covidlonghaulers,2,2020-07-31T15:49:23,t1_fzvjsjc,comment,reddit,pushshift
fzvkhiw,i172ng,Sounds like may be vasculitis or some kind of small vessel dysfunction. If you get chest pains or leg pains or sudden sob it may be a clot. I'm taking nattokinase and serrapeptase as an asprin alternative. Omega oils also help thin the blood.,EmpathyFabrication,covidlonghaulers,1,2020-07-31T15:50:49,t3_i172ng,comment,reddit,pushshift
fzvkrs8,i0i10l,So sorry you have to deal with all that! Not much I can offer except sympathy. Make sure to stay very hydrated and wear ear plugs if you don't already. Good luck!,Rabjaffar,covidlonghaulers,2,2020-07-31T15:52:28,t1_fzvk8d9,comment,reddit,pushshift
fzvlsbk,i172ng,Thank you for your info. I had a chest x-ray 4 days ago and some blood work. They did d dimer for clots and checked kidney and liver function and did a tro for heart attack and some other blood work too. Going to a lab to do some blood work today. So very worried! What did you have done in order to check you out?,kkangel2473,covidlonghaulers,3,2020-07-31T15:58:26,t1_fzvjd2i,comment,reddit,pushshift
fzvnal4,i172ng,"Not much! I had a 3 day heart monitor that didn’t result in much. I have a phone appointment with the doc. This morning to talk about it. 
As for what happened, I should have went to the ER, but didn’t. I emailed the doctor a couple days later and told him what happened. He said it was concerning and I should have went to the ER. He said not to combine alcohol and intense exercise again... 
yeah I get that. 

when I asked about further testing he just said “we need to wait for the heart monitor results.” Which didn’t come till at least 2 weeks later. 
So basically, nothing.",idontcare78,covidlonghaulers,1,2020-07-31T16:07:07,t1_fzvlsbk,comment,reddit,pushshift
fzvrfrn,i172ng,Really?? That's scary! I had a test for blood clots few days ago. It was normal. Think I will talk to my doctor today and get some advice...thank you...did you have any issues like this?,kkangel2473,covidlonghaulers,1,2020-07-31T16:35:15,t1_fzvkhiw,comment,reddit,pushshift
fzvsprv,i172ng,So he didn't tell you what your issue was?,kkangel2473,covidlonghaulers,1,2020-07-31T16:44:42,t1_fzvnal4,comment,reddit,pushshift
fzvu0vd,i172ng,"Nope. This particular doc. has not handled my case throughout my illness, but he’s my primary. I think the disconnect is that I tested negative early on, it’s like now they aren’t looking for anything. So, they are just going, well we don’t see immediate concerns. The ob/gyn I saw was great. She presumed me positive. My daughters pediatrician and rheumatologist both definitely think so too. Both are very thoughtful and intelligent doctors, but they aren’t mine.., 

So I’m just kinda left with crossing my fingers and hoping for a full recovery without damage...


Maybe something will come from it today, I dunno. I’m sick of it all.",idontcare78,covidlonghaulers,2,2020-07-31T16:54:22,t1_fzvsprv,comment,reddit,pushshift
fzvu85z,i172ng,Some leg pain and chest pain and felt like something stuck in my chest at top of right lung. Just see what your doc says. If d dimer was OK you're probably alright in terms of clotting.,EmpathyFabrication,covidlonghaulers,1,2020-07-31T16:55:54,t1_fzvrfrn,comment,reddit,pushshift
fzvus8n,i172ng,"its pretty common from talking w other LHs . Honestly, my conviction is its nerve related- one example is that there is a structure called the cribiform plate w microglial nerve cells. They regulate cytokine release and if their metabolism is damaged it can take time to heal (if it does). Thats why there is the buzzing/fizzy feeling there and clogged feeling in the ears, going down the neck, IMO its basically releasing immune bodies into the lymph over there. Ive also had a TMJ like pain since day 1. All these are pretty common in talking w other LHs. I had sent you a message if you want to join a discord for LHs, its very helpful and supportive.",twosummer,covidlonghaulers,1,2020-07-31T17:00:01,t1_fzvrfrn,comment,reddit,pushshift
fzvv98r,i172ng,"I am gonna talk to a doc tonight, so I can get some advice. Been to the ER so many times. Did your tingling, burning sensation come and go or was it constant?",kkangel2473,covidlonghaulers,2,2020-07-31T17:03:32,t1_fzvu0vd,comment,reddit,pushshift
fzvvu95,i172ng,"That's sounds good, so is this something I should be going to the emergency for now? I know you not a doctor, but just asking your opinion...lol..thanks",kkangel2473,covidlonghaulers,1,2020-07-31T17:07:42,t1_fzvus8n,comment,reddit,pushshift
fzvx3ix,i172ng,Come and go. I’d just get random sensations.,idontcare78,covidlonghaulers,1,2020-07-31T17:17:29,t1_fzvv98r,comment,reddit,pushshift
fzvzzvl,i172ng,"If im understanding you, youve been there and they didnt find anything. Honestly if your gut says to go then do what you have to to survive. Do you use an automatic bp cuff for blood pressure, or a pulse ox for 02? I mean you can take tumeric taht will theoretically help dissolve clots. If youre really worried i wouldnt tell you not to go, but many of us do get all these pains and they really dont intend to do anything for us unless its an urgent issue. when was the last time you went?",twosummer,covidlonghaulers,1,2020-07-31T17:36:21,t1_fzvvu95,comment,reddit,pushshift
fzw14mm,i172ng,I was at the emergency on the 26th. They did a d dimer and a chest x-ray. They checked my liver and kidneys I think and did a tropin test. Which is to see if I am having a heart attack. And think other random blood work. I really don't wanna go back if I don't have too,kkangel2473,covidlonghaulers,1,2020-07-31T17:43:04,t1_fzvzzvl,comment,reddit,pushshift
fzw5ijf,i172ng,"I’m worried about you. I know you didn’t have evidence of dissolving clots (d-dimer) on your last trip to the emergency room, but the pitting edema is suggestive of clots and other serious issues. I wouldn’t drive but I would seek emergency care.",chesoroche,covidlonghaulers,1,2020-07-31T18:08:50,t3_i172ng,comment,reddit,pushshift
fzw6y58,i172ng,"So my conversation with my doctor went better then expected! Even with the tachycardia and palpitations, my heart appears to be functioning normally, it’s suspected to be signaling problem. 
Just to rule out damage we’ll do an inflammation test and ultrasound. 
Not sure about checking the brain. But it’s good progress.",idontcare78,covidlonghaulers,1,2020-07-31T18:16:30,t1_fzvv98r,comment,reddit,pushshift
fzw87uq,i0qrdi,"RUN-DMC was training for a marathon when he got covid and continues to suffer the long tail. His videos are technical and vetted by a medical doctor. This might be a good resource for you, not only the content, but comments section as well.",chesoroche,covidlonghaulers,3,2020-07-31T18:23:04,t3_i0qrdi,comment,reddit,pushshift
fzw8mwr,i172ng,"so the symtpoms you have now are the same reason you went then correct? who knows, but if thats the case then it sounds like nothing has necessarily changed. your experience is definitely consistent w a lot of us, and we have often had those blood work etc done to find nothing.",twosummer,covidlonghaulers,1,2020-07-31T18:25:12,t1_fzw14mm,comment,reddit,pushshift
fzwa4uz,i0qrdi,A recent Italian study pointed to “broken heart” or Takotsubo cardiomyopathy to explain covid-related heart function problems. The MedCram video #99 covers this.,chesoroche,covidlonghaulers,1,2020-07-31T18:32:49,t3_i0qrdi,comment,reddit,pushshift
fzwavhl,i0kdqs,"Could it be ovarian cysts? There could be some hormone dysregulation with this disease, starting with insulin, which then affects all other hormones, possibly increasing androgen, leading to cysts, leading to heavy periods. I’d get the ultrasound.",chesoroche,covidlonghaulers,2,2020-07-31T18:37:01,t1_fzqm41q,comment,reddit,pushshift
fzwbjkh,i0kdqs,"I think there’d be more pain? I will definitely get it if my cycle doesn’t return to normal. My “period “ was 12 days ago, so it won’t be much longer.",idontcare78,covidlonghaulers,1,2020-07-31T18:40:42,t1_fzwavhl,comment,reddit,pushshift
fzwbvte,i0kdqs,"There are botanicals (herbs, spices) that can affect blood thickness. Cardamom thins, for example. Coriander seeds thicken. Nattokinase is worth a little research and vetting through your healthcare provider.",chesoroche,covidlonghaulers,1,2020-07-31T18:42:39,t1_fzqqfd4,comment,reddit,pushshift
fzwca1u,i1cots,"I'm going into my 3rd month of symptoms, but I never tested positive (didn't test until a month after symptoms started as I didn't initially think it was covid). I also didn't request an antibodies test since I've read that they aren't super reliable... some people don't get them, some get them and lose them after awhile. I've racked up $800 in medical bills (and I have good insurance) in the last few weeks with all the testing the Drs have done, and everything has come back pretty much normal. 

It's super frustrating, since there's no way to 100% say it's covid, but nothing else seems to fit. The best advice I got on here was to just focus on treating what can be treated. For me, it's the cough, chest tightness, and sinus symptoms that are the worst. Since Monday I've been on 2 inhalers and am taking 60mg of sudafed every 6 hours, as well as Flonase 2x a day. So far I've not noticed a difference, but the Dr said to give it 2 weeks before coming back and trying something else.",Kuromi87,covidlonghaulers,5,2020-07-31T18:45:01,t3_i1cots,comment,reddit,pushshift
fzwd2t4,hy73nr,Omg the headaches! 🤕,Local-Whole-8474,covidlonghaulers,1,2020-07-31T18:49:44,t1_fzb5pyu,comment,reddit,pushshift
fzwebzt,i172ng,You saying even though I had d dimer I should go back?,kkangel2473,covidlonghaulers,1,2020-07-31T18:57:16,t1_fzw5ijf,comment,reddit,pushshift
fzwf3br,i1d8r6,"Are your migraines localized in one place?
Is your fatigue related to high heart rate?

As for encouragement... well, can’t help so much but you are not alone. I also don’t know what to do. But I truly hope you will recover soon.",Quittercricket,covidlonghaulers,1,2020-07-31T19:01:56,t3_i1d8r6,comment,reddit,pushshift
fzwfppe,i0emqj,"My sense is similar. The trouble begins when the virus destroys ACE2. ACE2 is important to the nervous system and cortisol regulation. Ataxia, neuro and mood disorders result. Physically oxidative stress is also a result of the destruction of ACE2. That’s why further oxidative stressors (certain foods, certain kinds of exercise, even the sun) makes things worse.",chesoroche,covidlonghaulers,2,2020-07-31T19:06:11,t1_fztexo5,comment,reddit,pushshift
fzwg9o0,i1cots,"Yea ebv and cmv among other possibilities were brought up but I think only covid fits the presentation and timing for me. Dry cough, sob, petechiae, loss of smell, followed by weeks of neuro symptoms, then insomnia. Tests for covid seem to mean fuck all at this point. Its just downright implausible to me that previously healthy people would all of a sudden get a weird presentation of ebv or a virus with crazy long lasting symptoms at the same time as a highly contagious virus is spreading with almost identical presentation. Though its not out of the question. And covid can reactivate ebv which most people have antibodies for even if it never presented as mono.",EmpathyFabrication,covidlonghaulers,7,2020-07-31T19:09:56,t3_i1cots,comment,reddit,pushshift
fzwhmvj,i1d8r6,headaches are usually in the right with ear ringing. The headache can move to both sides tho. It seems to be more like a vestibular migraine with dizziness.I had the racing heart last week...ugh.,Local-Whole-8474,covidlonghaulers,1,2020-07-31T19:19:34,t1_fzwf3br,comment,reddit,pushshift
fzwiyzo,i1d8r6,"I see, kinda different than me. Racing heart when standing up is lasting long here.
At some point we will get better though... that’s my hope",Quittercricket,covidlonghaulers,3,2020-07-31T19:29:14,t1_fzwhmvj,comment,reddit,pushshift
fzwknb2,i172ng,"Is there any other blood tests besides d-dimer to check our bloods coagulation? I've had a normal d-dimer the week that I had some of your symptoms. The skin thing, yes I had that and the doctor told me that was normal (?). It wasn't and after some weeks got better. Thinking about the timing, that happened in my 3rd month and now I'm into my 4th month.",hnanana,covidlonghaulers,1,2020-07-31T19:42:06,t3_i172ng,comment,reddit,pushshift
fzwl2ry,i172ng,Sorry...don't know if I am losing track of my convos..lol. what was the issue with your skin? You had clotting??,kkangel2473,covidlonghaulers,1,2020-07-31T19:45:38,t1_fzwknb2,comment,reddit,pushshift
fzwn3ac,i172ng,Oh the part of leaving an inprint after touching yourself,hnanana,covidlonghaulers,1,2020-07-31T20:02:39,t1_fzwl2ry,comment,reddit,pushshift
fzwnn4e,i172ng,You had blood clotting? How long would your inprint stay?,kkangel2473,covidlonghaulers,1,2020-07-31T20:07:22,t1_fzwn3ac,comment,reddit,pushshift
fzwo7e2,i172ng,"My x-ray was clest and d-dimer was normal, that's all I know. I'm not sure how long stayed but the inprints itself looked weird, like, now if I push something on my leg that doesn't happen. No idea what it was :/",hnanana,covidlonghaulers,1,2020-07-31T20:12:05,t1_fzwnn4e,comment,reddit,pushshift
fzwx8e5,i1edvs,ItS jUsT AnXiEtY,Straight_Carpet,covidlonghaulers,15,2020-07-31T21:15:56,t3_i1edvs,comment,reddit,pushshift
fzwzboo,i1f8xc,"It seems that a mild side effect of CoQ10 is insomnia:
https://www.medicalnewstoday.com/articles/324113#side-effects-and-risks",granoladeer,covidlonghaulers,3,2020-07-31T21:26:42,t3_i1f8xc,comment,reddit,pushshift
fzwzfib,i0kdqs,Yeah weird nerve tingle/zaps.  Slight space outs. Like a brain zap or type of seizure. A whole 1 second of just blank like whoaaa and sometimes at night I would feel like the bed was moving.,JDNWACO,covidlonghaulers,1,2020-07-31T21:27:13,t3_i0kdqs,comment,reddit,pushshift
fzx033c,i1edvs,This is so good!! I’ve read a lot of articles but this addresses so much we’ve all been screaming about!,idontcare78,covidlonghaulers,7,2020-07-31T21:30:29,t3_i1edvs,comment,reddit,pushshift
fzx08of,i1edvs,Heh. Right. Makes you want to scratch someone’s eyes out when they say it.,idontcare78,covidlonghaulers,8,2020-07-31T21:31:11,t1_fzwx8e5,comment,reddit,pushshift
fzx0pnh,i1f8xc,Yea I just found this out. Hopefully this is what has been causing my sleeping problems these last few weeks. But it does seem to help with brain fog so I don't want to totally eliminate it.,EmpathyFabrication,covidlonghaulers,2,2020-07-31T21:33:31,t1_fzwzboo,comment,reddit,pushshift
fzx2y8e,i0kdqs,Omg...did you get sharp zapping pain in your head? And tingling burning to like on the back of your head?,kkangel2473,covidlonghaulers,1,2020-07-31T21:45:07,t1_fzwzfib,comment,reddit,pushshift
fzx47p4,i1cots,"It's a definitely tough! We owe ourselves validation while at the same time we can't be blind to the possibilities of other issues. When you go over symptoms and test results with your doctor, ask them what else could be causing what you are experiencing.

Rule out thyroid, cancer, autoimmune, etc. As long as we don't let doctors gaslight us with anxiety diagnoses if they aren't pscyh doctors.  

I realize there's a lot of privilege involved and that we don't always have the energy to follow up with docs, let alone stand up for ourselves, but if we can, we should try.",rogue_psyche,covidlonghaulers,4,2020-07-31T21:51:48,t3_i1cots,comment,reddit,pushshift
fzx7zme,hxj35t,"Same here. I have symptoms since March, however, it is feeling dizzy/vertigo, losing balance and cold sweats.",fondofnature,covidlonghaulers,1,2020-07-31T22:13:02,t3_hxj35t,comment,reddit,pushshift
fzx8y8b,hyy8wx,"Any luck treating it? I stopped taking ibuprofen back in Feb when I heard that it could make things worse for us. But I haven't heard much about ibuprofen &amp; covid since then. I'll use Aleve every now and then and it helps some, but it's an NSAID like ibuprofen, so idk",Mountain_man007,covidlonghaulers,1,2020-07-31T22:18:32,t1_fzum4es,comment,reddit,pushshift
fzx9k1p,hyy8wx,It's on and off and not severe but just frustrating,MinnyLakes,covidlonghaulers,1,2020-07-31T22:21:47,t1_fzx8y8b,comment,reddit,pushshift
fzxa5zn,hyy8wx,"Mine seems on and off as well, but it is pretty severe when it's on. Some days a lot worse and it is frustrating, never really had joint pain before",Mountain_man007,covidlonghaulers,2,2020-07-31T22:25:12,t1_fzx9k1p,comment,reddit,pushshift
fzxhguk,i1gs3r,Check for blood clots??,kkangel2473,covidlonghaulers,5,2020-07-31T23:15:03,t3_i1gs3r,comment,reddit,pushshift
fzxhkkm,i0kdqs,"Most are painless. Most, in fact, resolve on their own. But they are tied to heavy periods and higher than normal androgen. It’s difficult to get an accurate read on sex hormones from the blood so there’s some connect-the-dots work. I think this is why your doctor wanted the ultrasound because if there is a cyst, then heavy periods might be explained by that and they'd take a wait a see attitude and maybe do some investigation into insulin levels.  

Do you have any other new possibly androgen-related covid symptoms? You can find lists online. Some things like hair loss could be either virus or androgen, so it probably takes a doctor to sort them all out but sometimes seeing them sparks a thought.",chesoroche,covidlonghaulers,2,2020-07-31T23:15:52,t1_fzwbjkh,comment,reddit,pushshift
fzxi07f,i1gs3r,Sounds like autonomic dysfunction which can happen with viruses,andipandey,covidlonghaulers,5,2020-07-31T23:19:17,t3_i1gs3r,comment,reddit,pushshift
fzxibps,i172ng,"D-dimer is a symptom of clots dissolving and/or moving. Your last test showed no d-dimer, but now you have a couple of symptoms of possible clots on the move (chest pain and edema). They need to recheck your d-dimer at the very least. You don’t want clots moving around. This can result in a heart attack.",chesoroche,covidlonghaulers,1,2020-07-31T23:21:48,t1_fzwebzt,comment,reddit,pushshift
fzxishr,i1f8xc,"Yeah, I understand, I hope you get well soon. I've been reading the stories from long haulers and it sucks so much.
Are you monitoring O2? Taking multivitamins?",granoladeer,covidlonghaulers,1,2020-07-31T23:25:37,t1_fzx0pnh,comment,reddit,pushshift
fzxiy3p,i1f8xc,Yea both of those. My O2 was never that low though. Seems time is really the biggest thing to recovery.,EmpathyFabrication,covidlonghaulers,2,2020-07-31T23:26:51,t1_fzxishr,comment,reddit,pushshift
fzxk400,i1gs3r,"I had covid19 May-late June. I had shivers/cold sweats several times a day during the final 5 weeks, but only for a couple of minutes (or less) at a time. I never ran a temp or had a fever.  After the brief episodes, I was always exhausted until the next day. I felt dizzy briefly once or twice, but not connected to the shivers. Toward the end, the cold sweats/shivers were the major remaining symptom and I noticed a feeling of anxiety and dread for about 30 seconds before the shivers hit. It diminished in frequency and duration and finally seems completely gone.",BasqueOne,covidlonghaulers,3,2020-07-31T23:36:10,t3_i1gs3r,comment,reddit,pushshift
fzxmq8f,i1i1mp,"My sleeping cycle is very messed up since I had covid. More vivid dreams too, including some bad ones. I just figure it's the long term effects on my central nervous system. Good to hear that the melatonin helps.",BasqueOne,covidlonghaulers,2,2020-07-31T23:57:25,t3_i1i1mp,comment,reddit,pushshift
fzxmzy9,i0kdqs,"Hmmm my hair is falling out A LOT. I normally shed a lot, but definitely am losing more then what I’m used to. 
Maybe I’ll take your advice, then. I have a heart ultrasound to get, I can schedule them together probably. 
Thanks for the insight, I’ll look that up.",idontcare78,covidlonghaulers,1,2020-07-31T23:59:36,t1_fzxhkkm,comment,reddit,pushshift
fzxtr3m,i0kdqs,"Don’t panic about your hair. Dr. Daniel Griffin on This Week in Virology ep 642 (25 min mark) says it’s more that new hair growth stops for a bit too, so it can look at lot worse than it really is.",chesoroche,covidlonghaulers,2,2020-08-01T00:59:27,t1_fzxmzy9,comment,reddit,pushshift
fzxui8z,i1ivnv,"I had something like this before about 10 or 15 years ago. Same sob, same chest pain, same brain fog. But it only lasted about 3 weeks. Then mine resolved and I've had no more lung symptoms until now with covid. This one seems to be clearing up too.",EmpathyFabrication,covidlonghaulers,2,2020-08-01T01:07:03,t3_i1ivnv,comment,reddit,pushshift
fzxv4w5,i1ivnv,"Good news that it’s clearing up! My pulmonologist said it would clear up eventually. It’s very individual... could last from 8 weeks to months... 

How long have you been sick?",ballerinna85,covidlonghaulers,1,2020-08-01T01:13:19,t1_fzxui8z,comment,reddit,pushshift
fzxv8y5,i1i1mp,I've had such powerful realistic dreams lately that when I wake up I'm somewhat traumatized from them. Some of them I still remember like they were real life memories.,Straight_Carpet,covidlonghaulers,3,2020-08-01T01:14:23,t3_i1i1mp,comment,reddit,pushshift
fzxwi0g,i1ivnv,About 4 months but lung iasues were only the first month,EmpathyFabrication,covidlonghaulers,2,2020-08-01T01:26:33,t1_fzxv4w5,comment,reddit,pushshift
fzxyh1k,i1ivnv,"You are very lucky! My only issue is the lung issue, everything else is fine...",ballerinna85,covidlonghaulers,1,2020-08-01T01:46:06,t1_fzxwi0g,comment,reddit,pushshift
fzy54c0,i0kdqs,"I haven't had the tingling/burning but I did have headaches for the first couple months that felt like veins pulsating all the way down into the neck. I do get a chest pain sometimes that feels like it's originating from the bones of the chest, like a sharp hard stabbing. It's similar to voluntarily cracking the chest (like cracking knuckles) only this is not voluntary and it is actually painful. It seems worse in the morning, as does a spongy feeling in the chest. Also, not so much pain, but I have had a consistent discomfort of the chest that feels like a ball is in it (near the bottom, like above the stomach) which seems to restrict my voice and makes it painful to talk. I can't go to any doctors because no health insurance and currently unemployed. I have money in the bank but don't want to blow through it all on doctor bills. I am also afraid to go anywhere because I don't want to catch it again.",Cronokkio,covidlonghaulers,2,2020-08-01T02:53:42,t1_fzvjyex,comment,reddit,pushshift
fzy5vyq,i0aj4z,"You can eat to target the inflammatory cytokines associated specifically with covid cytokine storm and/or Macrophage Activation Syndrome. I say and/or because opinions differ as to which one is causing the long tail. 

Let’s look at IL-6 first. We know pharmaceutically, this is one is getting a lot of attention. If a hospitalized patient is going downhill fast, they’ll try to suppress IL-6 with tocilizumab. This lowers inflammation. 

If you want to raise IL-6, btw, you can train for a marathon. 

Without evaluating your entire diet, I can off-hand see that you include olive oil (lowers IL-6) and bread (browned things contain acrylamide, which raises IL-6). You could substitute oats (lowers IL-6) with blueberries (lowers IL-6) but not dried pears (raises IL-6).",chesoroche,covidlonghaulers,3,2020-08-01T03:01:50,t3_i0aj4z,comment,reddit,pushshift
fzy8cxi,i0kdqs,"I looked it up and the hair loss isn’t the same. It’s shedding from underneath. I have a ton of hair and it’s the same kind of loss I’m used to, just a bit more.

I’ll still go ahead and get the biopsy.",idontcare78,covidlonghaulers,1,2020-08-01T03:28:23,t1_fzxtr3m,comment,reddit,pushshift
fzy9mi7,i1i1mp,[deleted],[deleted],covidlonghaulers,2,2020-08-01T03:42:23,t3_i1i1mp,comment,reddit,pushshift
fzybu7r,i1d8r6,"I had the fatigue for sure. I found the vitamins helped a lot (I took a lot of VC in addition to the others) and some time in the sunshine every day. Even now, when I'm pretty much recovered, when I'm fatigued I try to get some sunshine.",BasqueOne,covidlonghaulers,2,2020-08-01T04:07:00,t3_i1d8r6,comment,reddit,pushshift
fzycjua,i0kdqs,That’s interesting about the threonate form. It has such a great backstory too.,chesoroche,covidlonghaulers,1,2020-08-01T04:15:10,t1_fzqf7z6,comment,reddit,pushshift
fzycrs3,i0kdqs,What made the pins and needles go away?,chesoroche,covidlonghaulers,1,2020-08-01T04:17:42,t1_fzuqgs7,comment,reddit,pushshift
fzymvjj,i1i1mp,"That has been me too. Up until this all happened, I couldn’t even remember a dream. Now it’s like intense vivid dreams that sometime upset me into the day.

I recall one in particular when I first got sick and didn’t realize what was going on. 
It was so emotionally raw and real (triggering feelings about real people in my life) that had to talk it through with a friend who knew about this issue I had. 

Other stuff has been just plain weird, but too real. 

Also I can’t fall asleep till after 12 no matter how tired I am and need a sleep aid now.",idontcare78,covidlonghaulers,2,2020-08-01T06:32:12,t1_fzxv8y5,comment,reddit,pushshift
fzyp89g,i1gs3r,"I had this (except for cold sweats) for about a month, in May/June, I was in bed for the entire month. I only got up to get food, and have a bird bath (I would have been mortified if I had a medical emergency and medical personnel found me smelling). I’ve also been sick since March.",[deleted],covidlonghaulers,2,2020-08-01T07:08:21,t3_i1gs3r,comment,reddit,pushshift
fzyr3cy,i1i1mp,"I’ve been sleeping with a light on for about two months because of a dream that I had twice, where a shadow tries to absorb the spirit out of my body. In both dreams the light switches and cellphones don’t work when I try to turn on the lights. I had this dream at the peak of my illness. I’ve been sick since March.",[deleted],covidlonghaulers,2,2020-08-01T07:38:39,t3_i1i1mp,comment,reddit,pushshift
fzyxprw,hzkeu9,"Have you been tested for autoimmune disease (anti-nuclear antibodies)?

Edit: Sorry, I dug more into your history and you say you tested ANA positive, but further tests didn't turn up anything. But, may I ask, how elevated was the titer on the first test, and what was the pattern?",Friskyseal,covidlonghaulers,1,2020-08-01T09:34:39,t1_fzlegbx,comment,reddit,pushshift
fzyxznu,i0kdqs,"I   am afraid to go to. Even though I  been many times
 Right my whole body is buzzing and tingling pain. Have chest pain to and burning in my head, so worried about blood clots but just don't know what to do. I also have dark blue veins that just recently appeared. Have you had any of these issues?",kkangel2473,covidlonghaulers,2,2020-08-01T09:39:31,t1_fzy54c0,comment,reddit,pushshift
fzyykbm,i172ng,Did you have any tingling anywhere on your body or burning g sensation at the time?,kkangel2473,covidlonghaulers,1,2020-08-01T09:49:39,t1_fzwo7e2,comment,reddit,pushshift
fzz1cm0,i1i1mp,Every night since March I’ve had 2-3 dreams a night and wake up after each one,kolad3,covidlonghaulers,1,2020-08-01T10:39:30,t3_i1i1mp,comment,reddit,pushshift
fzz1eak,i1f8xc,Hi I been sick for over 3 months and I see you mentioned edema. How do you recognize when you have edema?,kkangel2473,covidlonghaulers,1,2020-08-01T10:40:20,t1_fzxiy3p,comment,reddit,pushshift
fzz1hi8,i0qrdi,Wow that's a long time! I been sick for over 3 and worried about clotting now. Can you offer any advice?,kkangel2473,covidlonghaulers,1,2020-08-01T10:41:55,t3_i0qrdi,comment,reddit,pushshift
fzz8wwv,i1qul5,"It could launch a immune disease, but i would guess it's an effect from covid infecting or affecting the joints or nerves. Personally i think it's your nerves being affected, which gives out weird signals across the body. I myself experience joint pain in my hands, but in reality nobody really knows why. The best thing you can do is to eliminate possible diseases through tests. This is what i have been doing at the hospital. I think and hope it will disappear. Also sorry, i am not a healthcare provider.",skinke280,covidlonghaulers,1,2020-08-01T12:39:29,t3_i1qul5,comment,reddit,pushshift
fzz9ldq,i1qul5,"You should see a rheumatologist, who is the correct person to be evaluating you for an autoimmune disease and interpreting those lab results.",penguina83,covidlonghaulers,2,2020-08-01T12:48:32,t3_i1qul5,comment,reddit,pushshift
fzzajep,i1f8xc,Mine is just swelling in the ankles but it comes and goes. Bedrest seems to make it worse for me.,EmpathyFabrication,covidlonghaulers,1,2020-08-01T13:00:34,t1_fzz1eak,comment,reddit,pushshift
fzzaruw,i1qul5,There are a number of viruses that  can cause positive ana like hep c and ross river virus and it sometimes resolves on its own. A rheumatologist can give their professional opinion but no one seems to know what its doing to the body,EmpathyFabrication,covidlonghaulers,1,2020-08-01T13:03:30,t3_i1qul5,comment,reddit,pushshift
fzzasi0,i1kf6k,"I’ve had a sensation, like a lump in my throat or my shirt collar too tight. I find myself sweeping my neckline with my hand to make sure nothing is restricting it. When my chest pain and sob flare up, I feel it the most. Sometimes pain around collarbone but I don’t feel pain in my throat, but the lump sensation (like when you’re about to cry). Is that similar to your pain?",frankfromsales,covidlonghaulers,2,2020-08-01T13:03:44,t3_i1kf6k,comment,reddit,pushshift
fzzaxsi,i1nrgk,"Yes. I’ve cut out triggers, which have been sugary and caffeinated drinks. Increased my water intake exponentially. It’s decreased the frequency, but sometimes they just show up without warning, and I have to just ride them out. No meds have helped me.",frankfromsales,covidlonghaulers,3,2020-08-01T13:05:33,t3_i1nrgk,comment,reddit,pushshift
fzzc16p,i1f8xc,We're you diagnosed? And if you were how did they diagnose you? I been having some swelling to and in my abdomen as well as ankles. Are you taking any meds? During this time? Thank you for your input,kkangel2473,covidlonghaulers,1,2020-08-01T13:19:13,t1_fzzajep,comment,reddit,pushshift
fzzg0rt,i1f8xc,Presumed positive several times from telehealth. It has been hard to get tested here especially when I got sick. Not taking meds. I was prescribed an inhaler but I was too sick to pick it up and my lungs are better now.,EmpathyFabrication,covidlonghaulers,1,2020-08-01T14:03:19,t1_fzzc16p,comment,reddit,pushshift
fzzhzh7,i1nrgk,"Yes, i wish i could be more help and tell you i took some kind of remedy and poof it was gone but i cant, nothing helps it and im just waiting for it to disappear. Ive even tried fioricet and it didn’t touch this headache.

I went to the ER last night because i was so fed up with the pain. They did a ct scan without contrast and said it was normal and to see a neurologist. So ill be seeing one on Monday. Ill let you know how it goes.",Affectionate_Ad_3815,covidlonghaulers,3,2020-08-01T14:23:01,t3_i1nrgk,comment,reddit,pushshift
fzzi5tm,hxj35t,It’s been since March for me too😞,Local-Whole-8474,covidlonghaulers,1,2020-08-01T14:24:52,t3_hxj35t,comment,reddit,pushshift
fzzic6f,i1f8xc,What are your symptoms?,kkangel2473,covidlonghaulers,1,2020-08-01T14:26:35,t1_fzzg0rt,comment,reddit,pushshift
fzziqcy,i1f8xc,"First month sob, cough, GI, then months of neurological symptoms, worse GI, fatigue, now just insomnia some nights",EmpathyFabrication,covidlonghaulers,1,2020-08-01T14:30:19,t1_fzzic6f,comment,reddit,pushshift
fzzjwgq,i1f8xc,How long were you sick again??,kkangel2473,covidlonghaulers,1,2020-08-01T14:40:57,t1_fzziqcy,comment,reddit,pushshift
fzzkoh2,i172ng,"Actually I still have some tingling mostly on my feet that comes and goes, it seems to be improving like the whole package of symptoms. It used to be worse a month ago.",hnanana,covidlonghaulers,1,2020-08-01T14:47:53,t1_fzyykbm,comment,reddit,pushshift
fzzld7i,i0por1,"I don't think we are contagious. There have been some studies about long haulers at this point (the type of long haulers that have positive pcr tests months after the first one) and it seems it's dead virus. 
Maybe we still fighting it ""inside"" but it doesn't seem that we can spread it. 
My guess is that the medical community has a huge lobby against chronic or long term diseases as they are EXPENSIVE. This will explode as the long covid cases grow.",hnanana,covidlonghaulers,1,2020-08-01T14:53:30,t3_i0por1,comment,reddit,pushshift
fzzlkz3,i1f8xc,19 weeks,EmpathyFabrication,covidlonghaulers,1,2020-08-01T14:55:14,t1_fzzjwgq,comment,reddit,pushshift
fzzmwko,i1i1mp,"Same. I wake up often thinking I’m in another period of my life because it was so intense in my dream and take a while to reorientate. I’ve also been getting really odd, powerful waves of nostalgia and emotion that are totally unrelated to what I might be doing. 

It’s like as if the my brains control centre was operated by a keyboard and I’ve got a bloody cat running over it and sleeping on it at random intervals.",welshpudding,covidlonghaulers,2,2020-08-01T15:06:04,t1_fzxv8y5,comment,reddit,pushshift
fzzomlx,i1f8xc,I am guessing I will be right there with you.... ughhhh,kkangel2473,covidlonghaulers,1,2020-08-01T15:21:10,t3_i1f8xc,comment,reddit,pushshift
g00b2y7,i1v5sh,I'd like to open the article but gives me tons of anxiety. Is it click bait? Any ;tldr????,hnanana,covidlonghaulers,2,2020-08-01T18:24:34,t3_i1v5sh,comment,reddit,pushshift
g00cgtj,i1v5sh,"The Conversation is a serious website and this is written by an infectious disease specialist so no click bait.

It's a general discussion over what we know about how viral infections can persist and whether long-term post-COVID-19 illness is driven by viruses that hide in the body or an immune reaction gone wild.

Some viruses are very good at hiding in the body and it could be that SARS-CoV-2 is one of them. HIV is one of the scary ones but so are some common herpesviruses like the one that gives chickenpox and can flare decades later. Nearly every human is infected with some ""benign"" herpesviruses, or at least are thought to be benign. So this is not new, but largely unexplored territory since it's so hard and expensive to study.

It's the central question over why symptoms persist in some, but for now no answers, only questions. Medicine has a crap ton of work ahead on a topic that has been mostly left to the future until reality decided to change that timeline.",strangeelement,covidlonghaulers,5,2020-08-01T18:35:28,t1_g00b2y7,comment,reddit,pushshift
g00hpg1,i1v5sh,"My eyes were persistently infected. I did not feel better until they cleared up and that took a long time. They still show little signs, which makes we worry a bit, especially after reading this. 

But seriously an interesting article.",idontcare78,covidlonghaulers,3,2020-08-01T19:17:54,t3_i1v5sh,comment,reddit,pushshift
g00ogjg,i1v5sh,"Chronic fatigue syndrome is hypothesized to be due to lingering virus in the body after major infections. People underestimate chronic fatigue disease as if the patients will get better after a long relaxing nap. These patients don’t ever get rest even if they stay in bed 23 hours for days and months, which is what some of them do with no choice. There is no cure for chronic fatigue syndrome. There is no cure for viruses that stay and linger in human body.",fiesty-foxy,covidlonghaulers,3,2020-08-01T20:16:26,t3_i1v5sh,comment,reddit,pushshift
g00rp8x,i1v5sh,"I've been reading about ME/CFS as many doctors are tagging us with that but in my experience long covid has a specific mechanism that we need to explore: relapses. For example now I'm feeling better. Will this last? Who knows, I thought I was cured before, with zero (zero) symptoms. I don't dig the re-infection theory. Just a thought about this whole situation.",hnanana,covidlonghaulers,2,2020-08-01T20:45:10,t1_g00ogjg,comment,reddit,pushshift
g00s2b5,i1v5sh,"After recovery virus goes dormant and then flares up when the immune system is fighting with something else or when there is physical or psychological stress. Also, there is something called abortive form of the virus which doesn’t replicate but get stuck in your cells and make your cells work in defective ways. It is the chronic mild virus replications that make the most destruction to human body. Your body is able to fight acute viral loads. If there is a chronic and systemic viral infection, it will break down normal body functioning over time.",fiesty-foxy,covidlonghaulers,4,2020-08-01T20:48:21,t1_g00rp8x,comment,reddit,pushshift
g00tsv6,i1v5sh,"Thanks for your response! As it seems that you know about this topic, do you think that we will be able to clean up covid or what should we do to literally survive till there's treatment for the long version?
I think I'm doing fine now, like, chill and healthy foods, some supplements, but no doctor knows what's happening.",hnanana,covidlonghaulers,1,2020-08-01T21:04:07,t1_g00s2b5,comment,reddit,pushshift
g00vklk,i1v5sh,"I am no expert in predicting what will happen. However, I think it will disappear on its own in 2 years from now. The virus has to mutate to survive as people will be developing anti bodies from prior infections. But, subsequent re-infections will be more severe. The same way the Spanish flu progressed and then disappeared. Also, there has been years of malaise in public health following the end of Spanish flu. It could have been the chronic fatigue syndrome, but back then the medical experts labeled such diagnoses as “mass hysteria.” 

The good news that could emerge from Covid-19 is that there would be more seriousness and scientific rigor in understanding and researching CFS. I don’t think anyone can cure virus once it is in the host, but at least there could be some viral load medication similar to delaying HIV infection progressing into AIDS (4 years vs. ~25 years).",fiesty-foxy,covidlonghaulers,3,2020-08-01T21:21:01,t1_g00tsv6,comment,reddit,pushshift
g00wt25,i1v5sh,"Well this scares me as I've had covid symptoms on and off for 5 months now, hope we find a treatment soon :(",hnanana,covidlonghaulers,2,2020-08-01T21:32:57,t1_g00vklk,comment,reddit,pushshift
g00z407,i1reph,"Try not to push yourself. 

There's a lot of people here and on the larger covid-subreddit that have got fatigue, and the advice are generally to rest, drink a lot of water and don't push yourself like before. You could try a diet too. If you google around you'll find lots of threads on it.",Chiaro22,covidlonghaulers,1,2020-08-01T21:54:27,t3_i1reph,comment,reddit,pushshift
g013ur6,i1nrgk,That’s the least of it,bapebandit,covidlonghaulers,2,2020-08-01T22:40:07,t3_i1nrgk,comment,reddit,pushshift
g015ejp,i1nrgk,Thank you! Good luck.,apickledcucumber,covidlonghaulers,1,2020-08-01T22:55:15,t1_fzzhzh7,comment,reddit,pushshift
g015h70,i1nrgk,Thank you for the tips!,apickledcucumber,covidlonghaulers,1,2020-08-01T22:55:58,t1_fzzaxsi,comment,reddit,pushshift
g01c2ql,i0kdqs,"Steroids got rid of them, they returned after I was done with my course, and now B12 has been getting rid of them.",RemoteEmote,covidlonghaulers,1,2020-08-02T00:01:19,t1_fzycrs3,comment,reddit,pushshift
g01fkwf,i1nrgk,"I have had a headache for 3 weeks.
So painful 😣",Local-Whole-8474,covidlonghaulers,2,2020-08-02T00:36:53,t3_i1nrgk,comment,reddit,pushshift
g01kl3k,i0kdqs,It must have been frustrating they returned but nice that B12 fixed it. I like nutritional medicine.,chesoroche,covidlonghaulers,1,2020-08-02T01:27:31,t1_g01c2ql,comment,reddit,pushshift
g01mhxq,i1v5sh,"All of this is bullshit. We don't know what cfs is or if long covid is even related to the disorder. There's no evidence covid is remaining in the body and causing prolonged disease. And there's no reason to think the virus will mutate to get worse just because people develop antibodies. The virus doesn't ""want"" to survive. Evolution doesn't work that way.",EmpathyFabrication,covidlonghaulers,3,2020-08-02T01:46:50,t1_g00vklk,comment,reddit,pushshift
g01mq1y,i1v5sh,The burden of proof is on you. What scientific sources you can provide to make your argument less of a bullshit?,fiesty-foxy,covidlonghaulers,0,2020-08-02T01:49:11,t1_g01mhxq,comment,reddit,pushshift
g01oiv7,i1v5sh,"It's on you. You made the claims. As for the evolution thing, the virus is an unconscious actor. And evolution at large just responds to selective pressure. There's no reason a virus should change in any particular direction unless the ""worse"" strain were to become more fit for some reason. But that wouldn't necessarily be because another strain became less common. Why is it whenever I see someone on the covid subs talking about cfs it's almost guaranteed that they will be spouting these wild claims and when you call them out they say ""no u!""",EmpathyFabrication,covidlonghaulers,2,2020-08-02T02:07:56,t1_g01mq1y,comment,reddit,pushshift
g01olup,i1v5sh,"No, I want you to disprove me with facts and sources. Please.",fiesty-foxy,covidlonghaulers,1,2020-08-02T02:08:49,t1_g01oiv7,comment,reddit,pushshift
g01vzdv,i1qul5,Thanks for your input! I want to look into that....,Diane_homebound,covidlonghaulers,1,2020-08-02T03:25:00,t1_fzz8wwv,comment,reddit,pushshift
g01w434,i1qul5,"If my GP doesn’t get results this week, I think you are right... I should book an appointment w a rheumatologist.",Diane_homebound,covidlonghaulers,1,2020-08-02T03:26:27,t1_fzz9ldq,comment,reddit,pushshift
g01w5q7,i1qul5,So true!  Thanks for the info...,Diane_homebound,covidlonghaulers,1,2020-08-02T03:26:55,t1_fzzaruw,comment,reddit,pushshift
g022puf,i1qul5,just to follow up- I had some more abnormal lab results- very low C3 C4 levels (complement)- these are signs of autoimmune vasculitis. You might have your doctor run these labs also. I'm having rashes and I'm pretty sure I have hypocomplementeric urticarial vasculitis. Haven't followed up with my rheumatologist yet.,penguina83,covidlonghaulers,1,2020-08-02T04:43:14,t1_g01w434,comment,reddit,pushshift
g027x58,i1v5sh,MHC I elimination(covid does this just like hiv does) might lead to delay in virus clearance from infected cells. Also CD8+ t cells are found defective in covid19 which again does not bode well for immunity.,Smart_Elevator,covidlonghaulers,2,2020-08-02T05:53:08,t1_g00rp8x,comment,reddit,pushshift
g0289j2,i1v5sh,"There's no concrete evidence so far but there are implications. For example, viral RNA was detected in ""recovered"" patients blood post 40 days in recovery. How is that possible unless a)virus is low key replicating in immune privileged site b)body fails at viral clearance. 

This virus infects megakaryocytes. Platelets. It's been shown to successfully invade and replicate inside brain. It's very possible, even probable for it to stay dormant in body for a prolonged period.",Smart_Elevator,covidlonghaulers,3,2020-08-02T05:58:01,t1_g01mhxq,comment,reddit,pushshift
g028esa,i1v5sh,"If you don't mind, can you share what you felt during this eye infection? 

My eyes are dry and I can see red lines in them and it's freaking me out.",Smart_Elevator,covidlonghaulers,2,2020-08-02T06:00:06,t1_g00hpg1,comment,reddit,pushshift
g029snu,i1v5sh,"So the whites of my eyes were red or pink, the rims would be redder too. They would have a small amount of discharge in the corners (sometimes a little crusty) and they’d be wet. 

However, that was in the morning only. When I’d first wake up they would feel really dry and tight. And it would hurt to look at anything until they started tearing up. (Still feels that way first thing in the AM).

I’d clean them and then in the afternoon they’d just be glassy and my lids a little puffy. The whites would have a tinged to them but it wasn’t obvious. They just looked a bit unhealthy.
They were also light sensitive and my vision was blurry.

Which was a different blurriness then I had when  I was having more brain fog symptoms. 
Occasionally I’d feel pressure behind them and once in a awhile irritation.

Antibiotic drops did nothing but make them worse and antihistamines did nothing.

Here’s a link describing them as a Covid symptom, I stumbled on it one day and I was like that’s it!!

Hope this helps.

https://newsnetwork.mayoclinic.org/discussion/unusual-coronavirus-covid-19-symptoms-what-are-they/",idontcare78,covidlonghaulers,3,2020-08-02T06:20:52,t1_g028esa,comment,reddit,pushshift
g02icxt,i1v5sh,"As I'm suffering this, I would like to have the sources. It could literally save many lives to convince the medical community in looking long covid as an infectious disease rather than a post viral one of that's the case.",hnanana,covidlonghaulers,1,2020-08-02T08:14:02,t1_g0289j2,comment,reddit,pushshift
g02io9i,i1v5sh,Oh I have EXACTLY the same thing. I noticed that if I sleep more it gets better. It seems to be improving but there are times where the blurry vision hits me again. I'm just sooo tired of it.,hnanana,covidlonghaulers,2,2020-08-02T08:17:41,t1_g029snu,comment,reddit,pushshift
g02mts4,i1v5sh,"https://www.medrxiv.org/content/10.1101/2020.06.23.20137596v1

https://www.acpjournals.org/doi/10.7326/L20-0725

https://www.biorxiv.org/content/10.1101/2020.05.24.111823v1

https://www.biorxiv.org/content/10.1101/2020.07.28.225912v1.article-info

https://www.medrxiv.org/content/10.1101/2020.07.01.20144030v1

https://hub.jhu.edu/2020/07/01/covid-19-mini-brain-models/

This virus profoundly impacts your immune system and causes dysregulation. Killer t cells seem ineffective at clearing virus. Antibodies disappear fast (although one chinese study found them after 6 months) and antibody tiers positively corelate with severity of infection. So I'm not even sure if immunity/complete viral clearance is possible. 

Oh and iran is reporting credible reinfection stories where second infection seems more severe than initial one. The virus also seems to induce autoimmunity in some people. Basically the more you reserach (I've been doing research since Jan) more hopeless it seems.",Smart_Elevator,covidlonghaulers,5,2020-08-02T09:05:53,t1_g02icxt,comment,reddit,pushshift
g02yk3m,i1v5sh,So you preface your statement by saying there's no evidence then you say its possible and probable. No links to relevant data you mentioned.,EmpathyFabrication,covidlonghaulers,1,2020-08-02T11:13:54,t1_g0289j2,comment,reddit,pushshift
g03aj78,i1v5sh,What's your evidence that t cells can't clear virus? And there is no evidence of reinfection yet. You are on this sub and the other covid sub spreading fear mongering misinformation about science that you don't understand. No wonder we can't post links on the other sub. Maybe we ought to implement that rule here to prevent people like you from posting bullshit all day.,EmpathyFabrication,covidlonghaulers,-1,2020-08-02T12:57:39,t1_g02mts4,comment,reddit,pushshift
g03c7nr,i2253h,"This is an interview with DR Yo and Dr Patterson about long hauler symptoms, why it’s happening and the cure!


https://youtu.be/m-QwvDlF4UU",dale63vsnv,covidlonghaulers,2,2020-08-02T13:09:02,t3_i2253h,comment,reddit,pushshift
g03d8f3,i2253h,What did they say the cure is,nyanya1x,covidlonghaulers,2,2020-08-02T13:15:48,t1_g03c7nr,comment,reddit,pushshift
g03hg0m,i2253h,"Thanks, this is super informative. The RANTES disease sounds compelling.",twosummer,covidlonghaulers,1,2020-08-02T13:43:44,t1_g03c7nr,comment,reddit,pushshift
g03n1qe,i1edvs,"I love that this is now something under investigation. SO MUCH more to go, but at least the ball is rolling!",Rabjaffar,covidlonghaulers,3,2020-08-02T14:20:06,t3_i1edvs,comment,reddit,pushshift
g03nkjq,i1v5sh,"Do read through the links i posted, if you are capable of basic reading, that is. killer t cells were ineffective at clearing the virus, it's right there in Chinese study. I'm blocking you because people like you are the reason we have such a poor situation in the first place. 

China is fear mongering too right? That's why they are doing everything to stop the virus. We have a novel virus thats puzzling doctors everywhere but hey, let's not discuss about it, because, it's fear mongering. Do you even listen to yourself?",Smart_Elevator,covidlonghaulers,3,2020-08-02T14:22:55,t1_g03aj78,comment,reddit,pushshift
g03nwhw,i172ng,"Some more natural ways you can try to control it just in case it is clotting related are:

**Anticoagulant foods:** ginger, cinnamon, red grapes, salmon, turmeric, garlic, vit E, 16oz/3hrs of water *(Covid-19 is known to be a blood clotting disorder as well)*

**Nitric Oxide Foods** (for vasodilation): beetroot, spinach, celery, lettuce, Arugula *(Covid accelerates NO2 deficiency according to* [*nim.nih.gov*](https://nim.nih.gov)*)*

**Anti-inflammatory Foods**: turmeric, green tea, nuts (almonds, walnuts), tomatoes, peppers, green leafy (spinach), berries, grapes, oranges, cherries, avocados, seeds, pineapple, mushrooms, fatty fish (tuna, salmon, mackerel), dark choc, bone broth, beans",Rabjaffar,covidlonghaulers,2,2020-08-02T14:24:54,t3_i172ng,comment,reddit,pushshift
g03pjpx,i172ng,"Thanks, I was taking nattokinase and actually worried it could be actual bleeding and not clotting blood",kkangel2473,covidlonghaulers,1,2020-08-02T14:35:09,t1_g03nwhw,comment,reddit,pushshift
g03v0qg,i1nrgk,"Yes, and my daily headaches didn't start until day 14 of having symptoms. I maybe had 3 or 4 headaches in the first week, but they went away after taking Advil. I have them every day now, and no medication touches them.",Zewsey,covidlonghaulers,2,2020-08-02T15:09:45,t3_i1nrgk,comment,reddit,pushshift
g03w4h1,i2dma7,"It's not anxiety. I catched it at the beggining of March , ""recovered"" and had a relapse in May. It took me 2 months to ""recover"" again. Now I'm doing really gentle, not sure if I really overcame it or if I'll have another relapse. My point is that the bedridden fatigue lifted a few weeks ago, so hang in there.",hnanana,covidlonghaulers,4,2020-08-02T15:17:27,t3_i2dma7,comment,reddit,pushshift
g03wc28,i2dma7,"Of course it's not anxiety.

You'll get better again, then relapse, then get better again etc. Don't be disheartened, look at the big picture - and I bet the overall trend on the graph is upwards.

Also, see if you can isolate any relapse triggers. Maybe when you felt a million dollars you went about life with a little bit too much gusto? This long covid thing seems to reward caution and patience.

Good luck!",MancunianSunrise,covidlonghaulers,12,2020-08-02T15:19:01,t3_i2dma7,comment,reddit,pushshift
g03zwn1,i2dma7,"Thanks for the validation. It’s something I desperately wanted when I was going to all those visits. The first time I did overdo it when I went back to work, but the second time I was pretty excited but tried not to overdo it too much after reading all the posts in here about triggers. 

If/when I get through this third time I’m definitely going to baby myself even more- it’s just , for how long? I miss being “normal”.",Viradavinci,covidlonghaulers,2,2020-08-02T15:43:34,t1_g03wc28,comment,reddit,pushshift
g040m4d,i2dma7,"That seems to be the trend. No scientist but ive dont quite a bit of research and reading 1000 different peoples experiences. The only thing that seems to heal people is time and patience. Go easy on yourself and dont expect a whole lot its a slow process. Your body is right when it tell you its tired. Ive been dealing with overwhelming fatigue for 2 months now. The best thing is to eat right, drink plenty of water and rest. I wish you the best!",Lipsk33t96,covidlonghaulers,6,2020-08-02T15:48:42,t3_i2dma7,comment,reddit,pushshift
g044518,i2dma7,"27 Female, I got COVID-19 in early March. I feel like there is a weight on my chest, it hurts to breathe with every breath, I can't take full breaths consistently, and I always feel SOB as a result... even after doing nothing but sleeping or sitting or laying around. I was a very active person previous to COVID-19, I used to work two jobs where I was on my feet running around a lot and regularly had 15 hour days. Now I can barely do one job (I quit the second job). I felt 80% better in June but now I'm pretty much bedridden and hoping to ride out the wave... assuming I might improve eventually. Two doctors I saw thought it was anxiety but I know it isn't. I had a host of other symptoms the first few months consistent with COVID-19 (a high temperature, no appetite in which I lost 15 pounds, diarrhea, nausea, vomiting when I forced myself to eat through my lack of appetite, coughing, tachycardia)... I had no previously existing health conditions and, like a switch being flipped, now I feel like I'm 80 years old. The echocardiogram and X-Rays didn't show anything too concerning (apparently), although one doctor (who did believe I had gotten COVID-19) told me I could have pleurisy. This was back in the middle of April. The last few days I've started tasting blood in the back of my throat. I'm afraid this taste is a sign that I'm not getting better, but what can I even do, if my doctors can't apparently ""find"" anything wrong? Even the doctor who believed I had COVID-19 only offered taking Tylenol and resting. I just want some semblance of my life back. I just want to breathe normally again. I'm only 27 - if this is my life now, does that mean I will never be able to hike again? Or ride a bike? I hope I'll get better eventually but the more time passes, the more I get the feeling that whatever damage the virus did to my lungs is permanent, and that I'll never be able to take a pain-free, full breath again.",vistarmonei,covidlonghaulers,5,2020-08-02T16:11:23,t3_i2dma7,comment,reddit,pushshift
g044drs,i1qul5,Oh no!   Yeah...that was included in my bloodwork.  I still haven’t gotten results back though.  Hope they get this under Control for you soon!  Keep us posted please!,Diane_homebound,covidlonghaulers,1,2020-08-02T16:12:57,t1_g022puf,comment,reddit,pushshift
g045cor,i2dma7,Hang in there. It isn’t anxiety. Unfortunately new illnesses always have doubt until the evidence smacks the medical community in the face. My own doctors wouldn’t even consider getting me a test for the first week i was sick because I have anxiety in my chart. I also think docs are just compassion fatigued and sick of dealing with this illness that is becoming harder and harder to manage as people don’t care about protecting themselves and others.,lvl0rg4n,covidlonghaulers,6,2020-08-02T16:19:38,t3_i2dma7,comment,reddit,pushshift
g048v0c,i1v5sh,"The blurry vision was getting so old. I was losing it. It hurts your head to try read anything.

It would fluctuate a lot, like some days looking like it was improving, only to get come back. 

Just like every symptom other symptom..  

This morning I noticed they aren’t looking as good as they were. Slightly more red then they’ve been for the last couple week, I couldn’t see until I cleaned them and there was a small amount of discharge. FML.


I have trouble sleeping.",idontcare78,covidlonghaulers,2,2020-08-02T16:45:44,t1_g02io9i,comment,reddit,pushshift
g049u9v,i1v5sh,"I wonder if an ophthalmologist could catch if we have something or if is like all the other covid symptoms that show clear tests. I'll wait a little bit before going, I checked my vision back in January so it doesn't make sense that my graduation went to shit in that little.",hnanana,covidlonghaulers,2,2020-08-02T16:52:29,t1_g048v0c,comment,reddit,pushshift
g04ajdr,i1v5sh,"

My vision is pretty much back to normal now, now that my eyes cleared up. 
It was a 100% the infection.  
It just take time for your body to clear it. 

I’m just hoping it not coming back. 

It do however worry there be might damage, they were sick for so long. 

So eventually I’ll get them checked, I need to anyway since I’m over 40.",idontcare78,covidlonghaulers,2,2020-08-02T16:58:10,t1_g049u9v,comment,reddit,pushshift
g04azwi,i1v5sh,"That’s an uncomfortable possibility, to say the least..",idontcare78,covidlonghaulers,1,2020-08-02T17:01:36,t1_g00s2b5,comment,reddit,pushshift
g04boe7,i2253h,"If you watch the interview Dr Patterson explained what’s happening inside the body to cause the symptoms and what the drug is doing to specifically reduce the effects. 

Leronlimab id the drugs name",dale63vsnv,covidlonghaulers,1,2020-08-02T17:07:13,t1_g03d8f3,comment,reddit,pushshift
g04d5ug,i2253h,I wonder why it hasn’t been tested on long haulers yet ?,nyanya1x,covidlonghaulers,1,2020-08-02T17:19:47,t1_g04boe7,comment,reddit,pushshift
g04dlvu,i1v5sh,"Relapses are a main feature of ME/CFS. Most cases are relapsing-remitting. It frankly resembles MS a bit in its classification. There are slow progressive cases that never really plateau but slowly regress and some cases regress immediately to severe state and never improve. 

The main feature of ME/CFS is called [post-exertional malaise](https://me-pedia.org/wiki/Post-exertional_malaise). It's a terrible name but generally speaking it's an increase in symptoms that feels like your body is drained of energy. It's also very painful. The effect can be delayed and it's very unpredictable. It usually worsens from even minor exertion but can also happen with almost no exertion, it makes it difficult to plan anything.

The main reason this is missed is because most doctors don't even know about this, think ME/CFS is just fatigue, when actually it's basically the same as long COVID: you get sick, you remain sick, symptoms are weird, numerous, varied and wildly fluctuating. Most of the symptoms are either neurological or autonomic, which are basically unmapped territory for medicine and ripe with weird people pushing psychosomatic snake oil. 

The main question remains the same: is is the pathogen or is it an immune system reaction? We just don't know because it's never been adequately studied because psychosomatic models have dominated and blocked all progress. The only advice is rest and pacing, limiting your activities until symptoms are gone. Most recover but it can take months or years. For those who don't recover, currently the standard approach is to simply abandon them to fend for themselves so it's critical to rest early on to avoid the illness being chronic. Past 6 months recovery is very rare, less than 5%. Dismiss any doctor who considers it psychological or advised exercise, they have been trained wrong.",strangeelement,covidlonghaulers,6,2020-08-02T17:23:14,t1_g00rp8x,comment,reddit,pushshift
g04ekvs,i0qrdi,"It seems like the pulmonologists are the ones who are least likely to gaslight you these days.  My wife's PC gaslighted her because ""it's March, there are no cases here..."" though she'd had the symptoms since January.  
When I ran it past my PC out of curiosity at a visit a couple of months later, he said it was very probably COVID...and if she'd had it for two months, then I had probably had a mild case.  
When my wife heard that, when she went to visit her cardiologist, they sent her for heart tests.  (This is June now, she'd gotten over the virus a week or so after her last PC visit.)  Any heart damage was minimal, and ironically the minor plaque blockage they found in her artery during the last heart cath had improved.  
The one thing the PC did right was to refer her to her pulmonologist, since she hadn't been there for a while (she's asthmatic).  He told her in no uncertain terms that she had definitely had COVID back then, was more than a little irritated that two urgicare visits and a PC hadn't bothered to do any diagnostic work when she was going through it, and set her up for lung x-rays and breathing tests.  (She had the X-ray Friday, waiting on the results.  Breathing test is in a week or so.)  But the staff at his office said they had been swarmed with COVID cases as early as February, even though everybody was still claiming officially that it was only in Seattle and NYC.",MikeStidham,covidlonghaulers,1,2020-08-02T17:31:30,t1_fzr8ljf,comment,reddit,pushshift
g04il9y,i2cp3y,Idk that ADE has been seen yet in covid but somebody put forth that hypothesis earlier this year. I might expect more widespread long term symptoms though if t cell enhancement were true. Something like 90% of people have coronavirus antibodies.,EmpathyFabrication,covidlonghaulers,1,2020-08-02T18:04:21,t3_i2cp3y,comment,reddit,pushshift
g04iona,i2fobm,Bartenders hate him!,EmpathyFabrication,covidlonghaulers,8,2020-08-02T18:05:06,t3_i2fobm,comment,reddit,pushshift
g04lk3e,i0qrdi,"I hear you, thanks for telling. It drives me crazy to see doctors ignoring our needs. Is she doing any better now?

Which heart exams has she done? Also, did you feel safe at the doctor visits prevention wise? And when doing exams etc.
Ironically enough, I believe I caught this shit at the pulmonologist’s clinic when checking for unrelated issues (normal lungs). All of this back in March, when “barely any cases” in my country.",Quittercricket,covidlonghaulers,1,2020-08-02T18:27:18,t1_g04ekvs,comment,reddit,pushshift
g04mvux,i1v5sh,"Thanks for your response. I don't know about ME/CFS relapses that much, but in my personal experience was WEIRD that I felt that I was cured. Like, 100%. Zero symptoms. Zero signals of my body telling me that something was wrong. I just was mildly fatigued. Three weeks after, bang, relapse. Old symptoms came back and some new ones. 
Now I'm feeling close to ""I'm cured"" again, but now I will not rush to resume activities, based on my previous experience. 
I agree that doctors just don't know what to do with us as there was so little research about these previously known similar diseases and now they play the ""you have anxiety!"" card with us as with ME/CFS.",hnanana,covidlonghaulers,2,2020-08-02T18:37:27,t1_g04dlvu,comment,reddit,pushshift
g04nr5x,hyhgok,"I am a patient of the Mount Sinai Post-Covid Care Center.  After my initial intake I was referred to the cardiologist, neurologist, dermatologist and rehab. The cardiologist needed to be in person, but I was offered initial televisits for the  others.  Teledoc visits are free, co-pays apply to in-person visits, however so far Ive only been charged for one.  Im sure they'll catch up eventually ;)   
Honestly, you need to be seen in person for most things, as thorough examinations cant happen over a computer screen.  
Also, I dont know if traveling here makes sense, because if you're reffered to any specialists you usually have weeks between visits to wait.",OtherPassage,covidlonghaulers,2,2020-08-02T18:43:53,t3_hyhgok,comment,reddit,pushshift
g04pnwg,i2hfyg,I was going to o ask the same what would be the symptoms of stomach bleed?!,Infinite-Card,covidlonghaulers,1,2020-08-02T18:58:34,t3_i2hfyg,comment,reddit,pushshift
g04pyg4,i2hfyg,Are you also thinking you may have a stomach bleed?,kkangel2473,covidlonghaulers,1,2020-08-02T19:00:50,t1_g04pnwg,comment,reddit,pushshift
g04r5gb,i1v5sh,"&gt; Like, 100%. *Zero symptoms*. Zero signals of my body telling me that something was wrong. *I just was mildly fatigued*.

Shows how we subconsciously adjust to a new normal where mild fatigue may as well be zero symptoms compared to how feeling very ill felt. That's what makes it so difficult to adapt, when you just want to go back to do normal things and push through what feels so mild it may as well be nothing. People are used to push through everyday tiredness but this is something else. Fatigue is usually the last symptom to go away so it can feel back to normal.

The cases that never recover are generally those that start severe and remain so. Or those who push through the illness. If you have those days of remission odds of recovery are very high, but it's important to be careful, to take it a bit like an antibiotics course and keep at it even if it feels completely gone. There's really no way to tell when that happens. Hopefully we'll know a lot more in the coming months and years, many physicians experiencing it are shocked that it's nothing like they've been taught, so things will change.

Pacing doesn't mean no activity, just as little as allows you to do normal every day activities like chores and work without feeling ill. It's important to do mild activities, as much as you tolerate, but pay attention to whether you feel worse afterward, sometimes it can be 1-2 days after. It's about slowing down so you never fully stop. But that delay sometimes feels like mind games, made even worse because common medical advice is to get back to normal ASAP, the worst possible advice for post-viral illness. Rest is truly the key.",strangeelement,covidlonghaulers,2,2020-08-02T19:09:52,t1_g04mvux,comment,reddit,pushshift
g04t2x9,i2hfyg,"Well my only lingering symptoms except a bit of head pressure, are stomach issues, acid reflux and bloating belching.. I just want to watch out for other things ..",Infinite-Card,covidlonghaulers,2,2020-08-02T19:24:29,t1_g04pyg4,comment,reddit,pushshift
g04trxo,i2hfyg,My stomach is in so much pain!!,kkangel2473,covidlonghaulers,2,2020-08-02T19:29:41,t1_g04t2x9,comment,reddit,pushshift
g04u4v5,hyuy72,For how long? I went raw also when things were bad and it took about two weeks to stabilize.,tooncie,covidlonghaulers,1,2020-08-02T19:32:29,t1_fzfamdj,comment,reddit,pushshift
g04ue38,hyuy72,"It did help me but if I do cheat on the diet it can set me back days up to a week. It's really frustrating when a slice of crappy pizza can do that. The only thing I struggle with at this point is shortness of breath but I hate this feeling. My diet currently is a lot of fruit and vegetables (including potatoes), no dairy, no sugar, for the love of god no wheat.",tooncie,covidlonghaulers,1,2020-08-02T19:34:45,t3_hyuy72,comment,reddit,pushshift
g04w6vb,i2dma7,I pray that you feel better soon.,MisterO210,covidlonghaulers,2,2020-08-02T19:50:02,t1_g044518,comment,reddit,pushshift
g04wbsc,i2fobm,Please continue to have faith. You will slowly get better.,MisterO210,covidlonghaulers,5,2020-08-02T19:51:11,t3_i2fobm,comment,reddit,pushshift
g0504t3,i0qrdi,"She's fine.  A new PC confirmed the COVID diagnosis, btw.  Her doctors here are on top of things prevention wise, mainly since their offices are in the hospitals.
She had a heart cath and a stress test, both of which she did fine on.  She just had a lung x-ray two days ago, so we don't have the results yet.  There's also some sort of ""breathing test"" as she calls it in a couple of weeks.
I suspect there is some long term effect as she does get tired more easily than before, but otherwise she's fine.  Thanks for asking.",MikeStidham,covidlonghaulers,2,2020-08-02T20:24:39,t1_g04lk3e,comment,reddit,pushshift
g052utt,i2i9wd,"Similar timeline and same locale.  I wrote about it in another thread - pasted below.  Currently using a steroid inhaler to help with shortness of breath. 

At the very end of 2019 and beginning of 2020 I had the most intense cold/flu I’ve ever had. It started out as just a cough and feeling of malaise.  I was traveling for work and remember the cough was so bad that I had to find a pharmacy so that I could get cough lozenges in order to make it through my calls. This was a dry cough, no mucous. 

Flash forward a few days and I’m back at home, still not feeling well.  Persistent low grade fever. Feeling absolutely horrible.  I pass out on my couch (I never do this) and wake up in the middle of the night.  I recall thinking it was foggy outside when I woke up because all of the lights had halos.  But, then I looked around and all of the lights in my house did too. My eyes were also very crusty. I looked in the mirror and had conjunctivitis in both eyes. Sudden onset.  

I called the telehealth dr and got eye drops. They did nothing. I also came down with sever flu symptoms, continued to cough and was down for the count for about two weeks.  I had two other doctor appointments.  One for a cough that kept me up through the night. I was prescribed tesselon (spelling?) which helped a tad.  I was taking tons of mucinex and cough meds. Also Sudafed and ibuprofen.  I also got a lot of mucous, a sinus infection and an ear infection after I started to feel better - after the other symptoms subsided. I was wheezing while exhaling too. 

I was finally starting to feel better but still had a cough.  Had to take two more trips. One was for pleasure. I remember going through no less than 3 bottles of cough medicine while on that vacation - 3 to 4 weeks after initial symptoms.   

Fast forward to today, more than two months later, I still have a cough. I generally feel fine otherwise. 

My wife got sick from me.  She is pregnant.  She went to urgent care and tested negative for strep/mono/flu.  Doctor said it must be some weird virus.  My brother got what I had.  His symptoms started a week or week and 1/2 after me. He got hit hard.  He too still coughs and wheezes.  Both of us have had recurrent sinus infections since - 4 rounds of antibiotics and we are starting to feel better.  

It just seems odd. The conjunctivitis was especially odd.  Curious to see if anyone else has similar experiences.  Maybe I just got unlucky and got a weird bug but I can’t help but think that there is at least a chance I had this.

Edit: I’d also note that I got my flu shot this year, like every year.",G-mooooo,covidlonghaulers,3,2020-08-02T20:48:46,t3_i2i9wd,comment,reddit,pushshift
g053vru,i2ja61,"This is to support *H.R. 7057, The Understanding COVID-19 Subsets and ME/CFS Act*:

&gt;While we are facing a monumentally dangerous public health crisis, we must take all necessary steps not only to stem the spread of COVID-19, but also to prevent and control its lasting repercussions.”",TallyPoints,covidlonghaulers,5,2020-08-02T20:57:54,t3_i2ja61,comment,reddit,pushshift
g056j70,i1uwfz,I have a couple ulcers/bumps that don’t heal or go away :(,bapebandit,covidlonghaulers,1,2020-08-02T21:21:30,t3_i1uwfz,comment,reddit,pushshift
g056rrh,i1cots,Sounds like what I’m going through to a T,bapebandit,covidlonghaulers,2,2020-08-02T21:23:37,t1_fzwca1u,comment,reddit,pushshift
g0593qc,i2i9wd,Thanks for your story. It helps to hear that others are experiencing the same. I took a round of antibiotics but that is the only medication I have taken and it didn't seem to help.  I had the crazy dry cough as well and I hadn't had a cough since I can remember. Possibly when I was around 10 years old.,tooncie,covidlonghaulers,2,2020-08-02T21:44:12,t1_g052utt,comment,reddit,pushshift
g05au9r,i2i9wd,Igm signals ongoing infection.,Smart_Elevator,covidlonghaulers,2,2020-08-02T21:59:15,t3_i2i9wd,comment,reddit,pushshift
g05blwj,i2i9wd,"I was just talking about my eyes in another thread, here’s the what I posted: 

This started the on 2nd day of my symptoms. 

So the whites of my eyes were red or pink, the rims would be redder too. They would have a small amount of discharge in the corners (sometimes a little crusty) and they’d be wet.

However, that was in the morning only. When I’d first wake up they would feel really dry and tight. And it would hurt to look at anything until they started tearing up. (Still feels that way first thing in the AM).

I’d clean them and then in the afternoon they’d just be glassy and my lids a little puffy. The whites would have a tinged to them but it wasn’t obvious. They just looked a bit unhealthy. They were also light sensitive and my vision was blurry.

Which was a different blurriness then I had when  I was having more brain fog symptoms. Occasionally I’d feel pressure behind them and once in a awhile irritation.

Antibiotic drops did nothing but make them worse and antihistamines did nothing.

Here’s a link describing them as a Covid symptom, I stumbled on it one day and I was like that’s it!!

Hope this helps.

https://newsnetwork.mayoclinic.org/discussion/unusual-coronavirus-covid-19-symptoms-what-are-they/",idontcare78,covidlonghaulers,2,2020-08-02T22:06:04,t1_g052utt,comment,reddit,pushshift
g05h2xp,i1cots,"You can get an ebv test.  If they do it correctly there are usually 4 lines of information that needs to be interpreted and 2 lines specifically tell you if it's actually reactivated or not.  

I was sick a few years ago and sat around for 7 weeks waiting for mono to pass and my result wasn't interpreted correctly. I wasted a lot of time for nothing.   
This tells how to interpret it.  Sometimes doctors only order 2 of the results that don't actually show it's active. 
https://youtu.be/LhL0OV1vOA4",Spitsongoats,covidlonghaulers,1,2020-08-02T22:56:29,t3_i1cots,comment,reddit,pushshift
g05hw4n,i1cots,I have so much different bloodwork to go for so i havent gotten the ebv one done yet. Thank you for the link,Affectionate_Ad_3815,covidlonghaulers,3,2020-08-02T23:04:10,t1_g05h2xp,comment,reddit,pushshift
g05int9,i2i9wd,"Yes, got it in January as well in Austin, but never officially diagnosed. I didn’t have the eye infection, but I hear that is common and people don’t tend to link it to COVID. The shortness of breath and heart pain are my main symptoms now, but I’m also dizzy and having heartrate shoot up and down depending on activity (usually something pretty light). This is common but I haven’t found anything to help yet. On a daily inhaler, waiting to see heart/lung docs.",frankfromsales,covidlonghaulers,3,2020-08-02T23:11:35,t3_i2i9wd,comment,reddit,pushshift
g05j3yp,i1cots,I wish I could find out. Got sick like two weeks before covid tests were available so I got tested for influenza instead and got told I had aggressive influenza and to quarantine for 14 days. It was the worst thing I went through. Made it almost impossible to get out of bed everyday.,ZombiGrn,covidlonghaulers,2,2020-08-02T23:15:55,t3_i1cots,comment,reddit,pushshift
g05jakl,i1cots,Did you get the antibody test? Although ive heard its not too accurate.. also are you still dealing with any symptoms?,Affectionate_Ad_3815,covidlonghaulers,2,2020-08-02T23:17:41,t1_g05j3yp,comment,reddit,pushshift
g05lj9k,i1cots,"I did not. There was no free antibody testing around me. I have been dealing with fatigue, feeling so out of breath, sex drive being completely gone. I got fired for slowing down at my job and that seemed to have helped. I’m starting to feel better again. I’m starting to feel like my old self again",ZombiGrn,covidlonghaulers,2,2020-08-02T23:39:31,t1_g05jakl,comment,reddit,pushshift
g05lsky,i2ja61,"While I like this and I want more funding for cfs research, I don't like the fact that post covid symptoms are being considered as a type of cfs or related to cfs. Simply because we don't know what cfs is and I don't see why we should assume the two are related without any evidence. I don't like the narritave the cfs community is pushing to associate themselves with post covid and I dont like the unsubstantiated medical advice they're giving in telling people with post covid symptoms to excessively rest.",EmpathyFabrication,covidlonghaulers,4,2020-08-02T23:42:06,t3_i2ja61,comment,reddit,pushshift
g05lvil,i2i9wd,"There were a lot of atypical pneumonia cases, that tested negative as RSV, in Fairbanks, AK in January. 
I wonder about it.",sangriagin,covidlonghaulers,3,2020-08-02T23:42:56,t3_i2i9wd,comment,reddit,pushshift
g05mtxu,i1cots,[deleted],[deleted],covidlonghaulers,1,2020-08-02T23:52:23,t3_i1cots,comment,reddit,pushshift
g05n7hg,i0i10l,"My allergies are quite severe now. Before getting incredibly sick in January, I didn't have noticeable allergies.",sangriagin,covidlonghaulers,1,2020-08-02T23:56:04,t3_i0i10l,comment,reddit,pushshift
g05nv7u,i2i9wd,"I personally know five people in various parts of Northern California that had weird respiratory illness and ""bad flu"" that required hospitalization Dec-Feb, so I would not be surprised to hear Jan in SoCal.",kodandyananda,covidlonghaulers,3,2020-08-03T00:02:30,t3_i2i9wd,comment,reddit,pushshift
g05nwxm,i1cots,Thats awesome im happy youre starting to feel better.. i feel the same stuff its kind of been on and off since April. Have you been doing anything that seems to have helped? Like vitamins,Affectionate_Ad_3815,covidlonghaulers,1,2020-08-03T00:02:59,t1_g05lj9k,comment,reddit,pushshift
g05psih,i2i9wd,"Have you looked into post viral POTS? The shortness of breath and dizziness when standing are two of the main symptoms. I was diagnosed with POTS and recently had a positive antibody test. The doctors think the Covid Infection lead to POTS, which sound like something that might be happening to you. Just something you might want to look into bc there are treatments that can help those symptoms. Hope you feel better soon!",moistpotatochip1,covidlonghaulers,3,2020-08-03T00:21:18,t3_i2i9wd,comment,reddit,pushshift
g05suoq,i2hfyg,Are you taking aspirin or another blood thinner?,MenAtRest,covidlonghaulers,1,2020-08-03T00:51:45,t3_i2hfyg,comment,reddit,pushshift
g05t958,i2hfyg,He took me off aspirin...I been taking nattokinase but seems like I may have to come off that to. I really don't want to though. Have any suggestions?,kkangel2473,covidlonghaulers,1,2020-08-03T00:55:47,t1_g05suoq,comment,reddit,pushshift
g05uagr,i2i9wd,"[I'm keeping a diary of my symptoms here](https://www.reddit.com/user/dedoubt/comments/hrhv72/covid_saga_will_keep_updating/?utm_medium=android_app&amp;utm_source=share) if you're interested. I got sick February 15, so not quite as early as you.",dedoubt,covidlonghaulers,2,2020-08-03T01:06:01,t3_i2i9wd,comment,reddit,pushshift
g05uori,i2hfyg,"Well you should always follow what your doctor says instead of some random person on Reddit but... Taking both nattokinase and a blood thinner at the same time is way overkill. Idk if your doctor told you to decrease the dose before taking you off but you could also try that. Taking nattokinase by itself shouldnt cause any stomach bleeding however, only when its with other blood thinners or if you have a blood condition is when it gets sketchy.",MenAtRest,covidlonghaulers,1,2020-08-03T01:09:58,t1_g05t958,comment,reddit,pushshift
g05w01n,i2fobm,I haven’t tried this method yet...,Littlelorin,covidlonghaulers,2,2020-08-03T01:23:08,t3_i2fobm,comment,reddit,pushshift
g05w6s3,i2i9wd,"I had the worst flu of my life on December 2nd. I was in bed for 3 weeks. Lost sense of taste and smell. Terrible fevers. Shortness of breath, couldn't stop dry coughing. Really bad brain fog for all of December/January and early February. I still have shortness of breath from mild exercise. Doctor says it might be POTS. I've not been tested for antibodies yet.",CHAD_J_THUNDERCOCK,covidlonghaulers,1,2020-08-03T01:25:00,t3_i2i9wd,comment,reddit,pushshift
g066mme,i2i9wd,"I have not looked into it I will, thanks! Hopefully I can eventually heal.",tooncie,covidlonghaulers,1,2020-08-03T03:11:07,t1_g05psih,comment,reddit,pushshift
g067zr5,i2i9wd,"I read through your diary and I noticed you started out with fatigue. That was my first symptom was intense fatigue. I almost fell asleep driving in the morning as if I had stayed up all night and had to call into work. 

 I am afraid I have asthma now as well so I am avoiding going to the doctor out of fear. Does your inhaler help?",tooncie,covidlonghaulers,2,2020-08-03T03:25:36,t1_g05uagr,comment,reddit,pushshift
g06c0h8,i2i9wd,"If you think you have asthma, please see a doctor. Better to know and treat it.

The rescue inhaler does help and after a week of using Combivent, my SOB improved a lot.",dedoubt,covidlonghaulers,1,2020-08-03T04:10:33,t1_g067zr5,comment,reddit,pushshift
g06cuce,i0kdqs,"I don't have those issues (tingling or blue veins) but a bunch of other stuff for sure. It seems like everyone gets a different combination of things. It's like spin the wheel and see what you get. Completely random symptoms that just come out of nowhere. I've been feeling winded past couple days, which I really didn't feel before throughout all this.",Cronokkio,covidlonghaulers,1,2020-08-03T04:20:27,t1_fzyxznu,comment,reddit,pushshift
g06d6vp,i2fobm,Too bad I don't drink and never have. Guess I should have had more fun when I was healthy. What was all my temperance even for? To stay healthy? Didn't work. What a waste.,Cronokkio,covidlonghaulers,2,2020-08-03T04:24:40,t3_i2fobm,comment,reddit,pushshift
g06d9nm,i2fobm,Live every day like it’s your last..,bapebandit,covidlonghaulers,2,2020-08-03T04:25:34,t1_g06d6vp,comment,reddit,pushshift
g06d9o0,i2253h,"Drbeen also interviews Dr. Bruce Patterson. It is a good companion video to the one with Dr. Pourhassan.

Patterson’s company makes immune system testing kits and there’s one in the works for covid. These test the levels of circulating cytokines from an overactive immune system. The severe patients and long-haulers have elevated cytokines. It is the main problem. The mild and moderate cases also have elevated cytokines but sometimes this makes them progress toward severe or worse.

Certain cytokines are high in all covid long-haulers, and other cytokines vary person to person. Once they can see your cytokine profile, they know where to suppress. This represents personalized medicine and it’s spendy. Test. Selectively suppress. Repeat if necessary. 

Leronlimab does three things quite well. It suppresses the main elevated cytokines in covid. It rebuilds the exhausted T cell population. It blocks one of the backdoors covid uses to get into the cell. Therefore, it’s thought Leronlimab may be useful all the way along, starting with prophylaxis. The FDA has fast-tracked this drug. It already had a good safety profile and much was known about it because it was developed for another virus. 


The masses are being treated with steroids, which suppress all the cytokines temporarily. When the steroid treatment concludes, the immune system comes back online, quite often in a nice calm state. However total immune suppression leaves you vulnerable to any invading antigen during the treatment. There are other risks with steroids, such as bleeding. 

The Drbeen interview with Dr. Paul Marik reviews the steroid approach applied at the transition point between the viral phase of covid and the immune phase. 

The Drbeen video with Dr. Richard Bartlett reviews aggressively treating covid with an inhaled steroid early in the disease to stop it from progressing to severe or long-haul. 

All these videos can be found on the Drbeen channel. Dr. Mobeen Syed is a prescribing medical doctor and Stanford medical educator.",chesoroche,covidlonghaulers,2,2020-08-03T04:25:35,t3_i2253h,comment,reddit,pushshift
g06dz6p,i2dma7,"You really hit home about the hiking, biking, etc. Before this sickness I loved going for hikes and riding my bike and I am losing my mind because I haven't been able to do anything physical since March. And what you said about feeling 80 years old. I have said the exact same thing to myself in my head. I say how I felt 20 before all this, and now I feel 70 or 80. It sucks. Hopefully we all get better SOON.",Cronokkio,covidlonghaulers,2,2020-08-03T04:34:21,t1_g044518,comment,reddit,pushshift
g06ec1u,i1v5sh,"No, it doesn’t go dormant. Dr. Benjamin Neuman, a virologist and the head of the biology department at Texas A&amp;M University-Texarkana, says, “...coronaviruses like those that cause SARS, COVID-19, and MERS don’t have a dormant phase, and they don’t integrate into our DNA, making a reactivation unlikely.

“Human coronaviruses have not yet been shown to have anything like an inactive phase, so the idea of reactivation is a bit of a stretch.”",chesoroche,covidlonghaulers,0,2020-08-03T04:38:46,t1_g00s2b5,comment,reddit,pushshift
g06epi3,i1v5sh,"There have been multiple reports both in media and medical literatures that Covid-19 was reactivated in people who were supposedly recovered. Explain that please. Also, don’t forget COvid-19 is not 100% SARS. There are multiple genome sequencings confirming that COVID-19 has genes inserted from different viruses, which would never happen in nature through mutations (not in our lifetime anyway).",fiesty-foxy,covidlonghaulers,0,2020-08-03T04:43:27,t1_g06ec1u,comment,reddit,pushshift
g06ex4l,i2pjwb,"I have had steroids shots in knees and elbows that have successfully worked for pain, but it wasn't related to covid.",Kuromi87,covidlonghaulers,1,2020-08-03T04:46:07,t3_i2pjwb,comment,reddit,pushshift
g06f0u8,i1v5sh,I think you’re conflating finding bits of viral material and chronically elevated cytokines and calling this “reactivation.”,chesoroche,covidlonghaulers,1,2020-08-03T04:47:27,t1_g06epi3,comment,reddit,pushshift
g06fwge,i2ps8l,"Careful with the exercise. The general consensus among long haulers is that physical activity contributes to flare ups. Doesn't mean that would be the case for you, just thought I should caution you on that.",Cronokkio,covidlonghaulers,13,2020-08-03T04:58:32,t3_i2ps8l,comment,reddit,pushshift
g06hac1,i1v5sh,"After 2-4 months of successive negative tests, you think they’re finally finding the last remaining bits of dead viral snippets of RNA? Not to mention all COVID-19 systems came with increased severity in these patients. What is chronically elevated cytokines anyway? Like, healthy human body can have chronic elevated cytokines without knowing?",fiesty-foxy,covidlonghaulers,2,2020-08-03T05:16:15,t1_g06f0u8,comment,reddit,pushshift
g06jdeb,i2qiwi,Google lymphatic head massage. I've heard people trying this self care technique and having success with relieving the head stuff.,tk14344,covidlonghaulers,1,2020-08-03T05:44:33,t3_i2qiwi,comment,reddit,pushshift
g06jr4b,i1v5sh,"For those talking CFS, Google ""Low Dose Naltrexone"". Off label low dose opioid antagonist that has helped a ton of CFS cases. I've started it myself.",tk14344,covidlonghaulers,1,2020-08-03T05:49:53,t3_i1v5sh,comment,reddit,pushshift
g06ka2x,i1v5sh,"SARS and MERS didn't have PRRA furine cleavage site. They didn't have the ability to form filopodia. They didn't have the ability to eliminate MHC I to mask detection. 

SARS COV 2 is vastly different than SARS and MERS.   It might not be able to integrate into our dna but it sure has a lot of novel insidious tricks which makes it incredibly dangerous.",Smart_Elevator,covidlonghaulers,1,2020-08-03T05:57:21,t1_g06ec1u,comment,reddit,pushshift
g06lvku,i2qiwi,"That was me for a minimum off 3 weeks.
Only true headaches I had were stabby and short lived. 

But this was one my many symptoms that kept coming back in waves. I can’t completely remember when it stoped.",idontcare78,covidlonghaulers,1,2020-08-03T06:21:02,t3_i2qiwi,comment,reddit,pushshift
g06nihx,i2ja61,"More than 80% of ME/CFS cases have onset caused by a severe illness like viral infection. SARS CoV-1, to which SARS CoV-2 is related, is known to have induced ME/CFS in a large subset of its survivors. Profound fatigue that lasts longer than 4 to 6 months (depending on how it is defined where you live), particularly if induced by an illness, *is* ME/CFS. It's not a push to associate, *it is the same thing*.",Eclectix,covidlonghaulers,4,2020-08-03T06:45:49,t1_g05lsky,comment,reddit,pushshift
g06oo18,i2ja61,"You're pushing your definition of cfs onto post coronavirus syndromes. Like I said before since we don't know what causes cfs and we don't know what is causing these post corononavirus symptoms, there's no evidence by which we can associate the two. Cfs people are pushing to associate themselves with long covid. Just look at how they have taken over the #longcovid hashtag on twitter.",EmpathyFabrication,covidlonghaulers,2,2020-08-03T07:04:16,t1_g06nihx,comment,reddit,pushshift
g06soyq,i2qiwi,Thank you.,070119,covidlonghaulers,2,2020-08-03T08:11:02,t1_g06lvku,comment,reddit,pushshift
g06tbiz,i2ja61,I'm giving the medically accepted definition according to how CFS is diagnosed.,Eclectix,covidlonghaulers,4,2020-08-03T08:21:45,t1_g06oo18,comment,reddit,pushshift
g06txbd,i2ja61,Not everyone with post covid symptoms has fatigue or other defining markers of a cfs diagnosis. As far as I know no one has yet been diagnosed with cfs after a covid infection.,EmpathyFabrication,covidlonghaulers,1,2020-08-03T08:32:04,t1_g06tbiz,comment,reddit,pushshift
g06vcl1,i2ja61,"You don't see the irony of not knowing, but not wanting to support research that might make us know, becuase we don't know? Best way to get evidence is to support research.

I agree that we should keep open minds about what's causing the long term covid issues, and that it's causes might turn out to not be similar or related to cfs/M.E., but covid most likely does affect the neurological system with very similar symptoms as cfs/M.E., so knowing more about the latter might prove beneficial for covid sufferers in the very near future. 

With the added possibility of covid leading to cfs/M.E., I don't really see why our two communities shouldn't help eachother. As I see it we are very much in the same boat.",Chiaro22,covidlonghaulers,5,2020-08-03T08:56:39,t1_g05lsky,comment,reddit,pushshift
g06vs92,i2ja61,"It usually takes at least 6 months to get diagnosed, and that's the theory, not the practice. 

So if you wait another 6 months we might have a better picture, but then it would obviously be too late to sign this appeal...",Chiaro22,covidlonghaulers,2,2020-08-03T09:04:07,t1_g06txbd,comment,reddit,pushshift
g06wi6j,i2ja61,I do support the research. I just think they should be kept seperate. And I don't like the idea that cfs patients might take funding away from post covid research. I don't see any reason the cfs and covid community need to interact. The cfs people like I said have taken over the #longcovid hashtag on twitter for their own use and they give frequent unsubstantiated advice to covid sufferers. They often don't respond to demands for evidence for claims. There's no evidence cfs and post covid is in the same boat.,EmpathyFabrication,covidlonghaulers,1,2020-08-03T09:16:55,t1_g06vcl1,comment,reddit,pushshift
g06x2tr,i2ps8l,"Agreed. I've dabbled in exercise during my recovery but suspect that it's not helping. Beginning to think that I should simply not bother for another 2-3 months. Exercise causes inflammation which is fine, even beneficial, when you're healthy, but not if you're suffering from severe systemic inflammation.",MancunianSunrise,covidlonghaulers,4,2020-08-03T09:27:05,t1_g06fwge,comment,reddit,pushshift
g06xc3q,i2253h,I'm curious if I should be on steroids at this point,twosummer,covidlonghaulers,2,2020-08-03T09:31:32,t1_g06d9o0,comment,reddit,pushshift
g06xsfb,i2ja61,"To think that CFS might take funding away from post covid research is a competetive way of thinking I don't understand or agree with. On the contrary I think that whatever research they might get done will become a foundation to understand and build upon for post covid research. 

And I think the two communities have too much in common to not interact, whether it's proven by medical research yet or not. We are stronger united than separated and in combat with or opposition to eachother.",Chiaro22,covidlonghaulers,2,2020-08-03T09:39:34,t1_g06wi6j,comment,reddit,pushshift
g074kjg,i2253h,"It’s to soon, they are finalizing their phase 2 and 3 trials right now and these have a limited number of very specific patients. Once it’s approved for use it can it will be available",dale63vsnv,covidlonghaulers,1,2020-08-03T11:31:18,t1_g04d5ug,comment,reddit,pushshift
g07779f,i2ps8l,"I've tested my hormone levels and are fine. Actually, all my blood tests looked great. I'm eating anti inflammatory and had a food/activities journal for some weeks, then I kinda found what works for me. 
I feel that I'm improving sloooowly. 
Exercise, not so sure, short walks and things like grocery shopping are fine, but I don't feel like pushing more than that.",hnanana,covidlonghaulers,3,2020-08-03T12:08:16,t3_i2ps8l,comment,reddit,pushshift
g078z4f,i2ja61,"All I see in your comment is ""I like this,"" ""I don't like that"". 

This is not about personal preference and wishes, this is about science.

&gt;Simply because we don't know what cfs is and I don't see why we should assume the two are related without any evidence. 

There are more than 10,000 research papers published to date on ME/CFS, we know a lot about it, among other things we know that most cases had a viral onset.

We also know that SARS, an illness caused by SARS-CoV-1 virus (which is the closest genetically related virus to SARS-CoV-2 that humanity encountered) left 27.1% of people who survived it with ME/CFS. [Here's scientific research](https://jamanetwork.com/journals/jamainternalmedicine/fullarticle/415378) that recorded that. 

That research was done on average 40 months after testing negative for SARS. We don't have years of our lives to lose to only then decide we want to take action and realize it's too late.",TallyPoints,covidlonghaulers,6,2020-08-03T12:31:27,t1_g05lsky,comment,reddit,pushshift
g07djct,i2ja61,"I'm not sure what your point is here. I'm for funding both areas of research. I'm against confounding studies of post coronavirus syndromes with cfs. If any of those 10K research papers compare cfs with post covid syndrome and find that they are caused by the same thing then I would consider it but I know there aren't any papers like that and I know there aren't any papers that definitively explain what cfs is. Even the sars1 paper you linked, among other sars1 and mers papers, only describe the sequelae. So yes my ""personal preference"" is pro research but also that people with a cfs diagnosis stop attempting to bid for more attention by using people with post covid symptoms. And giving unsubstantiated medical advice to us on forums. As well as claiming that ""cfs"" and ""post coronavirus syndromes"" have to be related at all.",EmpathyFabrication,covidlonghaulers,1,2020-08-03T13:23:22,t1_g078z4f,comment,reddit,pushshift
g07evyi,i2qiwi,"Are you taking a B complex vitamin? If not, please take one and also try drinking ginger tea 3x a day.",naiomim,covidlonghaulers,1,2020-08-03T13:35:30,t3_i2qiwi,comment,reddit,pushshift
g07kc98,i2ps8l,[deleted],[deleted],covidlonghaulers,2,2020-08-03T14:22:32,t3_i2ps8l,comment,reddit,pushshift
g07l889,i2ps8l,I’m not a doctor but I personally wouldn’t recommend exercise. Last time I tried to do anything more than a walk around the block I spiked a fever again...,Littlelorin,covidlonghaulers,2,2020-08-03T14:29:40,t3_i2ps8l,comment,reddit,pushshift
g07vqx5,i2ja61,"I never said all; I said a subset of survivors. That means some, not all. 

The virus has not been around long enough to expect to see people being diagnosed with ME/CFS yet because its diagnosis requires it to be around for a long time. It also requires excluding other conditions such as MS or thyroid disease. At this point many people are starting to approach the time period necessary to diagnose ME/CFS and we should start seeing officially diagnosed cases in the next few months.

Sars CoV-1 caused cough.
Sars CoV-2 causes cough.

Sars CoV-1 caused fever.
Sars CoV-2 causes fever.

Sars CoV-1 caused deaths.
Sars CoV-2 causes deaths.

Sars CoV-1 caused pneumonia.
Sars CoV-2 causes pneumonia.

Sars CoV-1 caused pleurisy.
Sars CoV-2 causes pleurisy.

Sars CoV-1 caused ME/CFS in a large subset of survivors.
Sars CoV-2 causes ongoing chronic fatigue, exertion intolerance, chronic pain, and all the other hallmark symptoms of ME/CFS in a large subset of survivors, but don't call it ME/CFS because that would be pushing an agenda...

Does not make sense.",Eclectix,covidlonghaulers,2,2020-08-03T15:44:47,t1_g06txbd,comment,reddit,pushshift
g07wd2f,i2ja61,"Very true. It took me ten years to get diagnosed from the first time I talked to my doctor about my symptoms. People generally get diagnosed a year or more after onset. That's in part because it takes time to rule out other conditions, but also in part because doctors are reluctant to diagnose it. There has long been a stigma around the diagnosis.",Eclectix,covidlonghaulers,2,2020-08-03T15:48:55,t1_g06vs92,comment,reddit,pushshift
g07y9sg,i2253h,[deleted],[deleted],covidlonghaulers,1,2020-08-03T16:00:55,t1_g06xc3q,comment,reddit,pushshift
g07zys0,i2ja61,"Just because something appears to be one thing doesn't make it so. You keep comparing sars1 to sars2. Sars1 didn't cause ""cfs"" it caused post sars syndrome. Which was not necessarily for the same reason someone ends up with cfs. We don't call every sequelae caused by viruses cfs. My problem is the cfs community pushing to associate post covid syndrome with cfs just because they think it looks like cfs. There's no evidence behind it and no evidence as to what exactly is causing any post coronavirus symptoms. Its just to get attention and funding for their own health problems.",EmpathyFabrication,covidlonghaulers,1,2020-08-03T16:11:17,t1_g07vqx5,comment,reddit,pushshift
g080wyy,i2zprj,My fatigue was not bad but I did have to take a lot of breaks. I can do way more now without having to rest. But I'm still taking it slow at 19 weeks.,EmpathyFabrication,covidlonghaulers,3,2020-08-03T16:16:50,t3_i2zprj,comment,reddit,pushshift
g081fnj,i2ja61,"1. **NIH has already received [$3.6 billion for COVID-19 research](https://www.sciencemag.org/news/2020/07/house-spending-panels-give-nih-big-increase-deal-covid-19-impacts)**. Additional $60 million that is requested here is 60 times less, and is not coming out of that sum anyway, so stop pretendind like anyone is profiting of COVID research or taking something away.

2. Your bias against the disease is showing. You insist by calling it the degrading name of CFS. Why? It's called ME/CFS.

3. No one is confounding anything. SARS-CoV-2 is going to have many different sequeles, only one of which might be ME/CFS.

4. The unidirectional linear passage of time makes it impossible for previous research to have found the connection between COVID and ME/CFS, since COVID didn't exist 9 months ago. You can't demand the impossible. But you can see that some post COVID sufferers already fulfill the diagnostic criteria for ME/CFS.

4. Viruses cause ME/CFS: flu, EBV, CMV, HHV-6, herpes simplex, Ross River virus, SARS, MERS,... That is quite enough to conclude high likelihood that SARS-CoV-2 will too. If you're 100% certain of something, you don't need research anyway.

5. People with ME/CFS are not bidding for more attention by using post COVID people. *Some* post COVID people ARE already people with ME/CFS and they deserve research, as much as those post COVID people who have lung damage or some other sequele.

6. In unfortunate illnesses where medicine and doctors don't have any answers, advice from fellow chronic patients can be invaluable. It is up to every individual to decide what they will try and what they will reject. It's upsetting that there are no better, more definitive answers, but it's how it is. And that's how it will be until this research funding gets approved.",TallyPoints,covidlonghaulers,4,2020-08-03T16:20:01,t1_g07djct,comment,reddit,pushshift
g083g3l,i2zprj,You're not alone having it like that. I can do housework (slowly) for 10 minutes or so but then I feel like taking a break. I plan my physical tasks and take them in small sessions if I can.,Chiaro22,covidlonghaulers,5,2020-08-03T16:32:45,t3_i2zprj,comment,reddit,pushshift
g0851vz,i2253h,"Only a doctor would really know. If your go with covid or your activity post-covid resulted in a lot of bleeding, maybe you aren’t a good candidate since steroids can cause bleeding.

The other thing they are trying is statins. Statins shore up your endothelium (lining of blood vessels) but at a cost of liver, kidney and muscle toxicity. Depending on where covid hit you and how hard, this might not be a good idea. The other thing statins do is restore ACE2, which would restore regulation of the renin-angiotensin system, reducing inflammation. Conceivably time would do this also. 

Leronlimab really is special in that it reduces inflammation without toxicity and helps rebuild the immune system. 

What a lot of longhaulers miss, conceptually, is that they contribute to the inflammation they are looking to modulate. Once you understand what you are trying to accomplish, you can make daily choices about whether you’re going to cause more physical damage and more inflammation. It seems like such a little thing, but every time you cut yourself shaving, you elevate systemic inflammation just a little bit, because white blood cells rush in, turn into macrophages, make IL-8, which calls more immune agents and results in inflammation. Weight-lifting tears muscles, and the body’s response is the same. These things all require an immune response. If you go on a steroid, that shaving cut won’t heal, those muscles will stay torn.",chesoroche,covidlonghaulers,3,2020-08-03T16:42:29,t1_g06xc3q,comment,reddit,pushshift
g0862y7,i2zprj,"Sorry you’re feeling like that. When you say fatigue though, do you mean your heart rate is high as well? I’ve been wondering if those two always go together. It might be a stupid question but yeah. Sincerely hope you feel better soon",Quittercricket,covidlonghaulers,1,2020-08-03T16:48:49,t3_i2zprj,comment,reddit,pushshift
g0867cv,i2ja61,[removed],[deleted],covidlonghaulers,1,2020-08-03T16:49:34,t1_g081fnj,comment,reddit,pushshift
g0869u0,i2ja61,"Your commitment to ignoring the evidence is breathtaking. Post SARS Syndrome covers many things including PTSD, neurological damage, depression, and, yes, ME/CFS. Many ME/CFS diagnoses have been made based on a SARS onset.

""Its just to get attention and funding for their own health problems,"" sounds like projection and has not been established.",Eclectix,covidlonghaulers,2,2020-08-03T16:50:00,t1_g07zys0,comment,reddit,pushshift
g087gop,i2253h,"It's true, but there are many people who are very careful about triggers but still get flare ups. 

There's no reason that there couldn't be an active persistent infection contributing to the hyper-inflammatory state, especially considering the phenomenon of retesting positive months later.",twosummer,covidlonghaulers,1,2020-08-03T16:57:14,t1_g0851vz,comment,reddit,pushshift
g087ror,i1v5sh,Where is the research saying that less than 5% recover after six months? I haven’t been able to find any good studies on this at all,kolad3,covidlonghaulers,1,2020-08-03T16:59:14,t1_g04dlvu,comment,reddit,pushshift
g089nnx,i2ja61,"&gt; I have a very negative view of the cfs community 

That is very obvious.

Also incredibly rude, discriminatory and irrational. ""I have very negative view of cancer community."" See how that sounds? 

Luckily, also completely irrelevant. 

We are talking about research and science. Facts. Not about how you got in a fight with someone on Twitter.",TallyPoints,covidlonghaulers,5,2020-08-03T17:10:19,t1_g0867cv,comment,reddit,pushshift
g08akw7,i2253h,"Well, try this with those people:
“Name 20 things that increase IL-6 and 20 that reduce it.”",chesoroche,covidlonghaulers,1,2020-08-03T17:15:43,t1_g087gop,comment,reddit,pushshift
g08ax2a,i2zprj,"I always took people suffering from ME/CFS seriously when they said ""able bodied folks have never felt fatigue like ME/CFS"" but I did not fully understand until becoming a covid long hauler. Be compassionate with yourself! If you need to rest, do it without beating yourself up or it's not actually resting and it won't work.",rogue_psyche,covidlonghaulers,10,2020-08-03T17:17:35,t3_i2zprj,comment,reddit,pushshift
g08bi79,i2ja61,[removed],[deleted],covidlonghaulers,1,2020-08-03T17:21:10,t1_g089nnx,comment,reddit,pushshift
g08cjw8,i1v5sh,"It's complicated because there are few reliable studies of this, so averages are usually taken from multiple studies after filtering out outliers. The main issue is over the definition of recovery, as can be seen with COVID-19 long-haulers technically being classified as recovered, and over what criteria to use, also a major issue with post-COVID since the symptoms vary so much. Many countries have not bothered counting anything for years, the UK is still using figures of 250K from decades ago. While somehow promoting that they have a cure. Makes sense.

Then there's the added problem that many researchers consider mild idiopathic fatigue or even classical depression to be the same thing as ME / post-viral illness and so include lots of unrelated people in their studies. Neurological and autonomic symptoms, major features of ME/CFS, are not even considered in many of those studies, making them invalid.

In 2015, the Institute of Medicine (now the National Academy of Medicine) did a full literature review and published a [report](https://www.nap.edu/catalog/19012/beyond-myalgic-encephalomyelitischronic-fatigue-syndrome-redefining-an-illness) that concludes an average of about 5%. Historically the studies range from 0-1% to 40%, with the highest % found in studies that had loose criteria like a few months of mild unexplained fatigue.

Following that report, the NIH and AHRQ have [recommended to drop the loosest criteria](https://effectivehealthcare.ahrq.gov/sites/default/files/pdf/chronic-fatigue_research.pdf), of only a few months of unexplained fatigue, which removes all the studies that have higher rates of recovery.

&gt;  The National Institute of Health (NIH) panel assembled to review evidence presented at the NIH Pathways to Prevention Workshop agreed with our recommendation, stating that the continued use of the Oxford (Sharpe, 1991) case definition “may impair progress and cause
harm.”

When studies using those invalid criteria are removed, recovery rates are more consistent at 0-5%.",strangeelement,covidlonghaulers,1,2020-08-03T17:27:47,t1_g087ror,comment,reddit,pushshift
g08d7bq,i2ja61,"&gt; I consistently see people with cfs posting in covid subs where they have no business being.

As someone with ME/CFS who is also a COVID long hauler I have every business being in this sub. 

You ignore the evidence provided to you then continue to ask for evidence. You admit to being negatively biased against a community that has been unfairly maligned for many years, and insist on refusing to use the appropriate name for the disease. Your username seems oddly appropriate.",Eclectix,covidlonghaulers,6,2020-08-03T17:32:05,t1_g08bi79,comment,reddit,pushshift
g08dsfy,i2fobm,"The Me/cfs prognosis disagrees.

(But that's probably only applicable to a minority of us.)",Nablakn,covidlonghaulers,3,2020-08-03T17:35:46,t1_g04wbsc,comment,reddit,pushshift
g08dv7k,i2ja61,The people who have no business being here are those who don't have covid and are doing the things I said in the original post. I'm not negatively biased against the cfs community for no reason. I'm starting to wonder if you're even reading my replies thoroughly.,EmpathyFabrication,covidlonghaulers,1,2020-08-03T17:36:14,t1_g08d7bq,comment,reddit,pushshift
g08fm73,i2ja61,"You are negatively judging an entire community of millions, defined by a single medical condition, based on what *you perceive to be* self-serving posts made by a few of them. How is this not bigoted behavior?",Eclectix,covidlonghaulers,3,2020-08-03T17:46:08,t1_g08dv7k,comment,reddit,pushshift
g08gno9,i2ja61,I'm not saying its everyone. But it's not just a few. Its all over the cfs sub on here and on twitter. Every interaction I've had with these people has been negative. Like I said no other disease group is pushing for attention from long covid. That's where my broad negative view is from. I'm sure some people with cfs are being rational about this but I don't know where they are. The group I'm criticizing is certainly doing a good job at drawing attention to themselves.,EmpathyFabrication,covidlonghaulers,1,2020-08-03T17:52:04,t1_g08fm73,comment,reddit,pushshift
g08h7ni,i2ja61,"&gt; I'm not saying its everyone. But it's not just a few.

And yet you still continue to use the dismissive term CFS after having it pointed out to you more than once. You obviously feel negatively about ME/CFS and are loathe to be associated with those people. Well, tough knuckles.",Eclectix,covidlonghaulers,2,2020-08-03T17:55:09,t1_g08gno9,comment,reddit,pushshift
g08ic96,i2qiwi,What are the congestion meds? Some of the OTC are contraindicated.,chesoroche,covidlonghaulers,1,2020-08-03T18:01:29,t3_i2qiwi,comment,reddit,pushshift
g08iptq,i2hfyg,You’re having the worst time of it. Very sorry to hear of this new development.,chesoroche,covidlonghaulers,1,2020-08-03T18:03:45,t3_i2hfyg,comment,reddit,pushshift
g08iyg2,i2ja61,Cheers,EmpathyFabrication,covidlonghaulers,1,2020-08-03T18:05:05,t1_g08h7ni,comment,reddit,pushshift
g08j1a7,i2fobm,But... if you don’t drink you might be able to take Ivermectin.,chesoroche,covidlonghaulers,1,2020-08-03T18:05:32,t3_i2fobm,comment,reddit,pushshift
g08k8vq,i2ja61,"Because you are talking negatively and engaging in discrimination of 60 million people based on a few tweets you didn't like.

I am sorry you got annoyed on Twitter, but ME/CFS being one of the post COVID sequelae is opinion of scientists, medical professionals and researchers. Listening to them is smart.",TallyPoints,covidlonghaulers,3,2020-08-03T18:12:38,t1_g08bi79,comment,reddit,pushshift
g08kgeq,i2hfyg,Nothing is actually flowing. It only comes out when I wipe or push down. Think it's coming from my vagina to be honest,kkangel2473,covidlonghaulers,1,2020-08-03T18:13:53,t1_g08iptq,comment,reddit,pushshift
g08knh8,i1v5sh,Did you intend to reply to my post or were you addressing this to another?,chesoroche,covidlonghaulers,0,2020-08-03T18:15:02,t1_g06ka2x,comment,reddit,pushshift
g08lgxn,i2ja61,Thanks for the tip,EmpathyFabrication,covidlonghaulers,1,2020-08-03T18:19:49,t1_g08k8vq,comment,reddit,pushshift
g08mufc,i2253h,"Have you considered ivermectin? You can’t take it if you take a steroid and there are other preclusions but it looks to be worth considering for the long tail. There’s a drbeen interview with researcher Adam Gaertner about it. You might appreciate Gaertner’s take on the efficacy on ivermectin penetrating nerve bundles looking for viral RNA. Because Ivermectin is invasive in that way, it can’t be allowed to cross the blood-brain barrier so you and your diet/supplements must be evaluated to eliminate anything that would facilitate it crossing (Benedryl, booze, etc.).",chesoroche,covidlonghaulers,1,2020-08-03T18:27:49,t1_g087gop,comment,reddit,pushshift
g08p8m6,i1v5sh,"The way the immune system works is all about snippets. A macrophage eats an antigen, partially digests it, then starts handing out snippets to other immune agents, who communicate with each other through cytokines and produce more immune agent clones, who produce more cytokines. In case of a dire situation, the agents start killing each other, spilling out all the partially digested content, triggering a bigger immune resurgence. The contents of the immune cells aren’t viable. It’s just a slurry of protein chains that are eventually going to be broken down to simple amino acids and rebuilt into muscle, hair, stem cells, etc.",chesoroche,covidlonghaulers,1,2020-08-03T18:41:52,t1_g06hac1,comment,reddit,pushshift
g08pl1o,i2zprj,Good advice thank you. I definitely get frustrated snd impatient. I was saying this the other day i really feel for people who suffer with this type of fatigue and pain.,Affectionate_Ad_3815,covidlonghaulers,1,2020-08-03T18:44:03,t1_g08ax2a,comment,reddit,pushshift
g08pox1,i2zprj,For me it often is.,idontcare78,covidlonghaulers,2,2020-08-03T18:44:46,t1_g0862y7,comment,reddit,pushshift
g08r6e9,i2zprj,Yea when i feel the fatigue after doing simple stuff it does feel like my heart is pounding and when i check my pulse its usually around 120.,Affectionate_Ad_3815,covidlonghaulers,3,2020-08-03T18:54:35,t1_g0862y7,comment,reddit,pushshift
g08tl5v,i2pjwb,"10/10 yes.

I was given IV dexamethasone for recurrent thunderclap headaches about four months post illness. I had a ton of other inflammatory issues all over my body, including swollen hands in the morning with painfully  stiff joints.

About 2 hours after getting the IV, I wanted to cry because I realized it was the first time my hands felt normal since March. I'm still on an oral taper and joints have remained pain free.

I saw a rheumatologist and all my panels for arthritis etc. were negative. 

Fwiw prednisone wasn't strong enough for me. It helped major organ pain somewhat, but dex was like throwing a switch that knocked 90-95% of my post viral bullshit out. My case was pretty brutal though.

I had also been on an inhaler around the clock prior to starting dex, and I'm now inhaler free.",galangal_gangsta,covidlonghaulers,2,2020-08-03T19:10:35,t3_i2pjwb,comment,reddit,pushshift
g090yms,i2253h,"Would be grateful for you to provide some of those. I have done some googling but you seem confident, I can use the advice",twosummer,covidlonghaulers,1,2020-08-03T19:59:13,t1_g08akw7,comment,reddit,pushshift
g0968q2,i2zprj,Same for me. Anything relevant on oxygen level also for you? I explained it on the other comment here,Quittercricket,covidlonghaulers,2,2020-08-03T20:39:28,t1_g08pox1,comment,reddit,pushshift
g096l0s,i2zprj,"Yeah I relate. Recently it’s been going even higher than that. By any chance have you also checked oxygen levels? Mine have always been 98, but recently it’s often low when I start measuring and it rises over the next minute. Stays at 96-98. And I’m on week 16+",Quittercricket,covidlonghaulers,2,2020-08-03T20:42:14,t1_g08r6e9,comment,reddit,pushshift
g096tp1,i2zprj,"Yes its usually 98-99 sitting still. I was thinking of checking it while im moving around since ive never done that, im not sure how accurate itll be though. Have you seen a pulmonologist?",Affectionate_Ad_3815,covidlonghaulers,2,2020-08-03T20:44:11,t1_g096l0s,comment,reddit,pushshift
g096ynf,i2zprj,"There have been times where I was doing a simple task but my HR was up and it just felt exhausting. Like I remember making a cake for my daughter and just felt spent by it.

I’d call fatigue something different though.",idontcare78,covidlonghaulers,1,2020-08-03T20:45:17,t1_g0968q2,comment,reddit,pushshift
g097btv,i2zprj,"Check it. Or check right after you walked a bit. No pulmonologist yet, I’m just now feeling I might need to. Only went to a cardiologist and I have pending exams to do. Have you?",Quittercricket,covidlonghaulers,1,2020-08-03T20:48:15,t1_g096tp1,comment,reddit,pushshift
g097fl0,i2zprj,Yes I feel exactly the same. You haven’t seen a doctor yet either?,Quittercricket,covidlonghaulers,2,2020-08-03T20:49:05,t1_g096ynf,comment,reddit,pushshift
g0987gx,i2zprj,"I have. I had a 3 day holter heart monitor test. Test came back with normal heart function but a signaling problem from the brain that causes HR fluctuations up and down.  We’re gonna test for inflammation and do an ultrasound.

I was experiencing a lot palpitations. 

Currently my HR is somewhat pretty stable, but I’m feeling a constricted feeling in my chest and it makes me feel like short of breath but breathing from lungs is fine and O2 is fine.
I don’t know how else to describe it.

*Along with flutters and palpitations.",idontcare78,covidlonghaulers,3,2020-08-03T20:55:26,t1_g097fl0,comment,reddit,pushshift
g099xph,i2zprj,"I don’t think you need to explain more, I feel very, very similar. Will do the same heart exams as you, but the cardiologist also requested lung xray. I wonder if it would show anything at all.
If it doesn’t get better, I’m gonna see a pulmonologist as well.
If you find out something, please let me know. It might be the same as me.",Quittercricket,covidlonghaulers,3,2020-08-03T21:09:16,t1_g0987gx,comment,reddit,pushshift
g09bx8o,i2253h,"selfhacked
mybiohack",chesoroche,covidlonghaulers,2,2020-08-03T21:24:14,t1_g090yms,comment,reddit,pushshift
g09cb9z,i2253h,Thanks,twosummer,covidlonghaulers,1,2020-08-03T21:27:11,t1_g09bx8o,comment,reddit,pushshift
g09cm3u,i2zprj,[deleted],[deleted],covidlonghaulers,1,2020-08-03T21:29:39,t3_i2zprj,comment,reddit,pushshift
g09co88,i2zprj,"I’d be curious about your test results too. It’s never been suggested for me to get chest x-ray. I had a cough and was coughing a bit yesterday ( first time in a couple weeks). But besides that, lung function never felt like an issue.

I’m supposed to be in recovery.... btw.

And yes I will let you know, please do the same. I’ll open a chat.",idontcare78,covidlonghaulers,2,2020-08-03T21:30:08,t1_g099xph,comment,reddit,pushshift
g09i3xc,i2zprj,"Not yet but im thinking about it.. i have had a bunch of cardiac tests done they said i have minimal mitral valve prolapse and that it shouldnt be causing any symptoms.

Well i hope you start feeling better soon! Keep me posted about cardiologist or any other tests if you like",Affectionate_Ad_3815,covidlonghaulers,1,2020-08-03T22:15:12,t1_g097btv,comment,reddit,pushshift
g09kihz,i2zprj,"Thank you, and I will if it can help you. You too, if it’s ok. If you go try to pick a time with less people at the doctor... we can never be too safe. I’m picking the first time of the day.

Regarding the prolapse, I’ve long had it in two valves, it’s never caused me problems. Doctors say it’s a variation of normality. Might be the same for you",Quittercricket,covidlonghaulers,1,2020-08-03T22:35:42,t1_g09i3xc,comment,reddit,pushshift
g09kmxz,i2qiwi,I took Pseudoephedrine to see if it was a sinus blockage. It did not help whatsoever,070119,covidlonghaulers,1,2020-08-03T22:36:46,t1_g08ic96,comment,reddit,pushshift
g09lqfi,i3659b,"Everything you mentioned is very familiar and covid related. Hydrate more, eat less but more frequently. No sugar, coffee, etc for now. Things will improve, just watch yourself and don't push it. It's been mentioned that covid is a cardiovascular disease first, which explains all the symptoms. Stay safe.",Greg_MS,covidlonghaulers,3,2020-08-03T22:46:08,t3_i3659b,comment,reddit,pushshift
g09ma0y,i3659b,Thanks for the advice. I'm trying to not push myself. I pray everyday for everyone else and myself to get better and better. I know that we will.,MisterO210,covidlonghaulers,1,2020-08-03T22:50:48,t1_g09lqfi,comment,reddit,pushshift
g09mmdt,i2ps8l,"I started exercising, mostly walking a few miles in the sunlight during the afternoon, that is after the fourth month, since I feel a bit better, and I saw a big improvement in terms of energy and breathing capabilities. Before that it was a nightmare even to climb the stairs of my house. It definitely helped and I'm clearing up.

My neurological symptoms still persist and are annoying as hell, but at least I can do most of my physical daily routines.

Take your time and do as little as you can daily to help yourself get into shape again. Don't overdo it or you will relapse. Lots of water help as well.",Greg_MS,covidlonghaulers,2,2020-08-03T22:53:44,t3_i2ps8l,comment,reddit,pushshift
g09nhen,i1f8xc,"If I remember correctly coq10 includes vitamin B, and lots of it. It's great to take it after a good sleep instead of a coffee as B supplements are a natural booster. If you take them before bedtime you might get increased level of energy and find it difficult to sleep.",Greg_MS,covidlonghaulers,2,2020-08-03T23:01:08,t3_i1f8xc,comment,reddit,pushshift
g09nlww,i1f8xc,I seem to be sleeping better now that I'm taking it around noon.,EmpathyFabrication,covidlonghaulers,2,2020-08-03T23:02:12,t1_g09nhen,comment,reddit,pushshift
g09nnu2,i2qiwi,"Yes, you’d think this would alleviate at least some nasal pressure and inflammation and yet it doesn’t. Well, not in your case, but I appreciate the N=1.",chesoroche,covidlonghaulers,1,2020-08-03T23:02:39,t1_g09kmxz,comment,reddit,pushshift
g09ntwy,i1d8r6,"Same here but different neurological symptoms. Hopefully they will dissipate with time. I saw huge improvement when I started taking multivitamins, at less for the fatigue.",Greg_MS,covidlonghaulers,1,2020-08-03T23:04:05,t3_i1d8r6,comment,reddit,pushshift
g09qtfo,i3659b,"Watermelon is high in citrulline which is converted to nitric oxide in the body and acts as a vasodilator so it will ease breathing, lower BP, and make you feel better. Foods high in nitrates (you can find lists online) will also get turned into nitric oxide, with —and I know this sounds weird—the help of mouth bacteria. You don’t want to destroy mouth bacteria so go easy on harsh toothpaste and mouthwash. 

Without nitric oxide, insulin cannot work properly. You need insulin to drive the glucose into your cells where it creates ATP, your primary source of energy. Covid attacks the insulin-producing cells in some people so if that happened to you, you are making less insulin and big carb loads will leave you tired. In the process of making ATP, there’s a crucial step that can falter, but you can supplement with CoQ10 which bridges that glitch. Also —and again I know it sounds weird— your mitochondria can use melatonin for energy. You can supplement with melatonin and eat more melatonin foods, like cherries. You can also eat tryptophan foods, like turkey, and take Vitamin B6 P5P and that will convert the tryptophan to serotonin and then to melatonin. 

If the moon of your fingernails is dark, it means one thing, if the whole nail color is more red-purple it means another. It’s probably best to match it up with pictures in a search to find out what’s what.

Heat is a stressor and your body has already been stressed. UVA/UVB are additional stressors. 

If you want this to go away ask your doctor about steroids and statins.",chesoroche,covidlonghaulers,2,2020-08-03T23:30:03,t3_i3659b,comment,reddit,pushshift
g09ru4f,i2hfyg,"The virus messes with insulin production if it attacks the pancreas. Insulin is a master hormone that influences the sex hormones. If you have dysregulation of sex hormones toward high androgen, you can develop benign ovarian cysts, which could upstream be the source of bleeding. Get an ultrasound?",chesoroche,covidlonghaulers,1,2020-08-03T23:39:15,t1_g08kgeq,comment,reddit,pushshift
g09rz3l,i3659b,Gastro issues like acid reflux too maybe? Esp with the type of food that you mentioned,Farobi,covidlonghaulers,1,2020-08-03T23:40:30,t3_i3659b,comment,reddit,pushshift
g09u21x,i380om,Yea this comes and goes for me. I'm not sure why. It came back yesterday and I've been thirsty all day. For me it usually comes with insomnia. Maybe electrolyte related?,EmpathyFabrication,covidlonghaulers,7,2020-08-03T23:59:11,t3_i380om,comment,reddit,pushshift
g09uzsc,i380om,"Extreme thirst is a sign of diabetes and high blood sugar. Eat like a diabetic for a few days (no sugar, low carb) and see if your thirst decreases.  Also, cut out any caffeinated drinks, that will make you go pee a lot. 

I am not saying you may have diabetes but COVID-19 causes multi-organ inflammation, including the pancreas.  Some consider diabetes type 2 as an inflammatory disease. You may have been pre-diabetic and COVID might have tipped you to become diabetic temporarily. Would not hurt and just to be safe, I suggest you get a finger blood sugar test if you are able to see your doctor. If not and you are still concerned, you can buy a starter blood glucose monitor kit with 10 strips+lancets for less than 10 bucks at a local drug store. Check online and call ahead to see if they have the kit, in stock. Ask the pharmacist to show you how to use it.  You want a fasting reading and a 2 hours after meal reading to make sure your blood sugar is in normal range.  Hope this helps.",allpsychedout,covidlonghaulers,4,2020-08-04T00:07:46,t3_i380om,comment,reddit,pushshift
g09wrnz,i2zprj,I have these same symptoms but they have gotten much better in the last week. I am going to see a pulmonologist tomorrow. They said to go there first and then he may refer to a cardiologist if needed. I will update once i finish there.,ashnar420,covidlonghaulers,2,2020-08-04T00:24:01,t3_i2zprj,comment,reddit,pushshift
g09x22p,i172ng,"I had that burning sensation in my brain and down the back of my neck/spine during the 4 weeks I was nearly bedridden but that’s since subsided. I feel for you, I hope you get some answers and can heal and feel better.",siren-skalore,covidlonghaulers,1,2020-08-04T00:26:40,t3_i172ng,comment,reddit,pushshift
g09xoc1,i3659b,Thanks for the advice. I never knew that about watermelon. I will definitely get with my doctor soon.,MisterO210,covidlonghaulers,1,2020-08-04T00:32:15,t1_g09qtfo,comment,reddit,pushshift
g09xrwa,i3659b,No acid reflux. But GI issues have not gone away completely since 1st day.,MisterO210,covidlonghaulers,1,2020-08-04T00:33:09,t1_g09rz3l,comment,reddit,pushshift
g09z78f,i2zprj,Thank you id like to hear what a pulm thinks about all this,Affectionate_Ad_3815,covidlonghaulers,2,2020-08-04T00:46:00,t1_g09wrnz,comment,reddit,pushshift
g0a4ejp,i39j6j,"&gt; Maybe it will cause another huge wave and fuck us up more

This is what I am worried about.  I’m tempted to just ask my family members to get it, while personally abstaining. I am pro-vaxx generally, but I terrified the COVID (or flu even) vaccine might trigger some sort of relapse!

Edit:didn’t do the quote formatting right",birdy_jenks,covidlonghaulers,2,2020-08-04T01:32:45,t3_i39j6j,comment,reddit,pushshift
g0aearl,i2pjwb,"Did he check your ANA?  I did have a high positive ANA.  ☹️ He is running more tests, but still waiting...",Diane_homebound,covidlonghaulers,1,2020-08-04T03:03:14,t1_g08tl5v,comment,reddit,pushshift
g0ahgf2,hzkeu9,"I had a Positive  ANA 1:1280 homogeneous pattern...2 weeks later it has 1:320 homogeneous/speckled pattern.  Having joint pain in my back, hands, some in the feet...and my breasts are sore (weird, I know).  Doctor is running more tests, but prescribed a steroid In the mean while...under the suspicion that this is immune dysregulation caused by Covid.  I fear that it is an autoimmune disease...I’m guessing either I’ll improve w steroids or my tests will show direction.  Scary!",Diane_homebound,covidlonghaulers,1,2020-08-04T03:34:24,t1_fzyxprw,comment,reddit,pushshift
g0aib3t,i39j6j,I was thinking about this the other day. Especially because they are not testing vaccines on people who had covid. I might be wrong but I haven't seen anything.,MisterO210,covidlonghaulers,3,2020-08-04T03:43:08,t3_i39j6j,comment,reddit,pushshift
g0aizwk,i2fobm,Some days you just gotta say fuck it..,bapebandit,covidlonghaulers,1,2020-08-04T03:50:13,t1_g08j1a7,comment,reddit,pushshift
g0aoqqd,i2hfyg,I actually have cysts in my cervix,kkangel2473,covidlonghaulers,1,2020-08-04T04:55:50,t1_g09ru4f,comment,reddit,pushshift
g0ape6l,i380om,I have a thirstiness that comes and goes. My electrolytes and sugar were fine on my blood tests. No idea what is this.,hnanana,covidlonghaulers,2,2020-08-04T05:03:58,t3_i380om,comment,reddit,pushshift
g0aqvlv,i380om,Isn’t peeing a river a sign of kidney trouble? Can you measure how much this is by volume for awhile? Any other symptoms of overhydration (nausea vomiting headache bloated)? Are you getting enough salt and other electrolytes?,chesoroche,covidlonghaulers,1,2020-08-04T05:23:11,t3_i380om,comment,reddit,pushshift
g0ardbc,i380om,"Actually covid is turning people into type 1 diabetics, which is more autoimmune.  There’s not enough insulin because the insulin producing cells were attacked.

The best test to get a good picture of what’s going on tests the blood glucose and insulin simultaneously (Kraft test). As I remember it’s a longish test with many blood draws but otherwise is like the glucose tolerance test done at the lab.",chesoroche,covidlonghaulers,2,2020-08-04T05:29:47,t1_g09uzsc,comment,reddit,pushshift
g0arutw,i38mwk,I think your logic is sound. I think we’ll even start to realize asymptomatics become long-haulers. The immune phase mimics the viral phase.,chesoroche,covidlonghaulers,1,2020-08-04T05:36:21,t3_i38mwk,comment,reddit,pushshift
g0aurgq,i3bye2,"I’ve seen this mentioned. I personally had  weird skin sensations like a cold sensation/ cold prickly skin, others but unfortunately I didn’t write down what “weird skin sensations” were. 

One night I couldn’t sleep because my skin was literally hot.",idontcare78,covidlonghaulers,3,2020-08-04T06:17:15,t3_i3bye2,comment,reddit,pushshift
g0ave7o,i3bye2,"Could be possible.

https://www.thelancet.com/journals/eclinm/article/PIIS2589-5370(20)30228-5/fulltext#.Xyig6jaBrFk.twitter",Smart_Elevator,covidlonghaulers,2,2020-08-04T06:26:28,t3_i3bye2,comment,reddit,pushshift
g0avuxg,i380om,"Yes, COVID may also cause the onset of type 1. Hoping for the best that is temporary stress-induced high blood sugar or inflamed pancreas and not autoimmune. Great recommendation to ask the doctor to rule out type 1 with an insulin test as well.",allpsychedout,covidlonghaulers,1,2020-08-04T06:33:21,t1_g0ardbc,comment,reddit,pushshift
g0ax5yp,i3bye2,"Do you know about the covid long-haulers sub? 

r/covidlonghaulers",chesoroche,covidlonghaulers,0,2020-08-04T06:52:52,t3_i3bye2,comment,reddit,pushshift
g0aytwc,i2hfyg,Are they saying it’s HPV (Human Papilloma  Virus)?,chesoroche,covidlonghaulers,1,2020-08-04T07:18:10,t1_g0aoqqd,comment,reddit,pushshift
g0b0otk,i380om,"I don’t mean to suggest covid is autoimmune but rather that covid diabetes isn’t caused by exhausting the pancreas by overworking it for decades as in Type 2 but rather due to physical damage to the pancreas from an attack like Type 1. Covid destroys the beta cells that produce insulin. The patient can eat fewer carbs but the problem is still that there’s not enough insulin to drive the carbs into the cell to create energy. The remedy is still insulin, either way. If the patient doesn’t want to go on insulin, then a consistently low-carb diet that forces the body to make energy from dietary or stored fat would restore energy without exogenous insulin.",chesoroche,covidlonghaulers,1,2020-08-04T07:48:04,t1_g0avuxg,comment,reddit,pushshift
g0b5vc6,i2hfyg,They haven't said anything? Why do you say that?,kkangel2473,covidlonghaulers,1,2020-08-04T09:15:36,t1_g0aytwc,comment,reddit,pushshift
g0b9xk0,i38mwk,Wow so you had positive IgG in June and negative IgG in August? Lends credence to the theory that antibodies don’t last more than a couple months... I’ve also been on anc off since mid March. Couldn’t get tested early on and by the time I tested for antibodies mid June I didn’t have enough to count as positive...,aaaaaaaaaaack,covidlonghaulers,1,2020-08-04T10:22:53,t3_i38mwk,comment,reddit,pushshift
g0bb6gi,i3gsof,I would just go personally. Or call an ambulance they can evaluate you on site. It seems a lot are being diagnosed with inflammation but covid can cause heart attacks.,EmpathyFabrication,covidlonghaulers,2,2020-08-04T10:43:08,t3_i3gsof,comment,reddit,pushshift
g0bbf9j,i3bye2,"Yes I keep thinking I have a tick on me. It seems to have something to do with freckles for me. Its always tingling around certain ones. I felt something crawling on me one night and it was a mole that got bigger, then went down the next day to normal again. I have a family history of skin cancer. Maybe its some kind of immune process.",EmpathyFabrication,covidlonghaulers,2,2020-08-04T10:47:03,t3_i3bye2,comment,reddit,pushshift
g0bbxs8,i3gsof,You think I am having a heart attack?,kkangel2473,covidlonghaulers,1,2020-08-04T10:55:26,t3_i3gsof,comment,reddit,pushshift
g0bc7a7,i3gsof,I have an oximeter....my hr seems to be fine,kkangel2473,covidlonghaulers,1,2020-08-04T10:59:30,t1_g0bb6gi,comment,reddit,pushshift
g0bd8dz,i3gsof,"Get checked out, if they can't see any problems then that should help with your anxiety.",skinke280,covidlonghaulers,1,2020-08-04T11:15:06,t3_i3gsof,comment,reddit,pushshift
g0c3x8x,i3l518,"Physical therapist assistant here. Start of symptoms June 12, went back to work after 2.5 weeks of sick time. Went back part time with a student intern doing treatments (my job was supervising so I could sit down). After my student’s internship was done, I went on disability due to increased fatigue and other symptoms. Still not working, at 7 weeks now, not looking like I can go back anytime soon.",JTB_23,covidlonghaulers,2,2020-08-04T15:33:50,t3_i3l518,comment,reddit,pushshift
g0cgarm,i3lw72,Improved. Somewhat but not fully linear. Couple relapses that were scary but not as bad as first wave. Worst for me was week 2-3. Gradual improvement since then,MinnyLakes,covidlonghaulers,1,2020-08-04T16:57:12,t3_i3lw72,comment,reddit,pushshift
g0cghwb,i3lw72,Did you have really severe week 2-3? anecdotally my sense is that many who had it really severely early have had a bit more linear of a recovery,MinnyLakes,covidlonghaulers,1,2020-08-04T16:58:24,t1_g0c8sxs,comment,reddit,pushshift
g0cgm3y,i3mmaa,You can certainly still have this if it's not respiratory but most people have at least something respiratory. Have you had anything cardiac GI or neurologic,MinnyLakes,covidlonghaulers,1,2020-08-04T16:59:10,t3_i3mmaa,comment,reddit,pushshift
g0ciui5,i3lw72,Generally I've seen many with bad sob and/or neuro early tend to have more linear recoveries. Anecdotal and not sure why but does seem common. Also had borderline severe to severe flu (lingering effects for 6 weeks or so... Mostly cardiac and GI but had possible viral meningitis too) and hepatitis A (mild to moderate but long lasting) in my life before this.,MinnyLakes,covidlonghaulers,1,2020-08-04T17:13:57,t1_g0cigbq,comment,reddit,pushshift
g0ckrco,i3lw72,"When did you have it before? It could have been another coronavirus or possibly flu, but I've had severe flu and it felt different to me... Less sob and more other problems (pots, severe gi, meningitis like pain).  Covid gi has been pretty mild for me",MinnyLakes,covidlonghaulers,1,2020-08-04T17:25:39,t1_g0ckfsd,comment,reddit,pushshift
g0co8mf,i3lw72,"Bad flu if early 2009 was probably swine flu. I didn't get it that year but got it in 2013. Was irrationally severe in my case, although this experience has been worse overall even if a bit less severe... Just much longer and much crazier symptoms. I've also wondered if people have had bad viral illnesses before and how that has affected recovery. I know for me mine has also been relatively linear compared to many and I have had other bad viral recoveries before. But it may also just be that I'm relatively used to this",MinnyLakes,covidlonghaulers,1,2020-08-04T17:46:37,t1_g0cnwl5,comment,reddit,pushshift
g0cq7fb,i3lw72,"That's good. I had lingering effects from swine flu for probably about 6 weeks plus. Hep A was 3.5 months but kinda mild after the first month, and never near severe",MinnyLakes,covidlonghaulers,1,2020-08-04T17:59:14,t1_g0cpx0n,comment,reddit,pushshift
g0cqfq3,i3l518,Oh wow. Ya it’s so frustrating that people don’t take this seriously. I am self employed so unclear where this will leave me,Littlelorin,covidlonghaulers,3,2020-08-04T18:00:38,t1_g0cnx5z,comment,reddit,pushshift
g0cqqlq,i3mmaa,"I've had SoB and later on, a mild cough, but I will not consider them my main symptoms, for me the worst one is by far the fatigue and brain fog. I also wonder if I truly had/have covid but my doctor thinks that yep. 
Also there are many testimonies like ours with positive tests.",hnanana,covidlonghaulers,2,2020-08-04T18:02:29,t3_i3mmaa,comment,reddit,pushshift
g0cqssc,i3lw72,Also I'm glad to see a majority seem to be improving. I wonder if those with stagnant or worsening symptoms are earlier in the course of the disease.,EmpathyFabrication,covidlonghaulers,3,2020-08-04T18:02:53,t3_i3lw72,comment,reddit,pushshift
g0csd27,i3l518,Symptoms were worse when I was working but it was also early and I didn’t understand my triggers. I’ve had relapses since but overall have improved since stopping work. Nowhere near ready to go back though.,JTB_23,covidlonghaulers,1,2020-08-04T18:13:12,t1_g0c48d3,comment,reddit,pushshift
g0ct7i2,i3l518,Thank you for sharing that with me and I hope you keep improving!,Littlelorin,covidlonghaulers,1,2020-08-04T18:18:39,t1_g0csd27,comment,reddit,pushshift
g0cwcuv,i2pjwb,How much longer are you on steroids? You still going in the right direction?,EmpathyFabrication,covidlonghaulers,1,2020-08-04T18:38:47,t1_g08tl5v,comment,reddit,pushshift
g0d109r,i3l518,Why can't you get an unemployment. Anyone can get an unemployment if it involves covid19. Just apply.,seandizzy,covidlonghaulers,-1,2020-08-04T19:07:47,t1_g0c4fjf,comment,reddit,pushshift
g0d2vmm,i2hfyg,I have 6 cysts on my cervix..that can cause bleeding?,kkangel2473,covidlonghaulers,1,2020-08-04T19:19:19,t1_g0c5s9e,comment,reddit,pushshift
g0d69b6,i3l518,"You have to be able to look for work to qualify unemployment.

LOL, so funny people think they know all situations.",SlaveToBunnies,covidlonghaulers,1,2020-08-04T19:39:35,t1_g0d109r,comment,reddit,pushshift
g0d6qzq,i3lw72,My chest pain and lung pain and breathing problems have gotten worse. My 02 on a drug store pulseox has been nearly perfect this entire illness since May though (98-100),grazinginthegrass,covidlonghaulers,1,2020-08-04T19:42:35,t3_i3lw72,comment,reddit,pushshift
g0d8zg9,i3mmaa," I never had any respiratory symptoms or any temperature/fever. Had a very light cough for the first 4 days. I had chills, alternating hot &amp; cold spells, tremendous fatigue and malaise. Most symptoms gone after 52 days, but now 97 days after onset I have some occasional brain fog and sleep issues. As a result, I have to be careful not to overexert myself. Otherwise okay. Daily sunshine and no sugar seem to help me the most.",BasqueOne,covidlonghaulers,5,2020-08-04T19:56:15,t3_i3mmaa,comment,reddit,pushshift
g0d9ez8,i2hfyg,"There are cysts everywhere in our bodies, some bleed, some don’t, many go unnoticed. Most are benign. You just happen to be noticing yours because there are a lot of nerve endings in your cervix and because the blood is able to flow to the outside. Your doctor will tell you if there’s any need to worry so I wouldn’t worry. You know what’s been causing your pain and the doctors have finally pinpointed it. They’ll get back to you on next steps. I’m sorry it took so long.",chesoroche,covidlonghaulers,1,2020-08-04T19:58:52,t1_g0d2vmm,comment,reddit,pushshift
g0do9ls,i3mmaa,[deleted],[deleted],covidlonghaulers,1,2020-08-04T21:41:55,t1_g0d8zg9,comment,reddit,pushshift
g0dua3p,i3mmaa,Take it easy and keep monitoring yourself. This thing is so different than any virus we've had and everyone's response is different. Hope you continue to get better each day.,BasqueOne,covidlonghaulers,2,2020-08-04T22:32:01,t1_g0do9ls,comment,reddit,pushshift
g0duz4b,i3gsof,"I’m shooting in the dark here, but have you considered it being a vascular issue? 

https://www.health.harvard.edu/heart-health/what-is-vasculitis

https://www.nhlbi.nih.gov/health-topics/vasculitis



I don’t want to be a google doctor and I’m not in health care, but it’s possibly a place to start? 


I mean, we know Coronavirus is vascular.
And you’ve had a lot of the major tests.",idontcare78,covidlonghaulers,1,2020-08-04T22:37:45,t3_i3gsof,comment,reddit,pushshift
g0dwfv7,i3659b,https://theconversation.com/coronavirus-could-trigger-diabetes-in-previously-healthy-people-140886,BitcoinBoffin,covidlonghaulers,1,2020-08-04T22:50:10,t3_i3659b,comment,reddit,pushshift
g0dzrb7,i3k9sh,"My kid had respiratory symptoms as well with lots of asthma (she is asthmatic and Immunocompromised ) got sick about a week after I did (In May). She has had wave after wave of the symptoms. A few others she had early on were pain in legs and some GI symptoms. 
No fever ever. 

Fast forward to more recently she is still having on and off symptoms but complained her heart felt like was racing, we were in the car. I checked it with a app on my phone and it was 140.

She also started complaining of dizziness more recently. I check her daily with a pulse ox and she is definitely having tachycardia symptoms.
I can feel it when I hugging her too. 

She’ll be 14 in a few days, so her range is considered adult. Whereas little kids tend to have higher heart rates. 
I think if palpitations are present though, that’s something to take in to account. And pain is definitely something I’d worry about.

How old is your son? 

I’m going to contact my daughters doctor and let her know.",idontcare78,covidlonghaulers,2,2020-08-04T23:19:12,t3_i3k9sh,comment,reddit,pushshift
g0dzud8,i3k9sh,15,[deleted],covidlonghaulers,2,2020-08-04T23:19:58,t1_g0dzrb7,comment,reddit,pushshift
g0e5595,i3ut4m,"I am also struggling to see a doctor even after 19 weeks. It must be regional. I am in the southeast. I will be trying again this week. I guess just talk to your supervisor and maybe send some articles about long term effects. My hr and brain fog issues lasted until very recently and it was basically just resting and a few supplements, nac, coq10, and magnesium that seemed to help.",EmpathyFabrication,covidlonghaulers,1,2020-08-05T00:08:42,t3_i3ut4m,comment,reddit,pushshift
g0e5jgw,i3mmaa,"Careful. I didn't develop problems until 3 months into dealing with my illness. Once my flu like problems stopped I developed bad shortness of breath, breathing pain, lung and chest pain and damage on xray. I DID have urinary and kidney problems while dealing with this. I'm a female.",grazinginthegrass,covidlonghaulers,3,2020-08-05T00:12:28,t3_i3mmaa,comment,reddit,pushshift
g0e5wbd,i3uxzn,Nac is great and is the #1 thing everyone agreed helped on my supplements thread a couple weeks ago. Turmeric was also good for me it cleared up my GI issues completely. My lung stuff cleared up fast within the first month. But I've had good luck lately with buteyko breathing to help fatigue and other symptoms,EmpathyFabrication,covidlonghaulers,3,2020-08-05T00:15:56,t3_i3uxzn,comment,reddit,pushshift
g0e5wvg,i3l518,"I have been furloughed since March, so I've been at home, but I got sick in May. I've barely left my bed since May and I am still dealing with what seems some longer term lung and chest problems now. I am still in bed everyday. Most simplistic errands like going to the food store with my fiance will make me really tired. Today I had an OK day and walked 2 blocks to the library, but I still have moderate chest/lung pain and burning.

I am still not well enough to go to work. I'm hoping they dont call me back super soon. I have a lung doc appointment this week. my doctor wrote me a note saying I can only work 5 days a week, which I can honestly barely imagine doing that. If I can make it to mid-august, I can try applying for FLMA. I will need it.",grazinginthegrass,covidlonghaulers,1,2020-08-05T00:16:05,t3_i3l518,comment,reddit,pushshift
g0e6628,i3l518,"I am at the 4 month mark now. Been furloughed but if my work asks me back I will be trying FLMA.

Would you try getting disability specifically for COVID, if you could? I have spent over 1k$ on tests and various things since I have been sick. I also apparently have documented lung damage on xrays. I know disability is next to near impossible...",grazinginthegrass,covidlonghaulers,1,2020-08-05T00:18:29,t1_g0cnx5z,comment,reddit,pushshift
g0e68nk,i3l518,I've been furloughed since March and have gotten one unemployment check... one. lol.,grazinginthegrass,covidlonghaulers,1,2020-08-05T00:19:10,t1_g0d109r,comment,reddit,pushshift
g0e6e0u,i3ut4m,"Yeah I think that will be my next step because I really just want to get better before going back, however long it takes. Currently taking NAC 600, but I wonder if I should be taking it once a day or twice. I'll also look into coq10. How do you take that and the magnesium? I took magnesium a few years back and it basically made my stool liquid, my apologies if that's TMI! But yeah, I've steered away from magnesium because I'm afraid of that happening again lol

Edit: glad some of your symptoms are going away!",jujudust,covidlonghaulers,1,2020-08-05T00:20:37,t1_g0e5595,comment,reddit,pushshift
g0e6k4s,i3gsof,"Get a chest xray.

if your pulseox is good, don't go to the hospital. I've been sick since May but my 02 this entire time has been like 98-100.

I've been sick with May but respiratory problems didn't hit me until July. I have/had pain while breathing, burning chest/lungs and moderate shortness of breath. I had scarring and thickening show up on my chest xray. If you call around, you might be able to find a cheap imaging place. It cost $30 for my xray.",grazinginthegrass,covidlonghaulers,1,2020-08-05T00:22:15,t3_i3gsof,comment,reddit,pushshift
g0e6qw1,i3uxzn,"I'll have to google that breathing stuff, I've never heard of it. My breathing was VERY VERY painful before NAC. Like pain just laying in bed and breathing, it sucked.

I still have moderate problems but it seems mild in comparison to what I was dealing with... I mean in reality none of this is freaking mild, but yeah.",grazinginthegrass,covidlonghaulers,1,2020-08-05T00:24:01,t1_g0e5wbd,comment,reddit,pushshift
g0e6ydu,i3uxzn,Do you like watermelon? It contains citrulline which is converted to nitric oxide in the body. It lowers BP because it dilates blood vessels. It relaxes the bronchial tubes (the big tubes going into your lungs). I don’t know if this would be good for your condition but you could ask your doctor about it.,chesoroche,covidlonghaulers,2,2020-08-05T00:26:01,t3_i3uxzn,comment,reddit,pushshift
g0e7k7p,i3ny5g,"Here’s a video from a doctor in Texas who prescribes it. This will give you an idea of how it works and you can decide if the side effects are worth it. Pulmicort contains the steroid budesonide. 

https://m.youtube.com/watch?v=205Unk4TQXI",chesoroche,covidlonghaulers,5,2020-08-05T00:31:57,t3_i3ny5g,comment,reddit,pushshift
g0e8dj3,i3gsof,"Thank you for the advice, but I actually live in Canada. Our health care is free...thank god",kkangel2473,covidlonghaulers,1,2020-08-05T00:39:54,t1_g0e6k4s,comment,reddit,pushshift
g0e8gx1,i3ut4m,"There are some really good forms of magnesium and many crappy ones. You want magnesium threonate if you take your supplements in the morning or magnesium glycinate if you take them at night. Magnesium threonate is really special, a brain food, and pretty spendy. It was designed at MIT.",chesoroche,covidlonghaulers,1,2020-08-05T00:40:49,t1_g0e6e0u,comment,reddit,pushshift
g0e978z,i3ut4m,"In the opinion of Dr. Paul E. Marik, dexamethasone isn’t the correct steroid to use, methylprednisolone is. He also says you need to take it with Vitamin C which primes the receptor and thiamine, which create multiple synergies. He explains it in this video.

https://m.youtube.com/watch?v=xZJixjgu3tk",chesoroche,covidlonghaulers,1,2020-08-05T00:48:08,t3_i3ut4m,comment,reddit,pushshift
g0eaewv,i3mmaa,"This user posted about “peeing a river” and you might find additional insight in the responses:

/r/covidlonghaulers/comments/i380om/anyone_else_feeling_thirsty/",chesoroche,covidlonghaulers,1,2020-08-05T01:00:02,t3_i3mmaa,comment,reddit,pushshift
g0eafg6,i3ut4m,Is dexamethasone the same as vericort? I think that's what it was called,jujudust,covidlonghaulers,1,2020-08-05T01:00:10,t1_g0e978z,comment,reddit,pushshift
g0eaibb,i3ut4m,"I'll take a look into that one, thank you!",jujudust,covidlonghaulers,2,2020-08-05T01:00:57,t1_g0e8gx1,comment,reddit,pushshift
g0eb6xr,i3k9sh,[deleted],[deleted],covidlonghaulers,1,2020-08-05T01:07:49,t3_i3k9sh,comment,reddit,pushshift
g0ebi9f,i3k9sh,"There was an Italian study showing “broken heart” syndrome post-covid. This video talks about that study:

**https://m.youtube.com/watch?v=tFXr14xmuGw**

Also, pericarditis is a possibility. This thread discusses it:

**/r/COVID19positive/comments/i3qpha/comment/g0dkum6?context=1**

This is not an exhaustive list.",chesoroche,covidlonghaulers,2,2020-08-05T01:10:56,t3_i3k9sh,comment,reddit,pushshift
g0ed3bd,i3ut4m,"I took 3 x 600mg, 20 mins before each meal for 2 weeks at first. Then I went to 2 x 600mg before breakfast and dinner. I take 300mg pill of coq10 at lunch.or breakfast but it was contributing to my insomnia after noon. I take magnesium threonate 1 hour before bed. I've not noticed any stool problems though.",EmpathyFabrication,covidlonghaulers,1,2020-08-05T01:26:41,t1_g0e6e0u,comment,reddit,pushshift
g0eda31,i3uxzn,"The one that helped me the most was walking at a normal pace, holding my breath, with my nose pinched. 3 sets of those once or twice a day. Count the steps. I'm up to about 40 steps from 12 steps in the beginning.",EmpathyFabrication,covidlonghaulers,1,2020-08-05T01:28:37,t1_g0e6qw1,comment,reddit,pushshift
g0edbnr,i3ut4m,"The only thing from your list I’m not currently experiencing is brain fog, though I’m having memory blanks a lot. 
As was just looking up the symptoms you’re asking about. My chest has this pressure like constricted feeling and it’s causing a mild SOB that’s not coming from my lungs. Tachycardia is present but mild but this happens no matter what my HR is. It feels like a palpitations but not in my heart like other types I have had. 

It’s really uncomfortable and I don’t know what’s happening.",idontcare78,covidlonghaulers,3,2020-08-05T01:29:03,t3_i3ut4m,comment,reddit,pushshift
g0edhpm,i3bye2,"This does not address “bugs crawling on skin,” but rather high LDH (a marker of tissue damage), loss of smell and memory loss post-covid.",chesoroche,covidlonghaulers,1,2020-08-05T01:30:42,t1_g0ave7o,comment,reddit,pushshift
g0ednkv,i3uxzn,"I did look up this buteyko breathing and it really did help me clear my nose, but congestion isnt necessarily a main/big problem for me right now. I do try walking sadly I live in a popular Florida place and theres countless of people who bike and do everything outside without wearing masks. I walked to the library today and tried to go in a corner of the parking lot away from people to have a phone conversation and still had like 3 bike riders specifically come RIGHT By me to pass like wtf, lol. Please go away :(",grazinginthegrass,covidlonghaulers,2,2020-08-05T01:32:22,t1_g0eda31,comment,reddit,pushshift
g0edtik,i38mwk,"As long as you’re on prednisolone, you might benefit from taking Vitamin C and B1 concurrently. This video explains why:

https://m.youtube.com/watch?v=xZJixjgu3tk",chesoroche,covidlonghaulers,1,2020-08-05T01:34:00,t1_g0ce9k6,comment,reddit,pushshift
g0ee3o6,i3uxzn,Apparently you can do it just sitting and counting or pacing around the house too. I started just around the house.,EmpathyFabrication,covidlonghaulers,1,2020-08-05T01:36:54,t1_g0ednkv,comment,reddit,pushshift
g0efl4o,i3uxzn,"I cannot hold my breath very long at all... maybe max 10 seconds before I really need to breathe :/ my insides must be screwed, lol. I am going to practice it more, I was just trying a few times while laying in bed. I noticed after doing it I've been coughing a lot more tonight after it and bringing up phlegm",grazinginthegrass,covidlonghaulers,1,2020-08-05T01:51:44,t1_g0ee3o6,comment,reddit,pushshift
g0egvki,i3uxzn,It does seem to help the lungs do something. I'm not sure how it works though. It helps me wake up in the morning. So I must be having some kind of underlying lung issue still.,EmpathyFabrication,covidlonghaulers,1,2020-08-05T02:04:48,t1_g0efl4o,comment,reddit,pushshift
g0egxfh,i3uxzn,Do you have any lung damage on an xray?,grazinginthegrass,covidlonghaulers,1,2020-08-05T02:05:18,t1_g0egvki,comment,reddit,pushshift
g0ehk56,i3uxzn,Haven't had an xray yet. My lung issues have been very mild though so I guess probably not much. I am a former smoker so likely there was something fucked up in there already,EmpathyFabrication,covidlonghaulers,1,2020-08-05T02:11:40,t1_g0egxfh,comment,reddit,pushshift
g0enzo5,i3uxzn,"My fiance is a cig smoker and so far has had 0 symptoms.

I've been smoking weed for maybe 10 years or so now, but I've had xrays like 3 years ago or so that I think were clear? Hopefully the lung doc will know more this week",grazinginthegrass,covidlonghaulers,2,2020-08-05T03:16:55,t1_g0ehk56,comment,reddit,pushshift
g0epyqz,i3l518,"~~I believe the federal FLMA is for taking care of family only, not for self. Your state or your company may have different policies.~~

My state version of FLMA doesn't apply for self, only family. Federal does apply for self but doesn't cover my company. My company enacted their own policy.

My state short term disability insurance doesn't actually need a diagnosis. It needs a doctor to fill out the symptoms and say you're trying to get a diagnosis and are getting care. Right now all the doctors claim it's stress and anxiety and won't fill it out. Technically, even if a person is stressed out to the point they can't function, one should still be able to get disability. This is different from SS disability. I really don't care what they call it. I paid for insurance and should be able to claim it when I need it.

Yeah, I've spent way more even though I have decent insurance. Two ER trips, one of which was transported via ambulance, those 22 ""visits"", blood draws, test for this and that which I knew I didn't need but they want to rule out because they don't think it's covid because their knowledge is from March...

Another stupid thing is, even if I could work, I can't since I have almost all symptoms and would therefore be banned.

These systems were never meant for this type of situation.",SlaveToBunnies,covidlonghaulers,2,2020-08-05T03:37:47,t1_g0e6628,comment,reddit,pushshift
g0eqd2j,i3uxzn,"Have you tried Pepcid? I rolled my eyes at this before and tried calcium carbonate which didn't do anything. However, I recently obtained Pepcid and found relief almost immediately. Others have found the same. I have no idea why; sounds so strange.

I should say it's not a cure all and I cannot say it eliminates anything in particular but that overall, I feel better. I am taking the 10mg version two times a day right now.",SlaveToBunnies,covidlonghaulers,1,2020-08-05T03:42:04,t3_i3uxzn,comment,reddit,pushshift
g0eqvne,i3l518,"You typing about not even getting FLMA gave me a heart attack so I went to go check the new employee hand book. I'm in Florida so unsure about the state or if its by work place. I am super lucky to work with a company that has a lot of Europeans so we always have decent time off, etc. Apparently I can take time ""to care for your own serious health condition, which renders you unable to perform any of the essential functions of your position"". I would need to let them know and give a doctors certification which is 0 issues for me. I've had this whole thing documented. 

I am kind of in a similar situation as you. Spent a bunch of money, still not better enough to work/showing symptoms... lol. Not sure if work would ban me though, they're requiring a negative COVID test for all employees every 2 weeks. Anyone returning to work must provide a neg test as well before going back. Mask wearing required. I'm probably safer at work than I am at the food store",grazinginthegrass,covidlonghaulers,1,2020-08-05T03:47:44,t1_g0epyqz,comment,reddit,pushshift
g0erm27,i3uxzn,"Is this to help give relief to pain? I mostly specifically have varying pain that feels like its in my chest/lungs and sometimes I get long periods where it feels like burning. I'll look into this tomorrow. I have another chronic illness that entails trying off the wall stuff so I dont shy away from stuff like that, haha. Thanks so much for the info~",grazinginthegrass,covidlonghaulers,1,2020-08-05T03:55:59,t1_g0eqd2j,comment,reddit,pushshift
g0ewmi2,i3ut4m,"Yes, same stuff.",chesoroche,covidlonghaulers,1,2020-08-05T04:55:42,t1_g0eafg6,comment,reddit,pushshift
g0ewu7e,i3uxzn,"Do you keep a diet journal? 

Pretty much all my symptoms are gastro and neuro. However, if I eat anything remotely sugary / processed carbs the inflammation and pain increases significantly. 

It might may only give you a small boost but see how different food groups affect you. Keto diet and intermittent fasting have helped a lot in relieving my symptoms and anecdotally a lot of other people on here have cut out sugar and carbs to improve symptoms.

Another thing I’ve been doing is IV drips with high levels of c, d, and b vitamins. It’s easy to dismiss this as “just vitamins”, but again, it might be something that will help.

Those two areas won’t directly address your pain receptors but may, through assisting recovery, reduce the pain.",welshpudding,covidlonghaulers,1,2020-08-05T04:58:24,t3_i3uxzn,comment,reddit,pushshift
g0ezcwv,i3ut4m,May be why I didn't feel much of a difference hmmm,jujudust,covidlonghaulers,1,2020-08-05T05:31:56,t1_g0ewmi2,comment,reddit,pushshift
g0f1js1,i3ut4m,"Well, it’s still a steroid. What it’s designed to do is quiet your immune system, then when you taper off it, your immune system is supposed to stay quiet, having forgotten all about the virus. Did your symptoms go away even briefly?

What’s in the nebulizer?",chesoroche,covidlonghaulers,1,2020-08-05T06:03:17,t1_g0ezcwv,comment,reddit,pushshift
g0f246e,i3ut4m,My chest pressure did go away a bit. The nebulizer has budesonide,jujudust,covidlonghaulers,1,2020-08-05T06:11:40,t1_g0f1js1,comment,reddit,pushshift
g0f5v9w,i3bye2,"you are correct, it is an immune process. There are some syndromes where seborrheic keratoses (those big brown velvety moles) multiply very rapidly, which is a sign of some cancers. I don't think you have cancer, but I do think you're correct in your reasoning.",penguina83,covidlonghaulers,1,2020-08-05T07:10:12,t1_g0bbf9j,comment,reddit,pushshift
g0f5zjn,i3bye2,"Yeah, me and my cousin both get this, I have jumped out of bed and searched my sheets for bugs because the sensation was so convincing. More common on my upper back/neck. I had bad migraines for a while too, ice packs to the back of my neck and scalp helped, along with blue light blocking glasses (with amber lenses- you can get cheap ones on amazon) whenever I had to use a screen like a computer or phone. Melatonin 6mg helps a tiny bit with sleep but not much, I'm still struggling with that one too. And still having headaches every single day but at least they're not as severe as they were.",penguina83,covidlonghaulers,1,2020-08-05T07:12:09,t3_i3bye2,comment,reddit,pushshift
g0f821j,i3ut4m,That’s the perfect nebulizer.,chesoroche,covidlonghaulers,1,2020-08-05T07:46:34,t1_g0f246e,comment,reddit,pushshift
g0f90qo,i3uxzn,Smoking cigs makes you much much less likely to get covid,MinnyLakes,covidlonghaulers,1,2020-08-05T08:03:02,t1_g0enzo5,comment,reddit,pushshift
g0fj6r2,i3l518,"FMLA is Family AND MEDICAL Leave Act. It can be used for self but you need to have forms filled out by your PCP to qualify for it.  It must have treatment start and end date like PT for 6 months, etc.",RemoteEmote,covidlonghaulers,1,2020-08-05T10:58:26,t1_g0epyqz,comment,reddit,pushshift
g0flfmx,i3k9sh,I am not a doctor but have read that MIS-C can present itself in a lot of ways in kids and a high heart rate is one of those symptoms. I would reach out and see if they can monitor the heart rate and just be sure your son is healing normally and nothing else is going on.,6295,covidlonghaulers,2,2020-08-05T11:27:56,t3_i3k9sh,comment,reddit,pushshift
g0fm9yk,i3gsof,I think it might be...have   to ask for testing,kkangel2473,covidlonghaulers,1,2020-08-05T11:37:36,t1_g0duz4b,comment,reddit,pushshift
g0fmvkc,i3gsof,How are you today? Any improvements at all? Wishing you well fellow human!🙏,zegezege,covidlonghaulers,1,2020-08-05T11:44:22,t3_i3gsof,comment,reddit,pushshift
g0fmyvg,i3gsof,No....still the same...same to you,kkangel2473,covidlonghaulers,1,2020-08-05T11:45:25,t1_g0fmvkc,comment,reddit,pushshift
g0fnzax,i3l518,"I just got a letter of termination as a Detroit public school teacher bc I took too many sick days while in the hospital and/or basically passed out in sweaty sleep delirium. Now I have no health insurance and I'm just ""coming to"" (who knows for how long), and in a crazy panic. I'm still extremely weak with heart failure and neurological issues so I can't write much more. Idk what I will do.",mablej,covidlonghaulers,1,2020-08-05T11:56:37,t3_i3l518,comment,reddit,pushshift
g0fokcz,i3l518,"I want to add... I got it at school during the last week, I was told to lie by my principal so I didn't ""scare the families"", my close coworker went on a vent, my heart rate was 190, I slept 20 hours a day during April and may, informed my admin, and never took a sick day before",mablej,covidlonghaulers,1,2020-08-05T12:03:11,t1_g0fnzax,comment,reddit,pushshift
g0fsjem,i3uxzn,"I've been on a raw diet and sugars are already low due to another illness I deal with. The drips is a good idea, my doc does them but I cant shell out the $100+ for one right now",grazinginthegrass,covidlonghaulers,1,2020-08-05T12:44:17,t1_g0ewu7e,comment,reddit,pushshift
g0fyde6,i3uxzn,"I don't have any GI issue so I didn't search for it, did Pepcid helped with other symptoms? In that case, what symptoms improved with it?",hnanana,covidlonghaulers,1,2020-08-05T13:35:59,t1_g0eqd2j,comment,reddit,pushshift
g0g1d9e,i3uxzn,"Brain swelling, 3.5 months in.  I'm getting worired.",[deleted],covidlonghaulers,2,2020-08-05T13:59:06,t3_i3uxzn,comment,reddit,pushshift
g0g1h09,i3uxzn,"I ignored my diet for a couple days now in hell.  watch the diet like a hawk people, never slip.",[deleted],covidlonghaulers,2,2020-08-05T13:59:52,t1_g0ewu7e,comment,reddit,pushshift
g0gals3,i46i7b,I lost a load of muscle mass. Total weight lost was about 20lbs down from 170s to 150s. I'm slowly gaining again now at 165 after 19 weeks of symptoms. I can tell I'm slowly building muscle too. I don't get sore from just walking and my grip strength is better. It's just gonna take time I think.,EmpathyFabrication,covidlonghaulers,1,2020-08-05T15:11:57,t3_i46i7b,comment,reddit,pushshift
g0gejko,i2pjwb,"It’s a 6 day course... I’m on day 2 today.  So far...pain is lighter...but, not gone!",Diane_homebound,covidlonghaulers,2,2020-08-05T15:39:55,t1_g0cwcuv,comment,reddit,pushshift
g0gfzew,i47hwb,A+,perxion,covidlonghaulers,5,2020-08-05T15:50:15,t3_i47hwb,comment,reddit,pushshift
g0ggaw3,i47hwb,A+,zegezege,covidlonghaulers,4,2020-08-05T15:52:26,t3_i47hwb,comment,reddit,pushshift
g0ggi9z,i46i7b,"Wow, you are on almost 5 months of symptoms? What are you symptoms and how have you been progressing?",StatusYear,covidlonghaulers,1,2020-08-05T15:53:52,t1_g0gals3,comment,reddit,pushshift
g0ghnrd,i47hwb,O+,YetiDancer,covidlonghaulers,3,2020-08-05T16:02:18,t3_i47hwb,comment,reddit,pushshift
g0ghsby,i3gsof,"I hope you can get what you need. 
Stay strong, hoping this leads to answers for you.",idontcare78,covidlonghaulers,1,2020-08-05T16:03:19,t1_g0fm9yk,comment,reddit,pushshift
g0ghx0w,i47hwb,"A-

Six months in and still going...",dedoubt,covidlonghaulers,4,2020-08-05T16:04:17,t3_i47hwb,comment,reddit,pushshift
g0gi6it,i46i7b,"All kinds of crazy symptoms. First month lung stuff, then neuro next couple months, brain fog, etc. Then insomnia. I'm doing way better now. I think I'm about 90% most days.",EmpathyFabrication,covidlonghaulers,1,2020-08-05T16:06:23,t1_g0ggi9z,comment,reddit,pushshift
g0gjb7k,i46i7b,That’s good that you are feeling better. Man the brain fog is what scares me those most. How did you cope with that?,StatusYear,covidlonghaulers,1,2020-08-05T16:15:21,t1_g0gi6it,comment,reddit,pushshift
g0gjju6,i47hwb,A+,idontcare78,covidlonghaulers,5,2020-08-05T16:17:19,t3_i47hwb,comment,reddit,pushshift
g0gk87x,i3gsof,Thank you....been a real struggle lately,kkangel2473,covidlonghaulers,2,2020-08-05T16:22:56,t1_g0ghsby,comment,reddit,pushshift
g0gkk6i,i3ut4m,"Were you on a pulsed dose of dexamethasone? Sometimes they prescribe it for just a few days, then you go off it, then back on for a few, and so on. The other prescription is a few weeks with tapered doses near the end. This is done to prevent the rebound effect.",chesoroche,covidlonghaulers,1,2020-08-05T16:25:40,t1_g0f246e,comment,reddit,pushshift
g0glcme,i3ut4m,"This is an interview with an ICU surgeon who developed a protocol using inhaled budesonide and a couple of other things (“silver bullet” protocol) for covid. It will give you an idea of how budesonide works, what treatment levels he recommends, and results he got with his patients. His name is Dr. Richard Bartlett.

https://m.youtube.com/watch?v=205Unk4TQXI",chesoroche,covidlonghaulers,2,2020-08-05T16:31:35,t1_g0f246e,comment,reddit,pushshift
g0gmc6c,i46i7b,"You can process about 15 grams of high-quality protein per meal. That’s a quarter pound of beef for example. To restore muscle, two meals 2 hours apart, each containing 15 grams of high-quality protein builds muscle faster than one meal with 30 grams of high-quality protein.

By high-quality, that’s a research term, meaning animal protein. Plant proteins aren’t as bio-available.",chesoroche,covidlonghaulers,2,2020-08-05T16:39:36,t3_i46i7b,comment,reddit,pushshift
g0gmykd,i46i7b,Just resting basically. I was still able to read books and stuff. So I just rested for a couple months.,EmpathyFabrication,covidlonghaulers,1,2020-08-05T16:44:29,t1_g0gjb7k,comment,reddit,pushshift
g0gn43t,i47hwb,A+,EmpathyFabrication,covidlonghaulers,4,2020-08-05T16:45:41,t3_i47hwb,comment,reddit,pushshift
g0gnbvd,i47hwb,"A- and yep, I read that A group has a harder time with covid.",hnanana,covidlonghaulers,7,2020-08-05T16:47:12,t3_i47hwb,comment,reddit,pushshift
g0goege,i3gsof,"I can tell you’re in a rough place. ❤️
You probably read through all that stuff, but you’ll need a specialist, I hope you have access to that. I’m starting to think doctors like rheumatologist are going to find themselves very busy, soon. 

When I told my daughters rheumatologist that I probably had coronavirus and was having cardiac symptoms he replied “you know it’s a vascular disease, so that makes sense.” I agreed because I did know, but there was something validating about his frankness. The doctors I’ve since talked to, it’s not even brought up. 
And I think just that simple understanding would make a world of difference for those now suffering from this disease.",idontcare78,covidlonghaulers,1,2020-08-05T16:55:19,t1_g0gk87x,comment,reddit,pushshift
g0gpamu,i3gsof,"I just got an undetermined swab, so worried! Like do I have covid again?",kkangel2473,covidlonghaulers,1,2020-08-05T17:02:05,t1_g0goege,comment,reddit,pushshift
g0gpjma,i47hwb,A+,welshpudding,covidlonghaulers,4,2020-08-05T17:04:00,t3_i47hwb,comment,reddit,pushshift
g0gpmp4,i3ut4m,"Hi, your progression sounds exactly like mine was! I caught Covid mid-March. It was a very mild case, no pneumonia, only abnormal thing was low potassium and a high WBC count.

I had tachycardia, brain fog, and mild sob for about two months. I had neuro symptoms for three and this (fourth) month I would say I'm 90% except for a lingering thyroid issue. My recovery hasn't been linear, but it improves each month somehow.

Definitely be on the lookout for a thyroid issue. They're finding that a lot of patients with this disease do have one, and there are a lot of people also being newly diagnosed with Hashimoto's and Graves' because of this. In my case I seem to be experiencing just plain ol' thyroiditis and it is giving me hyperthyroid symptoms - the tachy, adrenaline rushes, insomnia, sudden weight loss, nausea, spells of fatigue, neuropathy, and so on. It gets worse around my period and then goes away again, but each month it becomes more mild.",mubeany,covidlonghaulers,2,2020-08-05T17:04:37,t3_i3ut4m,comment,reddit,pushshift
g0gvpnp,i3ut4m,That sounds like the inflammation in your chest hasn't cleared up yet. Give some more time and it should be much better.,skinke280,covidlonghaulers,3,2020-08-05T17:51:22,t1_g0edbnr,comment,reddit,pushshift
g0gyelb,i47hwb,A+,rulo902,covidlonghaulers,5,2020-08-05T18:13:02,t3_i47hwb,comment,reddit,pushshift
g0gygqa,i3ut4m,"That's so interesting. I have a follow up with my doctor next week so i’ll be sure to ask for a check up on my thyroid levels. In your case, have you found anything to help with the lingering thyroid issues?",jujudust,covidlonghaulers,1,2020-08-05T18:13:30,t1_g0gpmp4,comment,reddit,pushshift
g0gyj5r,i47hwb,"O-
Day 158",mavismills,covidlonghaulers,3,2020-08-05T18:14:03,t3_i47hwb,comment,reddit,pushshift
g0gzdi9,i3ut4m,"I’m gonna go get my blood work done today for the inflammation. So, hopefully that will at least give me something to work with.",idontcare78,covidlonghaulers,1,2020-08-05T18:20:41,t1_g0gvpnp,comment,reddit,pushshift
g0h3bn4,i47hwb,"A+ mild course, all the classic symptoms plus some audible lung crackles during the peak days, not hospitalized, day 96, 3rd relapse with “full recoveries” in between.",Viradavinci,covidlonghaulers,5,2020-08-05T18:51:39,t3_i47hwb,comment,reddit,pushshift
g0hbwkr,i3l518,Sorry I have that backwards. My state one doesn't apply to self. Federal one does but does not apply to my company.,SlaveToBunnies,covidlonghaulers,1,2020-08-05T19:55:42,t1_g0eqvne,comment,reddit,pushshift
g0hc1qx,i3l518,"Sorry, FMLA for my state doesn't apply to self. Federal one does; it just doesn't apply to my company.",SlaveToBunnies,covidlonghaulers,1,2020-08-05T19:56:42,t1_g0fj6r2,comment,reddit,pushshift
g0hdbvo,i3l518,[deleted],[deleted],covidlonghaulers,1,2020-08-05T20:06:01,t1_g0hc1qx,comment,reddit,pushshift
g0hi05e,i3bye2,"Sometimes less melatonin works better. The reason is your cells can use melatonin for energy. The signs you’re taking too much are insomnia and also vivid dreams, indicating you’re not dropping into the deep sleep state where you don’t dream.",chesoroche,covidlonghaulers,2,2020-08-05T20:41:02,t1_g0f5zjn,comment,reddit,pushshift
g0hig6h,i3bye2,"Found a few supplements for peripheral neuropathy (crawly skin, pins and needles):

• NAC 

• spirulina

• acetyl L-carnitine 

• Vitamin B12",chesoroche,covidlonghaulers,3,2020-08-05T20:44:31,t3_i3bye2,comment,reddit,pushshift
g0hk4xm,i3l518,"No, ""anyone"" cannot get unemployment ""if it involves covid19.""

While eligibility is expanded, some states have more onerous requirements than others. For example, if you were a student in the spring of 2020 and graduated into a  terrible job market because of covid, quit a job because you fear getting covid, quit a job back in January and now cannot find a job because the job market is terrible due to covid,  were laid off for reasons that have nothing to do with covid back in December and your employment is now running out - these are some of the reasons why you may not qualify for UI at all, let alone for the extra $400-$600 benefit, or whatever it's going to be when the GOP gets its act together.

That said, it's worth applying just in case.",palabritas,covidlonghaulers,1,2020-08-05T20:57:34,t1_g0d109r,comment,reddit,pushshift
g0hk7nv,i3l518,"Not true. It depends on your state. Some states have relaxes this requirement. And for those that have it, ""look for work"" just means ""sending an email here and there"". Do not let this requirement stop you from applying.",palabritas,covidlonghaulers,1,2020-08-05T20:58:09,t1_g0d69b6,comment,reddit,pushshift
g0hkt5a,i3l518,"jesus christ. do you have a union, or no?",palabritas,covidlonghaulers,1,2020-08-05T21:02:48,t1_g0fokcz,comment,reddit,pushshift
g0hmbj9,i3ut4m,"Nothing real, but a few things sort of help. Thyroiditis is caused by an inflamed thyroid, so I've been eating a carnivore-ish diet, which keeps all the inflammation in my body down. When I was really unable to sleep, a strong dose of CBD oil+benedryl would help me get a few hours.

I can't say if the diet actually helped or not, honestly. I definitely can't eat specific things at the moment, like anything with caffeine, even 'decaf' coffee, as that brings all symptoms roaring back. But I'm not sure if there was any correlation to cutting out bread and sugar. My symptoms seem pretty cyclical regardless of what I eat - they come around at the same time each day/evening. I continue eating this way to ""stay out of my body's way"" and let it heal though, lol.

It does eventually get better! But as far as my doctor told me, thyroiditis takes months to completely heal from, up to a year.",mubeany,covidlonghaulers,1,2020-08-05T21:14:55,t1_g0gygqa,comment,reddit,pushshift
g0hmv78,i47hwb,A+,mmbelzb,covidlonghaulers,4,2020-08-05T21:19:18,t3_i47hwb,comment,reddit,pushshift
g0hnvpk,i4dtcb,"It sounds good to me, but then again I have no idea who Biotech is, or how likely or promising this is scientifically.

At least there's 1 research company on the case...",Chiaro22,covidlonghaulers,2,2020-08-05T21:27:31,t3_i4dtcb,comment,reddit,pushshift
g0hp6rv,i4dtcb,Maybe if it's independently verified,EmpathyFabrication,covidlonghaulers,1,2020-08-05T21:38:06,t3_i4dtcb,comment,reddit,pushshift
g0hwmgk,i47hwb,B- im on day 38 of my 2nd wave,minmaxminis,covidlonghaulers,3,2020-08-05T22:39:37,t3_i47hwb,comment,reddit,pushshift
g0hxski,i3bye2,"I don't know what it is with melatonin, but I think I would rather have the insomnia. It makes me sleep 12-15 hours which is really not useful. The neurologist thought that getting better sleep would help with the headaches, but I don't think that's what she meant.",kodandyananda,covidlonghaulers,1,2020-08-05T22:49:28,t1_g0hi05e,comment,reddit,pushshift
g0hy53m,i2ps8l,I had this same experience with exercise. My neuro symptoms are clearing up now too. I try to get in a good walk everyday,EmpathyFabrication,covidlonghaulers,1,2020-08-05T22:52:27,t1_g09mmdt,comment,reddit,pushshift
g0i0d5t,i47hwb,B-,pbbananatime,covidlonghaulers,2,2020-08-05T23:11:43,t3_i47hwb,comment,reddit,pushshift
g0i2qfq,i47hwb,A+,thegoodusernamesgone,covidlonghaulers,4,2020-08-05T23:32:22,t3_i47hwb,comment,reddit,pushshift
g0i2uxm,i49l3x,I have!  Mine was normal.  As well as ANA and CRP.  Seeing a rheumatologist tomorrow to see if she wants anything further.,petitelegit,covidlonghaulers,1,2020-08-05T23:33:28,t3_i49l3x,comment,reddit,pushshift
g0i45pv,i380om,"Feeling super dry/thirsty was one of my first symptoms. I was hypokalemic in the ER about a week later. It seems Covid can attack the kidneys and zap your potassium. If you're peeing a lot, you might not be retaining water because your electrolytes are out of whack. Get your potassium on, and try an ORS electrolyte drink like Liquid IV.  I ended up developing what they think is Dysautonomia/POTS, for which they recommend increased water and salt intake.  If you find yourself craving salt, listen to your body.  Staying hydrated is crucial.  Feel better 💜",petitelegit,covidlonghaulers,2,2020-08-05T23:44:53,t3_i380om,comment,reddit,pushshift
g0i71vi,i3bye2,Is it insomnia without melatonin and too much sleep with melatonin?,chesoroche,covidlonghaulers,1,2020-08-06T00:10:34,t1_g0hxski,comment,reddit,pushshift
g0i80vn,i02qu6,I tested negative.,petitelegit,covidlonghaulers,1,2020-08-06T00:19:12,t3_i02qu6,comment,reddit,pushshift
g0icokq,i49l3x,"Mine seemed slightly elevated. I’m a 41yo male with a sed rate of 34mm/hr. I’m not sure if 34 is a solid indication of inflammation. I definitely feel inflamed in various parts of my body. I’m waiting on the results of my ANA and Anti-neutrophilic cytoplasmic antibody test, after that I will talk to the doctor and see where we go from  there.",Negative-Extension14,covidlonghaulers,1,2020-08-06T01:01:13,t1_g0i2uxm,comment,reddit,pushshift
g0idc5s,i49l3x,[deleted],[deleted],covidlonghaulers,1,2020-08-06T01:07:15,t3_i49l3x,comment,reddit,pushshift
g0ie1yr,i47hwb,A+,annmlord,covidlonghaulers,3,2020-08-06T01:13:45,t3_i47hwb,comment,reddit,pushshift
g0ieyr3,i49l3x,What are your symptoms?,Diane_homebound,covidlonghaulers,1,2020-08-06T01:21:57,t1_g0i2uxm,comment,reddit,pushshift
g0if49o,i49l3x,I’m having a ton of joint/muscle pain in my back and hands...even my breasts hurt.  Had a positive ANA.  Normal SED rate and CRP.  What are your symptoms?,Diane_homebound,covidlonghaulers,2,2020-08-06T01:23:22,t1_g0icokq,comment,reddit,pushshift
g0iiie5,i49l3x,"I've been sick for four months and counting...it started with respiratory stuff mostly, terrible SOB, thirst, burning/stinging/watering eyes, chest pain/congestion, nasal congestion. Had headaches, low fevers, shaking chills. Then moved into the phase of constant near fainting, severe leg pain, and muscle weakness.  UTI symptoms. Then sinus symptoms, congestion, facial pressure, red/inflamed eyes, ear congestion/dizziness, throat congestion followed by sore throat/post-nasal drip and overproduction of saliva.  Then the cardiac and neurological symptoms started. Unexplained tachycardia, palpations, chest and left arm pain.  POTS symptoms - orthostatic intolerance, low blood pressure, twinges/prickles/heaviness in legs upon standing and walking, ""on a boat"" off balance feeling, ""fizzing,"" buzzing sensation and restless legs at night, eye dimness, frequent urination.  Loss of appetite, intermittent diarrhea, nausea.  

I got the ANA/CRP/sed tests a couple months ago.  These days many things are improved, but still having the tachycardia and some of the POTs/neurological symptoms, and the sinus congestion and SOB come and go as they please.",petitelegit,covidlonghaulers,2,2020-08-06T01:53:53,t1_g0ieyr3,comment,reddit,pushshift
g0ijv4y,i49l3x,"I’ve been sick since early April, I was feeling pretty good for about 2 weeks reaching up to May, then I got hit with all kinds of symptoms. SOB, back pain in different areas, arm muscle pain, knee joint, rib pains, ringing ear, headaches, brain fog, blurred visions, extreme fatigue, weakness, GI issues, no taste plus more.  Some of the symptoms have been more intense at different times during the last four months.",Negative-Extension14,covidlonghaulers,3,2020-08-06T02:05:57,t1_g0ieyr3,comment,reddit,pushshift
g0ikgzj,i3ut4m,"I tested positive June 17th. Relatively mild case. About a week in, I started getting moderate to severe shortness of breath with exertion and high heart rate. I have yet to be able to return to work due to my residual symptoms. I saw cardiology today and they've ordered an ECHO and I have to wear a 24 hour holter monitor. They want to rule out possible cardiomyopathy caused by COVID. If it's not that, I'll be on to pulmonary. It's been real frustrating not recovering as soon as I'd want and not being able to get back to work.",LaHuera,covidlonghaulers,1,2020-08-06T02:11:26,t3_i3ut4m,comment,reddit,pushshift
g0il771,i49l3x,"All my inflammatory markers (ESR, CRP) and rheumatology labs (ANA, ANCA, etc) were negative. Which is insane because my body feels incredibly inflamed. My veins bulge and get hot, and leak blood under my skin all the time. I did have decreased Complement levels- C3 and C4. Need to follow up with the rheumatologist about the meaning of that.",penguina83,covidlonghaulers,1,2020-08-06T02:18:10,t3_i49l3x,comment,reddit,pushshift
g0ilya4,i49l3x,Please come back and post your results...,Diane_homebound,covidlonghaulers,1,2020-08-06T02:25:02,t1_g0ijv4y,comment,reddit,pushshift
g0imsry,i4j87b,I had not heard about NAC...may be helpful for Alzheimer's as well. Thanks for sharing.,quicktohear,covidlonghaulers,2,2020-08-06T02:32:53,t3_i4j87b,comment,reddit,pushshift
g0inh5o,i47hwb,O+,enbeoh,covidlonghaulers,2,2020-08-06T02:39:11,t3_i47hwb,comment,reddit,pushshift
g0irgru,i47hwb,B+,apickledcucumber,covidlonghaulers,1,2020-08-06T03:16:57,t3_i47hwb,comment,reddit,pushshift
g0isecl,i46i7b,"after 2 months did you ever get fever/chills when eating or drinking the wrong stuff? i dont even know if i had brain fog or not, just fatigue. Im glad there is recovery for some, but the fever and chills and fatigue just drive me crazy",electrowiz64,covidlonghaulers,2,2020-08-06T03:26:16,t1_g0gals3,comment,reddit,pushshift
g0iueu4,i2dma7,"I‘ve been told it’s all anxiety from some of my doctors, friends, family, and therapist. I’m think about 2 over months in now. I’ve had a sore throat most of the time, headaches, abdominal pain, brain fog. Now for about a month I’ve had pressure by my heart off and on. Lately it’s been better though. Now for a week the lung/throat/nose crackle. I’m not really sure cuz I feel it in the back of my throat and sometimes in my nose. 
I finally went to a cardiologist and he did an ekg and said my heart rate was high. He heard a murmur when he checked with a stethoscope. I asked him about the clicking sound he said it could be my heartbeat. He also did an echocardiogram and afterwards he looked confused and now he wants me to go to the hospital and do a TEE test so I’m nervous about that. 
Sorry for the long post I hope we all can start getting passed this crap.",OTB85,covidlonghaulers,1,2020-08-06T03:47:03,t3_i2dma7,comment,reddit,pushshift
g0ivq6k,i3ut4m,I just started a low dose methylprednisolone pack Yesterday for joint pain in my back and hand.  My ANA was elevated pretty high...no other inflammatory markers really.  Not sure how long it takes to work...but not feeling normal yet at all.  praying this works!  Do you know what the next time of defense would be?,Diane_homebound,covidlonghaulers,1,2020-08-06T04:01:06,t1_g0e978z,comment,reddit,pushshift
g0jfhap,i46i7b,"Idk maybe. I had my last chill and feverish time at 10 weeks and after that I started improving. The only food interactions I had were eggs it was something about them that made me nauseous especially in the morning. That 8-10 week mark all I could eat in the morning was toast. Lately if I eat too much sugar I get insomnia but it doesn't hurt me as bad anymore. My allergy issues have been pollen, dust, and grass related just like I had when I was a kid. I never had a fever over 99.9 but I would say my body temp is back to around normal now and I've had no chills in a long time over a month.",EmpathyFabrication,covidlonghaulers,2,2020-08-06T08:34:31,t1_g0isecl,comment,reddit,pushshift
g0jg6w2,i47hwb,So far 67% type A,EmpathyFabrication,covidlonghaulers,3,2020-08-06T08:46:39,t3_i47hwb,comment,reddit,pushshift
g0jlfvs,i3uxzn,It stops platelet hyperactivation that's why.,Smart_Elevator,covidlonghaulers,1,2020-08-06T10:15:19,t1_g0eqd2j,comment,reddit,pushshift
g0jutjf,i47hwb,"A+ on third wave, sick since last week of January",frankfromsales,covidlonghaulers,3,2020-08-06T12:14:49,t3_i47hwb,comment,reddit,pushshift
g0jv408,i46i7b,"I’m Female, 5’2” Usually 110 and I’ve lost 6lbs total, including 4 lbs of muscle in since my last relapse from not being able to workout.",frankfromsales,covidlonghaulers,1,2020-08-06T12:17:22,t3_i46i7b,comment,reddit,pushshift
g0jv53j,i46i7b,4 lbs is 1.82 kg,converter-bot,covidlonghaulers,1,2020-08-06T12:17:39,t1_g0jv408,comment,reddit,pushshift
g0k0nwu,i4j87b,"Interesting thanks! How far into your illness did you start taking? And when did you start feeling the benefits? How many weeks is it for you in total now?

Sorry for the q’s!",nyalowe,covidlonghaulers,3,2020-08-06T13:03:13,t3_i4j87b,comment,reddit,pushshift
g0k3hf6,i4j87b,"Very far, I've been sick since early march with constant recurring SOB. Benefits on the first day. Weeks using? About two.",amgzen,covidlonghaulers,3,2020-08-06T13:25:47,t1_g0k0nwu,comment,reddit,pushshift
g0kezeb,i380om,"Yes! I wake up in the morning with a completely dry tongue, yet I’m drinking all night",drummerdebber,covidlonghaulers,2,2020-08-06T14:48:51,t3_i380om,comment,reddit,pushshift
g0kije3,i2fobm,"Lmao hey thanks for this laugh ! Seriously,  I'm going on day 24 I believe of noticeable symptoms and these symptoms are annoying me to the max. I clicked here expecting a medical treatment I didnt think of and came away with even more.",DoctorSumter2You,covidlonghaulers,1,2020-08-06T15:14:10,t3_i2fobm,comment,reddit,pushshift
g0kjvyx,i4t6lh,I don't think we are and I haven't heard anyone report infecting family etc after long term symptoms. I've been around my dad and others that we don't think have had it yet and they haven't had symptoms.,EmpathyFabrication,covidlonghaulers,6,2020-08-06T15:24:01,t3_i4t6lh,comment,reddit,pushshift
g0kna1r,i4t6lh,My wife is at an LTAC (stomach cancer) and they have longterm covid patients on her floor. They have to be two weeks past a positive test so apparently they dont consider them contagious that far out. Call a doc to be sure though.,neverneverlocal,covidlonghaulers,8,2020-08-06T15:48:02,t3_i4t6lh,comment,reddit,pushshift
g0kp7l7,i47hwb,AB positive - 6 months on,LHWeary,covidlonghaulers,1,2020-08-06T16:01:41,t3_i47hwb,comment,reddit,pushshift
g0kpkuz,i4j87b,"I added NAC to my regimen recently too. My recovery timeline is similar to yours as well.  Tbh the jury is still out on its effectiveness, as I had my usual relapse around ovulation. I'm slowly improving in general but I think a lot of it is trying to be mindful in general as well as the passage of time.",rogue_psyche,covidlonghaulers,4,2020-08-06T16:04:18,t3_i4j87b,comment,reddit,pushshift
g0kqcu5,i4u93v,It happened to me 2 months ago and returned in a milder versión past Monday. No idea what was the trigger.,hnanana,covidlonghaulers,2,2020-08-06T16:09:56,t3_i4u93v,comment,reddit,pushshift
g0kqg6o,i4u93v,"I feel mine sort of cracks and modulates in pitch, to the point I often speak less and have shorter replies if anyone asks me about anything.",Chiaro22,covidlonghaulers,1,2020-08-06T16:10:33,t3_i4u93v,comment,reddit,pushshift
g0kr0fi,i4u93v,"Weak? I dunno. My voice was hoarse for 3 months. It went away but has been back again this week. 


I still feel like I’m infected. My eyes are gunky and pinkish, again in the morning.",idontcare78,covidlonghaulers,1,2020-08-06T16:14:34,t3_i4u93v,comment,reddit,pushshift
g0krhe6,i4t6lh,"No, we are not longer contagious. I trust this [south corea's research.](https://www.npr.org/sections/goatsandsoda/2020/05/22/861061727/south-korean-study-shows-no-evidence-recovered-covid-patients-can-infect-others?t=1596730611994)",hnanana,covidlonghaulers,6,2020-08-06T16:17:57,t3_i4t6lh,comment,reddit,pushshift
g0krubu,i3ut4m,"For me the period between days 20 to 50 were the worst ones in terms of viral symptoms. Then I felt recovered for 3 weeks and bang, relapse: mostly bedridden fatigue. Now I'm feeling slowly better. This is my 5th month. Sharing my experience for those who are confused and in earlier stages, maybe you'll follow a similar pattern.",hnanana,covidlonghaulers,1,2020-08-06T16:20:30,t3_i3ut4m,comment,reddit,pushshift
g0ks9kg,i47hwb,"So many A+‘s which is my blood type... :/ just here to see everyone’s story. I feel for you guys, hang in there ❤️",adviceneeded81295,covidlonghaulers,4,2020-08-06T16:23:33,t3_i47hwb,comment,reddit,pushshift
g0kufz0,i4u93v,"Thanks for the replies. When my voice sounds weak I also feel SOB and I feel like it takes a lot of strength to talk. I know reflux can affect the voice box and cause shortness of breath, but for me it just seems like a weakness issue along with Shortness of breath resulting from Covid.",Negative-Extension14,covidlonghaulers,1,2020-08-06T16:39:30,t3_i4u93v,comment,reddit,pushshift
g0kwapz,i49l3x,"I wonder why inflammatory test are coming back normal when so many of us feel inflamed. I started an anti-inflammatory diet recently, hope it helps.",Negative-Extension14,covidlonghaulers,1,2020-08-06T16:53:13,t1_g0il771,comment,reddit,pushshift
g0kytln,i4v4vv,"I had mild Covid late March. I thought I was pretty much over it other than some slight muscle pulling sensations in my leg. Then one day I started having muscle spasms in one of my hands… As soon as that left, I began having joint and muscle pain in my back, one of my hands, and around my breasts. I had blood work done that showed low vitamin D And a high positive ANA 1:1280 homogeneous pattern. I went back two weeks later having chronic back pain… ANA 1:320 homogeneous/speckled pattern.

I still do not have all of my test results back. But the doctor has put me on a low-dose short-term steroid. I am on day three of six days treatment. So far… Nothing! I’m still having a lot of back pain! Not really sure where to go from here....",Diane_homebound,covidlonghaulers,3,2020-08-06T17:12:46,t3_i4v4vv,comment,reddit,pushshift
g0l0tyz,i4w0w5,"Melatonin is the way to go. It relaxes me a bit and softens my on going symptoms so I can get some sleep.

But don't over do it. Melatonin can trigger minor depression which usually clears up during the first hours of being awake.\

Drink a lot of water too. Stay strong.",Greg_MS,covidlonghaulers,6,2020-08-06T17:28:13,t3_i4w0w5,comment,reddit,pushshift
g0l3q34,i4voh3,What was your pulmonologist's opinion on the symptom? Look up buteyko breathing. This seems to be helping me with fatigue and waking up in the morning. It says it helps with asthma so it might benefit your air hunger thing.,EmpathyFabrication,covidlonghaulers,6,2020-08-06T17:49:05,t3_i4voh3,comment,reddit,pushshift
g0l3wid,i4w0w5,Try upright sleeping and side sleeping. This is really helping me sleep. I think there is some kind of apnea like thing going on with covid.,EmpathyFabrication,covidlonghaulers,6,2020-08-06T17:50:25,t3_i4w0w5,comment,reddit,pushshift
g0l43h3,i4v4vv,"Still working on getting blood work results but just to let you know, I think I had it in March, never tested, majorly ill in June for 3 weeks but tested negative twice, antibody test July 9 positive for igg, major headache started last week so I got tested again, antibodies gone. 
Headaches are killer right now and prednisone isn’t helping. Waiting on order for a cat scan.",Allergictofingers,covidlonghaulers,2,2020-08-06T17:51:53,t3_i4v4vv,comment,reddit,pushshift
g0l59zc,i4v4vv,"I know it’s tough. I got sick in early April, felt pretty good for two weeks at the end of April and then BOOM! I got hit with all kinds of symptoms. I didn’t know what was going on, I never suspected I had Covid because I never had a coughing issue and I only had a slight fever for one day early in April, but I have had SOB  that had gotten worse. I just didn’t know much about the virus plus I could not get tested in April  because of my lack of fever and cough. I have gotten 3 swab test in late June and July that came back negative . Since early May I have been trying to figure out what is wrong with me. I’ve taken so many test including blood test, mri, colonoscopy, endoscopy, and many more. I would tell my doctor a symptom and then get tested.  All test coming back fairly normal. 3 weeks ago I started to read about Covid long-haulers, and then decided to get an antibody test and it came back positive. Now I’m pretty sure I’m a long hauler. 

I hope you find your answers and get better, I know its hard being in the dark. Did you have an antibody test?  In my mind before I took it I knew that if it was negative, A long-hauler was still an option because some have low antibodies that the test does not catch. Maybe some test are better then others.

1.Since my positive antibody test it has not made much a difference in how I’m being looked at, some doctors  will admit that they just don’t know enough about this virus. Maybe it’s different with other doctors. I’m thankful my doctors aren’t blowing me off yet, it’s just that this is new.  

2. My ANA was normal.

3. My symptoms  seem to get slightly better at the end of the day.",Negative-Extension14,covidlonghaulers,3,2020-08-06T18:00:05,t3_i4v4vv,comment,reddit,pushshift
g0ldrlx,i4v4vv,"There’s a link between ANA and MAS (macrophage activation syndrome). 

MAS is similar to cytokine storm but specifically it’s your T-cells continually calling for more macrophage action because your T-cells are literally murdering the macrophages that ate the virus, suspecting them of actually being the virus. The dead macrophages are spilling their guts, which contain partially digested non-viable virus. Seeing this, the T-cells call for more macrophages to clean this up. It goes on and on, hence the term “syndrome.”",chesoroche,covidlonghaulers,3,2020-08-06T18:58:49,t3_i4v4vv,comment,reddit,pushshift
g0lgidr,i4w0w5,"I second the melatonin but less is often better for sleep because it’s also a source of energy. You can take anywhere from 1/3rd of a gram to 10 grams. Time-released type. You may have to experiment to find the right dose. Ironically, if it gives you vivid dreams, the dose is too high. 

Sleeping slightly elevated as someone suggested keeps your stomach acid from rising. Covid dysregulates the valve at the top of the stomach and rising fluid is going to trigger autonomic wakefulness so you don’t drown. Pepcid closes the valve.

Some other things:

Black-out curtains.

Get rid of random dots of light from plugged in devices. 

Blue blockers for your viewing screens.

A red night light for night journeys. 

Dimmer light in general in the evening. Red light tells your body sunset has happened.

Get blue light from daylight first thing in the morning. Step outside for 10 minutes even on a cloudy day. 

Save melatonin foods and tryptophan foods for later in the day.",chesoroche,covidlonghaulers,3,2020-08-06T19:18:35,t3_i4w0w5,comment,reddit,pushshift
g0lhbxr,i4w0w5,"Canada is trying to get diphenhydramine (Benedryl) banned. It crosses the blood-brain barrier, conceivably allowing dangerous hitchhikers, and is a CNS depressant, which suppresses breathing.",chesoroche,covidlonghaulers,2,2020-08-06T19:24:37,t1_g0l8mww,comment,reddit,pushshift
g0lib3l,i4voh3,"Patrick McKeown has good videos on breathing strategy and technique. You may actually be a little CO2 deficient, from hyperventilating, ironically.",chesoroche,covidlonghaulers,2,2020-08-06T19:31:47,t3_i4voh3,comment,reddit,pushshift
g0lisow,i4j87b,I like Jarrow time-release for the same reason. The cheaper brands are made from some dodgy sources of protein.,chesoroche,covidlonghaulers,1,2020-08-06T19:35:22,t1_g0lf0kt,comment,reddit,pushshift
g0lj10l,i4w0w5,Is it hydroxyzine? That’s what was prescribed to me. If I don’t take it I will never sleep. But I still can’t get myself to sleep till after 12 (i forget to take if early).,idontcare78,covidlonghaulers,1,2020-08-06T19:37:02,t1_g0l8mww,comment,reddit,pushshift
g0ljux6,i4w0w5,"I just can’t turn my brain off!!  
Then there’s the vivid dreams. 

I literally didn’t think I dreamed before this because I couldn’t remember having them, now I wake up every day like I watched weird movies all night.",idontcare78,covidlonghaulers,1,2020-08-06T19:43:05,t1_g0ljhug,comment,reddit,pushshift
g0lln4g,i4w0w5,"Ha! Yeah, I do need to establish better sleep hygiene. I will spend hours scrolling and not caring about anything. I used to read but I can’t stay focused. I just wait until I can’t stand looking at anything anymore.",idontcare78,covidlonghaulers,1,2020-08-06T19:56:46,t1_g0ll61b,comment,reddit,pushshift
g0lquxj,i4xz5n,"I never lost mine entirely, but during my high symptom time in June and the beginning of July things tasted and smelled wrong. Often bad. Processed foods tasted disgusting - like melted plastic kind of. But some things were just wrong. Potatoes tasted as sweet as frosting. Fireworks smelled like burned, rancid garlic.

That got better other than some of the processed foods stuff. But this week I'm back at work in the office with more typical levels of activity and it's exhausting me. I've noticed as my other symptoms are increasing again, so is that one.",onlythefunny,covidlonghaulers,2,2020-08-06T20:37:43,t3_i4xz5n,comment,reddit,pushshift
g0lr3hh,i4w0w5,It’s so bizarre!,idontcare78,covidlonghaulers,2,2020-08-06T20:39:35,t1_g0lp1o9,comment,reddit,pushshift
g0lr5f1,i49l3x,"During my first week of illness in June it was 53. I'm a 45 year old overweight female.

It was just tested again a couple of weeks ago and is down to 41. So, better. But not good",onlythefunny,covidlonghaulers,1,2020-08-06T20:39:59,t3_i49l3x,comment,reddit,pushshift
g0lt3bd,i4xz5n,When did you get sick?,Negative-Extension14,covidlonghaulers,1,2020-08-06T20:54:52,t1_g0lquxj,comment,reddit,pushshift
g0lt7p1,i3mmaa,When did your symptoms start,nyanya1x,covidlonghaulers,1,2020-08-06T20:55:48,t1_g0lsoxi,comment,reddit,pushshift
g0lu2q6,i4xz5n,"June 6 was first clear symptoms. Shortness of breath, exhaustion, achy and generally sick feeling. Taste and smell didn't get strange until maybe a week later? 

I now wish I'd have documented my symptoms. When I initially started to answer, I thought the taste and smell problems were just in June. But then I remembered how disgusting 4th of July was.",onlythefunny,covidlonghaulers,1,2020-08-06T21:02:31,t1_g0lt3bd,comment,reddit,pushshift
g0lucdt,i4j87b,"https://youtu.be/tFXr14xmuGw
NAC is mentioned here",frostychocolatemint,covidlonghaulers,1,2020-08-06T21:04:38,t3_i4j87b,comment,reddit,pushshift
g0lvgr7,i4v4vv,"&gt;macrophage activation syndrome

This sounds interesting. All my blood work was normal but I didn't test ANA. From what I read on Google, there are other markers to check this up, right? How can we be sure that we don't have this? Or to confirm it.",hnanana,covidlonghaulers,2,2020-08-06T21:13:41,t1_g0ldrlx,comment,reddit,pushshift
g0lvvz6,i4v4vv,"Answering your questions:

1. I've had 2 antibody tests (Roche), both negative, after 3 months from the initial symptoms. I would like to test it again as some long haulers found antibodies really late in the game, again, there's not much info about why this happens (yet).
2. No and
3. My symptoms are usually good during the day and hit harder at night. This is my 5th month and I think my symptoms are improving but I have some mini-relapses. Also my body temperature goes up almost daily between 8 and 9 PM, but it stays at 99°, which for me is high...",hnanana,covidlonghaulers,2,2020-08-06T21:17:04,t3_i4v4vv,comment,reddit,pushshift
g0lx77w,i4xz5n,I hear ya. I would like to have documented mine also. In the last four months there has been so many symptoms and they manifest themselves in many ways I loose track of progress or regression.,Negative-Extension14,covidlonghaulers,1,2020-08-06T21:27:39,t1_g0lu2q6,comment,reddit,pushshift
g0lxqtg,i4w0w5,Just because it’s happening in your head doesn’t mean it’s not real. It’s real to you. I’ve been going through similar problems.,Botbot88,covidlonghaulers,2,2020-08-06T21:32:06,t1_g0ltymu,comment,reddit,pushshift
g0lz4tq,i4v4vv,"You probably wouldn’t get it tested unless you had symptoms of lupus. Lupus is autoimmune and it’s thought this virus is not autoimmune. However it is thought that in some people, long haul might be MAS, which is also not autoimmune.

MAS long-haul theory:
https://m.youtube.com/watch?v=xZJixjgu3tk",chesoroche,covidlonghaulers,3,2020-08-06T21:43:42,t1_g0lvgr7,comment,reddit,pushshift
g0m0dsc,i4xz5n,Mine came and went for 3 months. At least 3 rounds of it. I think it's back to normal now.,EmpathyFabrication,covidlonghaulers,2,2020-08-06T21:54:13,t3_i4xz5n,comment,reddit,pushshift
g0m1pqi,i4u93v,"I do experience a tightness feeling, I well have to monitor when exactly it happens in relation to the voice issue.",Negative-Extension14,covidlonghaulers,2,2020-08-06T22:05:43,t1_g0m0vuw,comment,reddit,pushshift
g0m2h54,i4u93v,"Sorry, I assumed you are talking about a chest tightness. Is that what you are referring to?",Negative-Extension14,covidlonghaulers,2,2020-08-06T22:12:28,t1_g0m1pqi,comment,reddit,pushshift
g0m5blv,i4xz5n,"Hi I’m in the same situation as you, it’s been 5 months since I’ve last tasted or smelled anything. It’s quite demoralizing and I have yet to find any significant information on our predicament. I’m hoping it comes back in time, but I am beginning to lose hope. You are not alone.",Cyb3r-Punk,covidlonghaulers,1,2020-08-06T22:37:31,t3_i4xz5n,comment,reddit,pushshift
g0m7l36,i4v4vv,"Please reach out. I think anyone worth their salt will take you seriously. And if the worst that can happen is that you’re not believed, that doesn’t seem anywhere near reason enough to not seek better help. The potential gain vastly surpasses any risk. Make the dang call, and if someone doesn’t believe you, yell louder.",weary_dreamer,covidlonghaulers,3,2020-08-06T22:56:25,t3_i4v4vv,comment,reddit,pushshift
g0m7re8,i4xz5n,"No, but I had it happen 3 times over two months.
And on my recently do I think our fully back .",idontcare78,covidlonghaulers,1,2020-08-06T22:57:52,t3_i4xz5n,comment,reddit,pushshift
g0m8bcn,i4xz5n,Very similar experience.,idontcare78,covidlonghaulers,1,2020-08-06T23:02:51,t1_g0m0auc,comment,reddit,pushshift
g0m8okz,i4xz5n,Here this might help you https://www.sciencealert.com/scientists-worked-out-how-covid-19-disrupts-some-people-s-smell,idontcare78,covidlonghaulers,1,2020-08-06T23:06:19,t1_g0m5blv,comment,reddit,pushshift
g0ma2v7,i4voh3,"Weird. Are you a smoker or former smoker? I smoked for years off and on and was vaping at time of infection. I have had very minor lung symptoms compared to people who were very fit, runners, etc.",EmpathyFabrication,covidlonghaulers,2,2020-08-06T23:19:38,t1_g0lozu0,comment,reddit,pushshift
g0mabij,i4u93v,When I feel symptomatic from a relapse my voice gets weaker and hoarser,Improvepls,covidlonghaulers,1,2020-08-06T23:21:55,t1_g0kufz0,comment,reddit,pushshift
g0maon9,i4w0w5,I also had this weird physical anxiety and frequent awakenings while trying to sleep. Taking 100% of RDI of magnesium close to a meal near bedtime seems to have helped a lot with this. Frequent awakenings may be related to my worsened sleep apnea since getting ill. I take a mix of ZMA and magnesium taurate for my magnesium.,Improvepls,covidlonghaulers,1,2020-08-06T23:25:24,t3_i4w0w5,comment,reddit,pushshift
g0mav2l,i3lw72,I’m about 5 months in now and feel like I was getting better for a while but definitely stagnated for The last 6 or so weeks,MayorEricBlazecetti,covidlonghaulers,2,2020-08-06T23:27:05,t1_g0cqssc,comment,reddit,pushshift
g0mbmjv,i3lw72,In what way? What are your symptoms now?,EmpathyFabrication,covidlonghaulers,1,2020-08-06T23:34:14,t1_g0mav2l,comment,reddit,pushshift
g0mc4pa,i47hwb,A+,Improvepls,covidlonghaulers,2,2020-08-06T23:39:03,t3_i47hwb,comment,reddit,pushshift
g0mf4zo,i4v4vv,"I’m glad you found this Reddit, it seems to help us all to know we’re not alone in this.   49M, very fit, never sick, exercise 3-5 days a week, great sleep, little stress, wonderful wife and family - overall I’ve never really had to deal with illness.  That all changed for me on March 22nd.  Woke up with a slight ill feeling an odd sensation in my chest.  Then BAMN, my chest, lungs had such unbelievable pain and pressure.   Fatigue was so bad at times I literally couldn’t even speak.  1-10, 10 being the worst, that chest pain and fatigue lasted all of April and May.  June I had a few days of 2-3 but even those days, if I did literally anything it would shoot back to a 10.  I’ve tested neg 3 times over these 5 months.  3 EKG normal, echo normal, oxygen normal, blood work normal, MRI of chest normal, X-ray normal — my wife and I joke that if I didn’t feel like I was on deaths doorstep for the last 9 weeks - I’m the healthiest person on the plant. ( Have to keep our sense of humor). 

So here I am still in bed beginning month 5 of this just hoping and praying I wake up and finally have this behind me.  I know it has to happen for all of us long haulers —- but dear god when???

I’m blessed that I work from home and have been able to keep up with all of my work and my Company has said none of us need to travel for the rest of 2020, no no pressure there.

I just wish I knew what any of us could do to truly be healed.  

All the best to each of you❤️",ProfessionalWear8,covidlonghaulers,3,2020-08-07T00:08:23,t3_i4v4vv,comment,reddit,pushshift
g0mfq8x,i3lw72,"waves of difficulty breathing, light pneumonia symptoms, fatigue, brain fog, headache, strange pressure in spots across my forehead, red blotchy skin, congestion, muscle twitching, clumsiness",MayorEricBlazecetti,covidlonghaulers,3,2020-08-07T00:14:02,t1_g0mbmjv,comment,reddit,pushshift
g0mgnin,i4u93v,"I remember having a lump in my throat feeling in the beginning of May, I assumed it was from reflux.",Negative-Extension14,covidlonghaulers,1,2020-08-07T00:22:26,t1_g0m45sr,comment,reddit,pushshift
g0mgnxp,i51zee,Mine was actually higher than the top of the recommended range and I've had to lower my daily dose.,Blueeyesblazing7,covidlonghaulers,1,2020-08-07T00:22:32,t3_i51zee,comment,reddit,pushshift
g0mh1q4,i4w0w5,"I had insomnia before I had covid19 and the virus made it worse. Calcium/magnesium is a natural relaxant so I usually take a couple of tablets before sleeping. I often take a Tylenol or Advil before sleeping (no connection to covid19) and lately I've been thinking of taking the night time version of Tylenol. I've also had increased dreaming since the onset of the virus, but I've had very bad reactions to Ambien. My sleep has settled down as I've started to feel better.",BasqueOne,covidlonghaulers,1,2020-08-07T00:25:58,t3_i4w0w5,comment,reddit,pushshift
g0mh37j,i3lw72,Oh wow ok. I keep trying to figure out why I keep improving. I had a stangnant period and rest helped turn it around. I've felt a little stagnant on my insomnia lately.,EmpathyFabrication,covidlonghaulers,1,2020-08-07T00:26:21,t1_g0mfq8x,comment,reddit,pushshift
g0mh7jl,i4w0w5,"When you jolt awake, do you..

. Have a mild headache?
. Gasp for air?
. Mouth is dried out?

Any of these could indicate you've developed sleep apnea.  If you find yourself falling asleep every morning while doing things, it's also a sign.",Jhaed,covidlonghaulers,2,2020-08-07T00:27:26,t3_i4w0w5,comment,reddit,pushshift
g0mhdwb,i4w0w5,"I'm taking 5mg of melatonin.  Was before and during the virus.  It really helps me get a good night's rest.  I used to take just 3mg for like 3 years or so, but started 5mg in March.",Jhaed,covidlonghaulers,1,2020-08-07T00:29:06,t1_g0l0tyz,comment,reddit,pushshift
g0mi3s6,i526ww,"I had symptoms in March and since then have had bouts of congestion along with the sore throat, gi issues, fatigue, brain fog. This week I had a bad relapse and ended up getting tested, which was negative. I would assume if a PCR test is negative that your symptoms aren’t contagious, but only a doctor can say. If you’re concerned, see if you have access to PCR testing and find out if you’re positive.",freakedInSF,covidlonghaulers,2,2020-08-07T00:35:40,t3_i526ww,comment,reddit,pushshift
g0micgc,i1nrgk,"Yes. Wake up with them, cope with them most of the day, then fall asleep with them.  Low grade, constant.  No nasal congestion or sinus pressure.",Jhaed,covidlonghaulers,3,2020-08-07T00:37:54,t3_i1nrgk,comment,reddit,pushshift
g0mie8k,i0hk38,"Interesting! Does your doctor agree it’s Covid? 

I have only been sick one month, but have had multiple negative tests. Docs don’t have many leads but we’re exploring different stuff now. I came to this group because so many of these testimonials fit me to a T.  Just wish I had a positive test for some validation.",difficultdecisions2,covidlonghaulers,1,2020-08-07T00:38:21,t1_fzpqi6h,comment,reddit,pushshift
g0mimu4,i0emqj,"It amazes me how much of what you guys are experiencing sounds so close to what people who have adverse reaction to flouroquinolone antibiotics go through. Nerve pain, brain fog, fatigue. Even the smell being off. When my sense of smell started to come back I would smell burnt smoke smell but it did come back.

I know what I have is different but what helps my brain fog the most is coQ10. I have to take it or it's difficult to think and my energy is halved. I take 150-300 mg a day. I take 300 when I feel like I'm catching a cold.

For neuropathy and aching joints, muscles, and tendons I use magnesium oil spray.

coq10 and magnesium aren't a cure but they help me  get through the days better.

Other than that I avoid junk food as much as possible and stick to vegetables mostly.",Luminous01,covidlonghaulers,1,2020-08-07T00:40:30,t3_i0emqj,comment,reddit,pushshift
g0mk581,i4u93v,Mine started doing that when I started using the steroid inhalers prescribed for SOB. Voice returned to normal after about two-three weeks of discontinuing use of inhalers.,lilpigperez,covidlonghaulers,1,2020-08-07T00:54:04,t3_i4u93v,comment,reddit,pushshift
g0mlfbo,i4v4vv,"&gt;I'm keeping a diary of my symptoms here

Thank you for sharing this, and for the symptoms diary! It would be 7 months (hello brain fog - anyone?), you're correct. I'm so sorry that you're still fighting this but it is really validating to see another account of someone who has been less than themselves for this long.  


Your PCP experience sounds quite frustrating - sounds like she pulled the rug out from underneath you. :/ I'm glad that she is back on your side and I agree - there's so much unknown right now and just the safety logistics of treating patients in the midst of a pandemic has to be so taxing on our healthcare professionals.  


I also tried to get tested on three separate times and was denied because my fever was never in the range. I did get an appointment for an antibody test, even though at this point I realize the chances of it coming back positive after all of this time are slim.

I have been doubting whether it could be COVID-19 as I became ill so early on but as I read more of the accounts here it seems to match up incredibly well. There's also the possibility that another virus activated some other autoimmune conditions too, of course.",LHWeary,covidlonghaulers,3,2020-08-07T01:06:29,t1_g0lfl23,comment,reddit,pushshift
g0mliku,i4v4vv,This is fascinating - do you know if this is why chronic viral infections are linked to high ANA?,LHWeary,covidlonghaulers,2,2020-08-07T01:07:26,t1_g0ldrlx,comment,reddit,pushshift
g0mm23h,i4v4vv,"Oh wow, that second wave must have been so frustrating. I'm sorry you weren't able to get tested when it would have been relevant. The testing criteria has been so crazy narrow.

I have not had an antibody test yet but I have a request in to get a free test soon. I'm relieved to hear your doctors are taking you seriously. It's so difficult to trust the system when it doesn't seem prepared for this at all!",LHWeary,covidlonghaulers,1,2020-08-07T01:12:49,t1_g0l59zc,comment,reddit,pushshift
g0mmn2a,i4v4vv,"Thank you - I'm so sorry that you're going through this and I really appreciate you sharing your experience. Were you confirmed with covid in March?

The ANA results changing that much in two weeks is really interesting, especially with the lack of correlation to symptoms.  I also have come back low for vitamin D, but I seem to recall that being true pre-covid as well.  
I've also had increasing lower back pain and nothing in the NSAID family seems to help it. Heating pads have been my main reprieve but there's only so much a person can do from the bed or couch.",LHWeary,covidlonghaulers,2,2020-08-07T01:18:41,t1_g0kytln,comment,reddit,pushshift
g0mmv65,i4w0w5,"Hello!

No, fortunately I don't have any of those symptoms. The closest thing I can relate it to is that brief panicky feeling you get when you feel like you are falling down when you're falling asleep.",[deleted],covidlonghaulers,1,2020-08-07T01:21:00,t1_g0mh7jl,comment,reddit,pushshift
g0mmzsb,i4v4vv,"My headaches have been getting better over time, hopefully yours will too! Mine used to feel like mini-migraines but I have now progressed to the point that they are more like an ice cream headache, if that makes sense. Best of luck with the cat scan and finding more answers in your bloodwork.",LHWeary,covidlonghaulers,2,2020-08-07T01:22:17,t1_g0l43h3,comment,reddit,pushshift
g0mr2d6,i4u93v,"Yes, I’ve had to avoid talking at times because of this issue.",Negative-Extension14,covidlonghaulers,1,2020-08-07T02:03:10,t1_g0kqg6o,comment,reddit,pushshift
g0mr9q2,i53l5u,[removed],[deleted],covidlonghaulers,-10,2020-08-07T02:05:10,t3_i53l5u,comment,reddit,pushshift
g0mri4d,i52ya5,"Try magnesium threonate. Ask your doc for their opinion as well, an MRI or other scan might be of interest.",EmpathyFabrication,covidlonghaulers,3,2020-08-07T02:07:31,t3_i52ya5,comment,reddit,pushshift
g0msj08,i49l3x,[deleted],[deleted],covidlonghaulers,1,2020-08-07T02:17:45,t1_g0ilya4,comment,reddit,pushshift
g0mt5df,i4v4vv,"I cared for 2 confirmed Covid family members in my home late March.  Our family was antibody tested later That confirmed I had it too.  I had a lot of fatigue, random bruising all over my body, and extreme weight loss at the time. It is funny that you mention a heating pad as I have noticed that heat really makes my back feel good too! I love a hot shower or even just sitting outside in the heat will make me feel normal for a few minutes.  Naproxin doesn’t really control the pain well.",Diane_homebound,covidlonghaulers,2,2020-08-07T02:23:50,t1_g0mmn2a,comment,reddit,pushshift
g0mtdcu,i4v4vv,Please tell me more!  I have an elevated ANA now...,Diane_homebound,covidlonghaulers,1,2020-08-07T02:26:02,t1_g0mliku,comment,reddit,pushshift
g0mth9y,i53l5u,"&gt; offering any unsubstantiated medical advice or fear mongering and telling people they're going to be sick forever like a lot of people with cfs are doing

I can understand that some people with cfs might be going all doom and gloom on you and I apologise for that.

&gt; In reality if you don't have/had covid or suspect that to be the case, you have no reason to be here.

I'm all for solidarity. It has been hard to get anyone to do any research on post-infectious conditions. The more different types of post-infectious conditions that band together the better.

&gt; only cfs that seems to be interested in pushing to associate themselves with post covid syndrome.

I think there's just lots of us!",TomasTTEngin,covidlonghaulers,14,2020-08-07T02:27:07,t1_g0mr9q2,comment,reddit,pushshift
g0mtwf1,i53l5u,"Yes, you speak out against this often, but it comes off as controlling given that the mods have said nothing against CFS patients coming here. You’re also entitled to downvote and move on like the rest of us. You’ve made it your personal vendetta to post a discouraging comment underneath everyone describing their experience with ME/ CFS and quite frankly, it’s unimpressive.",eternal-salad,covidlonghaulers,20,2020-08-07T02:31:16,t1_g0mr9q2,comment,reddit,pushshift
g0mu6lx,i49l3x,My ANA was negative and my CRP was normal. I’m still waiting for the Anti-neutrophilic cytoplasmic antibody test results.,negitive-extension14,covidlonghaulers,2,2020-08-07T02:34:09,t1_g0ilya4,comment,reddit,pushshift
g0mupmx,i53l5u,"Cool well I can say anything I want. I'm engaging with these people for the same reason I keep posting on these comments. There's no evidence that cfs and post covid syndrome are related. No other postinfectious condition is on here associating themselves with post covid syndrome. I don't see anyone with pots on here or.on twitter giving advice, etc. The fact is, cfs is using post covid to get attention. I don't like that and I don't like the medical advice and fear mongering these people do. Granted this guy seems pretty polite. But I'm not interested in someone coming to this sub and seeing a bunch of posts about cfs and exacerbating their fear of being sick forever. I think we should limit these people somehow for this very reason.",EmpathyFabrication,covidlonghaulers,-6,2020-08-07T02:39:25,t1_g0mtwf1,comment,reddit,pushshift
g0mv7g9,i53l5u,You can indeed say what you want. I’m just letting OP know they have every right to discard your criticisms since you’re speaking from a personal vendetta rather than a feeling shared by the majority of this subreddit.,eternal-salad,covidlonghaulers,13,2020-08-07T02:44:18,t1_g0mupmx,comment,reddit,pushshift
g0mw1wi,i49l3x,Wow!  Well...at least you are getting results now.  Please keep me posted!  I started A low-dose short course steroid this week in the hopes that it would reset my immune system in someway. Kind of feel like we’re all just guinea pigs right now...,Diane_homebound,covidlonghaulers,2,2020-08-07T02:52:46,t1_g0mu6lx,comment,reddit,pushshift
g0mxm6t,i52ya5,"Try doing some lymphatic drainage massage, drinking something with electrolytes, and take whatever OTC pain med your doctor recommends. Nothing gets rid of this headache entirely in my experience, however, so best of luck to you.",rogue_psyche,covidlonghaulers,3,2020-08-07T03:08:46,t3_i52ya5,comment,reddit,pushshift
g0myrzc,i53l5u,"There actually is evidence considering sars1 had a huge percentage of CFS patients after the fact (I believe 27% according to one study but could be off by a few percentage points), covid has been linked to CFS even by fauci, there’s ongoing research into covid turning into me/CFS, almost all CFS is caused by a viral infection, and the post covid symptoms mimic me/CFS to a tee. That does NOT mean everyone with post viral symptoms will have CFS. Many will heal. But Many will not and go on to get a CFS diagnosis at 6 months. There’s no reason for you to be a jerk about it which you 100000% are",andipandey,covidlonghaulers,14,2020-08-07T03:20:32,t1_g0mupmx,comment,reddit,pushshift
g0mz85h,i53l5u,"You’re exactly correct and I’ve shared most of this with EmpathyFabrication before, but for whatever reason they’ve been willing to ignore it so they can continue on their crusade of making sure CFS remains unheard of and under-funded.",eternal-salad,covidlonghaulers,10,2020-08-07T03:25:01,t1_g0myrzc,comment,reddit,pushshift
g0mzkj1,i53l5u,"They refuse to accept it because they’re terrified it could happen to them (which it May or may not as they are not at 6 months yet). I see they think me/CFS is using covid to get recognition. I view it more as people watching In real-time as mass amounts of people undergo the exact same experience so many had in isolation for decades. It’s a scary thing to possibly get a diagnosis for a disease in which there are 0 treatments or cures, but ignoring the science is just ignorant (and there’s a LOT of science if you take a look at what open med is doing).",andipandey,covidlonghaulers,8,2020-08-07T03:28:21,t1_g0mz85h,comment,reddit,pushshift
g0n24e1,i4u93v,I thought it was that too but I had switched to a bland diet for the week so I knew it wasn’t than.,eatwithnia,covidlonghaulers,1,2020-08-07T03:54:14,t1_g0mgnin,comment,reddit,pushshift
g0n3xf2,i4voh3,Dyspnea..i have this problem when im really anxious its like being hungry for air..although you may have some damage you could be anxious which is causing the dyspnea..especially if your oxygen levels are normal. It is a total mind game on top of being damaged. Im getting dyspnea now just thinking about it..its horrible it would make me dizzy and have bursts of what felt like i was suffocating made me yawn like crazy too..would breathe so deeply that my shoulder and something under my collar bone would hurt.,Lipsk33t96,covidlonghaulers,2,2020-08-07T04:13:22,t3_i4voh3,comment,reddit,pushshift
g0n4ipa,i4voh3,Do you have a favorite link to this technique?,CultEscaped,covidlonghaulers,1,2020-08-07T04:19:53,t1_g0l3q34,comment,reddit,pushshift
g0n6jc9,i4j87b,"I've had SOB (flares up and down, but it still is a problem) for the past almost six months now. Considering how often this pops up, I think I might give it a shot after running the idea across my physician.",Sezbeth,covidlonghaulers,3,2020-08-07T04:42:46,t3_i4j87b,comment,reddit,pushshift
g0n74t3,i51zee,Mine was middle of normal but after I was supplementing and getting sun. Not sure about prior. Make sure if you supplement Vit D you also supplement Magnesium.,tk14344,covidlonghaulers,1,2020-08-07T04:49:41,t3_i51zee,comment,reddit,pushshift
g0n8the,i53l5u,"Thank you for posting here. I appreciate the support, especially considering that I am six months post-infection and still quite debilitated, so trying to adjust to the likely possibility this is permanent (already had fibromyalgia before covid, so I'm no stranger to chronic illness/fatigue).

I am also all for more attention being given to ME/CFS, and if long term covid brings that attention, very glad of it. I've been living with a diagnosis that many people think is made up/exaggerated for years, so I know what it feels like.

If I get any extra brain power, I'll come visit your sub. :)",dedoubt,covidlonghaulers,15,2020-08-07T05:09:50,t3_i53l5u,comment,reddit,pushshift
g0n9czt,i4xz5n,"I’ve never gotten mine back completely. I often go into the bathroom to sniff my toothpaste just to test to see if it’s all in my head or not. I can taste and smell some things but usually only on the first sniff and if I try again I can’t smell. Because of that, I’ve wondered if it’s something affecting my brain vs the nose.",lvl0rg4n,covidlonghaulers,1,2020-08-07T05:16:26,t3_i4xz5n,comment,reddit,pushshift
g0n9gl5,i47hwb,O- here,lvl0rg4n,covidlonghaulers,2,2020-08-07T05:17:39,t3_i47hwb,comment,reddit,pushshift
g0nak3o,i4v4vv,"&gt;I have been doubting whether it could be COVID-19 as I became ill so early on

There are [confirmed cases of infection](https://www.bbc.com/news/world-europe-52526554) as early as December in France and early February in California (death Feb 6 would mean infection likely started early to mid-Jan). As time goes on and researchers have the resources free to look into it, there will be more confirmation of community spread much earlier than first thought.

My PCP is usually pretty great but I was dumbfounded by her response, as she had really been on top of current research/findings all along. I would love the vindication of a positive test, especially so I can donate plasma, but my symptoms and disease course match so many others who did have positive tests, there is no doubt this was covid. Heck, I kept talking to my partner about how weird it was I couldn't taste or smell *anything* (not just dulled- coffee literally tasted like water, for instance) for weeks in Feb &amp; March, long before there was even anecdotal evidence that it was a symptom.

I dunno, the whole thing is frustrating.",dedoubt,covidlonghaulers,2,2020-08-07T05:31:30,t1_g0mlfbo,comment,reddit,pushshift
g0nhz74,i3mmaa,Are you okay now? Would you mind telling how it went?,Quittercricket,covidlonghaulers,1,2020-08-07T07:14:37,t1_g0e5jgw,comment,reddit,pushshift
g0nlhuj,i4w0w5,Hmm.  I had that when my sleep apnea was treated.  Maybe mention it to your doctor next time you see them?,Jhaed,covidlonghaulers,1,2020-08-07T08:10:48,t1_g0mmv65,comment,reddit,pushshift
g0nvwtp,i53l5u,"The support from the CFS/ME community has been great. Warning about exercise is key, as many of us just want to rush to it again. 
I hope we have more research about post viral illnesses now that literally are millions worldwide with the same symptoms. 

On the other hand I kind of understand the angry comment below. From what I've read you guys are having a really hard time, I can say that my case is mild compared to ME, but some in the ME community want to push that long covid is ME/CFS.
For me that's dangerous because the medical community wants an easy answer and telling us ""what you have is ME, we don't need to research long covid"" will miss a huge oportunity to see the differences between the both. 
That being said, thank you for your support. I decided that I will donate to the ME/CFS community and follow your news despise feeling better, you deserve it.",hnanana,covidlonghaulers,9,2020-08-07T11:03:18,t3_i53l5u,comment,reddit,pushshift
g0o18op,i47hwb,A+,DownwardFaSing,covidlonghaulers,2,2020-08-07T11:55:34,t3_i47hwb,comment,reddit,pushshift
g0o2ie8,i4xz5n,That’s a good question. Right now everything taste weird to me and the taste goes along with my smell. I know my mouth has been super dry during all this to the point of having a raw feeling on the roof of my mouth. I also wonder if the taste/smell receptors are distorted or it’s the brain.,Negative-Extension14,covidlonghaulers,1,2020-08-07T12:06:27,t1_g0n9czt,comment,reddit,pushshift
g0o8xci,i4voh3,"I feel for you. My brother has been sick since late November of last year. He lives in CA. Thought it was a bad case of bronchitis or pneumonia. He had been slowly trying to get back in shape. He's a vegetarian in all sense of the word- vegetables, rarely processed vegetarian- who loves to work out, run with his dogs. Then a little over a week ago, he started with a low-grade fever, then chills, aches joints, which progressed to vertigo (something he didn't have the first time around), nausea, dreaded shortness of breath, and a tickle in the throat that makes him cough. He now has some cramping in his legs. He is trying to keep moving to prevent clots. He's just so tired of being sick and feeling like an invalid. He hasn't been his physical self in 8 months and worries about long-term damage to his lungs or heart.you",AHalb,covidlonghaulers,2,2020-08-07T12:57:51,t3_i4voh3,comment,reddit,pushshift
g0og0sz,i4voh3,"Not really just look up some of their talks on youtube. It seems like they want you to pay for the courses but there are some free resources. The one that's helping me the most is walking while holding my breath and pinching my nose closed. Count steps and when you feel air hunger, take a normal breath. I do it 3 ti?es in a row once or twice a day.",EmpathyFabrication,covidlonghaulers,3,2020-08-07T13:51:05,t1_g0n4ipa,comment,reddit,pushshift
g0olfj8,i4j87b,Thanks for replying. I just started NaC today and have my first acupuncture session today also. Hope you continue to feel better!,nyalowe,covidlonghaulers,2,2020-08-07T14:31:14,t1_g0k3hf6,comment,reddit,pushshift
g0oql0j,i5f2qm,"As a person with a chronic illness for going on 7 years now, you don't. You don't owe an explanation to anyone. And that came with learning about 7 years of bad illness and pain. I've actually seen people become more understanding of the illness I have over the last several years. I think more science and news/information and treatments are coming out for it.

I've also been dealing with COVID like stuff since May... I have pain breathing and lung pain too &amp; some ""minimal"" xray stuff like scarring and thickening. I've had the same thoughts too, especially if I return to work. Plenty of people at my work place, and just in life in general still think its a hoax.

I had a few doctors and internet warriors (some still do) say that the illness I deal with basically doesnt exist or is a hoax (it quite obviously isn't for us).

I've had negative COVID tests and no diagnoses, I've spent over 1k$ trying to figure out what I could be sick with.

You have to take care of YOU. You dont owe anyone anything for keeping yourself healthy and safe. And I really suggest both of us biting our lips at these jerks who think COVID is a hoax, etc. Let them play around in their happy little world while we deal with what we have to deal with.",grazinginthegrass,covidlonghaulers,17,2020-08-07T15:06:56,t3_i5f2qm,comment,reddit,pushshift
g0ou5qu,i4v4vv,"I wrote about it extensively in this thread:

r/COVID19positive/comments/i4jfc6/this_virus_makes_zero_sense/",chesoroche,covidlonghaulers,1,2020-08-07T15:33:25,t1_g0mliku,comment,reddit,pushshift
g0ov8ep,i5f2qm,"Something I remind myself, when it becomes clear that an explanation is not truly what someone wants, is ""don't try to make an advocate out of an asshole.""
If someone does not stop forcing you to justify yourself, after you have laid out an objective explanation, that person's issue (or lack of ""understanding"") is not about the situation -- it is something on their end. 
I had to learn this in response to my work in domestic violence, but I've found it is universally applicable.
The more you try to explain yourself, the weaker your argument looks. Inevitably, you discredit yourself. 
Remember/variation:
You can't make an advocate out of an asshole. 


Also, in the US, Red Cross is currently testing all blood donations for covid19 antibodies.
If you are recovered enough (and in a position to do so), donating blood might help you get some answers. 
Regardless, keep taking care of yourself. You never owe anyone an explanation.",sangriagin,covidlonghaulers,7,2020-08-07T15:41:02,t1_g0oql0j,comment,reddit,pushshift
g0owb0j,i53l5u,"And there is/will be overlap!

I'm currently battling post-COVID symptoms and reactivated chronic Epstein-Barr Virus. I'm afraid I have to join both clubs whether I want to or not. I will take any and all solidarity where I can find it!",cluckosaurus,covidlonghaulers,6,2020-08-07T15:48:43,t1_g0mth9y,comment,reddit,pushshift
g0ozsyy,i4v4vv,"So, I'm in a very similar situation. Was sick (mild case; dry cough for over 3 weeks and fever few days) starting the first week of Jan. But my brother who lives with me was seriously ill that time (his symptoms began Xmas day), and spent most of January in the hospital with all the classic covid symptoms (sob with 58% o2 sat upon admission, fever, anosmia, ear blockage, skin rash, etc). We were able to take an antibody test in April. Mine was negative, but his was positive. He's since had 2 more that were positive, I haven't taken any more. So at least I have a confirmed close and prolonged exposure to a case. I'm having some of the long term symptoms (fatigue, joint pain, chest pain) and finally got to speak to my Dr just yesterday. He basically says what most say, ""well we can't say that it's what you have"", etc. And he's ordered some blood and lab work for me that I need to go have done. But I get the feeling that he will be hard to convince. I'm 40 and was in good health, very physically active. I feel like I've aged 10 years in the last 4 or 5 months. The chest pain began near the end of my 3 week cough symptoms, fatigue also. The chest pain seems to have gotten better, just in the last 3 or 4 weeks. It had gradually improved over the last 2 months. The fatigue has also gradually improved, but still occasional. Now, the joint pain is the worst. I have it every day now, and it is pretty bad. Knees, elbows and hands. It keeps me from doing some things that I'd normally be doing. It gets worse throughout the day, and by nighttime I have trouble walking down stairs.

Those of us who were sick before testing was available are just screwed I guess. Those of us who were also sick before the first ""official"" cases and virus timeline are doubly screwed. My brother had a really hard time with his Dr. She just didn't want to accept it for some reason, despite his symptoms perfectly matching and his CT and chest xrays showing ground glass opacity (a feature symptom of COVID-19). He now has another Dr.

Just wanted to say you're not alone, there are actually quite a few of us in the same boat. Hope things get better for you.",Mountain_man007,covidlonghaulers,4,2020-08-07T16:14:24,t3_i4v4vv,comment,reddit,pushshift
g0p0av9,i5f2qm,"Yes! eventually we will find positive and healthy ways to cope. A bit of a heads up that some ""survivor"" or ""long term illness"" groups can be helpful to have on the back burner for when you need it, or for when you are READY for it. These groups can be overwhelming though and full of people who might not be ready or are stuck in a certain frame of mind. They're probably scared, angry, fearful, and want connection badly.

I have some groups on facebook, but I have them unfollowed. 

Eventually, you will learn to become your own advocate in a healthy and positive way, without needing to prove anything to anyone. At first, illnesses can be super freaking overwhelming and scary. We learn to cope mentally and physically. Science will catch up to COVID and more and more will be found out about it. Doctors will be intrigued by this for a long time to come, and many of us will become validated in the process.",grazinginthegrass,covidlonghaulers,4,2020-08-07T16:18:11,t1_g0ov8ep,comment,reddit,pushshift
g0p8drh,i5f2qm,"I've noticed in the last month or so that people are becoming more understanding about long-haulers because media coverage has increased. Education is the key to understanding, so I've tried to be as open and honest about my experience as possible. Do I feel like some people think I'm exaggerating? Sure. But I know I'm not, so I don't care what they think. We shouldn't need ""proof"" of what we're going through for people to believe us, but increasing media coverage will help people accept the condition and believe us more often. In the meantime, I do my best to avoid people who don't believe me, because they don't deserve my mental energy.",Blueeyesblazing7,covidlonghaulers,2,2020-08-07T17:21:37,t3_i5f2qm,comment,reddit,pushshift
g0parkw,i5f2qm,"I’m struggling but I know I don’t owe anyone anything but myself. 
I’m mostly struggling with my mom who’s fallen for the bullshit that it’s overblown.
I don’t need to get into the details but when it’s your mom making you feel dismissed, it’s gut wrenching.
I waited to tell my family what I was going through. I made a few recent posts on my Instagram account, but haven’t told the whole story yet. I’m considering it, I feel like people need more awareness of the middle. 
We’re the people no one hears about. If you’re not looking for it, you will be in the dark. 

You have your asymptotic’s to very mild or you have your hospitalized. 
I realized that if you’re not in the Reddit bubble, it’s just not something anyone is paying attention to. 
They aren’t reading cases day after day, chatting with people that are living through it. 

If I turned it all off, I wouldn’t get it either.",idontcare78,covidlonghaulers,4,2020-08-07T17:40:14,t3_i5f2qm,comment,reddit,pushshift
g0pheq5,i5f2qm,"All I can say is... you're not alone. Both of my parents and my uncle (all of whom I live with at the moment) are deep into QAnon stuff and believe the virus is a hoax, or is at least seriously overblown. It is like a slap in the face, as someone who also got sick in March and still has trouble breathing. I hope whatever we're going through isn't permanent, and that someone finds a cure soon. Until then... we just gotta hang in there, try not to stress, and take it one day at a time in the meanwhile.",vistarmonei,covidlonghaulers,3,2020-08-07T18:31:12,t3_i5f2qm,comment,reddit,pushshift
g0piay0,i5j8mg,My 2 weeks of total rest from week 8-10 were what seemed to really turn me around.,EmpathyFabrication,covidlonghaulers,1,2020-08-07T18:38:04,t3_i5j8mg,comment,reddit,pushshift
g0pjd7v,i5j8mg,[deleted],[deleted],covidlonghaulers,1,2020-08-07T18:46:39,t3_i5j8mg,comment,reddit,pushshift
g0pjpt7,i5j8mg,"That’s good to hear. If you don’t mind me asking, Was it towards the latter part of the two weeks that you started notice the turn around?",Negative-Extension14,covidlonghaulers,1,2020-08-07T18:49:27,t1_g0piay0,comment,reddit,pushshift
g0pkfvf,i5j8mg,Yea it was gradual. I think it was a shift towards more restorative sleep that was the change.,EmpathyFabrication,covidlonghaulers,1,2020-08-07T18:55:17,t1_g0pjpt7,comment,reddit,pushshift
g0pmljg,i5k0hs,Note that the contacts at the end will be for UK residents only,kolad3,covidlonghaulers,3,2020-08-07T19:12:22,t3_i5k0hs,comment,reddit,pushshift
g0ponlr,i5f2qm,"Not being able to do something and not wanting to do something are handled the same way. 

You: “Thank you so much, but I just can't.”

Them: “Why not?”

You: “I’m afraid it’s just impossible.”

(nod to Miss Manners)

Most people like to talk about almost anything besides health. They like to talk about themselves, celebrities, the stock market, what have you. Focus your attention outward. 

If you want to make a subtle statement about covid long haul, gather a collection of anecdotes and wry observations. For each person you talk to, you either know or can discover what interests them. Project the telescoping future of a world where 10 percent to 20 percent have or will have extended disability and ask them how this might impact their favorite things. 

Set the tone a little lighter than the one you’re feeling.",chesoroche,covidlonghaulers,3,2020-08-07T19:28:30,t3_i5f2qm,comment,reddit,pushshift
g0pozwm,i5j23z,Big suprise,Nablakn,covidlonghaulers,8,2020-08-07T19:31:07,t3_i5j23z,comment,reddit,pushshift
g0ppj63,i5j23z,"Duh, what have these people been doing for the past 6 months?",granoladeer,covidlonghaulers,11,2020-08-07T19:35:23,t3_i5j23z,comment,reddit,pushshift
g0ppjc5,i3uxzn,Anything new from the lung doctor visit?,chesoroche,covidlonghaulers,1,2020-08-07T19:35:25,t3_i3uxzn,comment,reddit,pushshift
g0puyv6,i5f2qm,"&gt;the telescoping future of a world where 10 percent to 20 percent have or will have extended disability

This is something I've been thinking a lot about lately. Seen recent reports of large percentages (~80%+)  of ""recoverees"" with heart, brain, kidney, liver damage. And lungs. For the long haulers CF, joint problems... Even (especially? in some cases) those with mild illness.

There really needs to be more public knowledge about these possible (I'd say likely) chronic issues, and that it's not just a ""risk of"", it's more like a standard part of the illness. Too many still don't take it seriously enough. All the talk of ""most will be just fine"", and ""large percentages will recover without any medical help"", etc. that was said even from the very beginning will be looked back upon as a major mistake by public health. I mean, how can they even say that for a brand new, never-before-seen disease? Lots of illnesses have chronic effects. In every other way, they have been so cautious about what they say. But with this, it was totally just an assumption on their part. And now, because of that, it's what pretty much everyone thinks. And that's exactly why the OP is even having to worry about explaining it to other people.",Mountain_man007,covidlonghaulers,4,2020-08-07T20:18:53,t1_g0ponlr,comment,reddit,pushshift
g0q08b9,i53l5u,"hi and hang in there, with every month there will be more enlightenment to CFS as more and more people become post-covid in the millions

I track articles on long-term survivors here for those interested:

* u/thaw4188/comments/hhdl98/articles_on_covid19_longterm_damage

ps. what are some other good subs people follow?

* r/CFS
* r/covidlonghaulers
* r/covid19positive
* r/CoronavirusSurvivors",thaw4188,covidlonghaulers,4,2020-08-07T21:01:16,t3_i53l5u,comment,reddit,pushshift
g0q0sgz,i5j23z,ItS jUsT AnXiEtY,Straight_Carpet,covidlonghaulers,17,2020-08-07T21:05:31,t3_i5j23z,comment,reddit,pushshift
g0q0zek,i3uxzn,"No lol, she repeated what she saw on my xray and told me to get a ct scan that I cant afford",grazinginthegrass,covidlonghaulers,1,2020-08-07T21:06:58,t1_g0ppjc5,comment,reddit,pushshift
g0q1fow,i4j87b,I’ve been using NAC since day 4. I’m on 6 weeks now and I’m still having SOB. Any suggestions?,atlnole0731,covidlonghaulers,1,2020-08-07T21:10:26,t3_i4j87b,comment,reddit,pushshift
g0q2h1j,i5j23z,Well color me shook /s,Littlelorin,covidlonghaulers,3,2020-08-07T21:18:27,t3_i5j23z,comment,reddit,pushshift
g0q2jis,i3uxzn,We see so much of this in the sub. It’s like a car mechanic who won’t touch a car he can’t put on the scope.,chesoroche,covidlonghaulers,1,2020-08-07T21:18:58,t1_g0q0zek,comment,reddit,pushshift
g0q5lt8,i5k0hs,"Good post! 

...but even before all this began I already hated the word ""mindfulness""...",Chiaro22,covidlonghaulers,3,2020-08-07T21:44:31,t3_i5k0hs,comment,reddit,pushshift
g0q6g00,i5f2qm,"""Sorry, but I can't. But what about the stock market? It's terrible, with the pandemic and all, isn't it?""",Chiaro22,covidlonghaulers,2,2020-08-07T21:51:37,t1_g0ponlr,comment,reddit,pushshift
g0q6pxs,i52ya5,"What are you taking? Some OTC meds can make it worse. 

I agree with other posters here that suggest thinning the mucus (NAC) and draining it from the head (lymph or glymph self-massage).",chesoroche,covidlonghaulers,1,2020-08-07T21:53:55,t3_i52ya5,comment,reddit,pushshift
g0q70vk,i5f2qm,"This is a very good point. 

For many months the story was ""for most people it's 2-3 weeks and you're recovered"", and even now they still update their stats with ""recovered"" for everyone who has not died. Obviously many people belive what they read.",Chiaro22,covidlonghaulers,3,2020-08-07T21:56:30,t1_g0puyv6,comment,reddit,pushshift
g0qbx2b,i5f2qm,"I actually don’t explain, cause I get aren’t you better now? Is it your asthma? You can’t still be sick. It must be your anxiety. I just sent out a message to one of my friends who yelled at me for not watering her plants while she was gone on vacation properly that I’m sick, and it’s all I can do right now to care for myself. I told her I need to spend every minute of every day focusing on myself and getting better. Then I told her that what I’m dealing with is nothing I feel like sharing or talking about, and that when I feel better I’ll contact her. I’m gonna send out a mass text to everyone that thinks they can harass me right now saying the same.",Bethybb,covidlonghaulers,2,2020-08-07T22:38:34,t3_i5f2qm,comment,reddit,pushshift
g0qdr2l,i3uxzn,"I laughed. I have a chronic illness so I've experienced this before I found my now cool/helpful doctor of 6 years. He's cool. He put me on a crap ton of COVID like supplements and a super like/extended zpack but wouldn't say its COVID. I mean, I cant blame him but, I feel like I am getting a run around. He first thought maybe walking pneumonia, but... lol. Maybe he'll order a few more blood tests for me but :/ Idk anymore. All my fiances need to go towards rent and food now. This medical adventure wiped me.

I have an appointment with my doc guy on Monday over the phone and I'm gonna grill him",grazinginthegrass,covidlonghaulers,1,2020-08-07T22:54:37,t1_g0q2jis,comment,reddit,pushshift
g0qeai7,i4j87b,How many days are you taking it for? Does it matter?,allig7,covidlonghaulers,1,2020-08-07T22:59:25,t3_i4j87b,comment,reddit,pushshift
g0qexlu,i3uxzn,I’m having all of your symptoms to a T! I still live with my parents and through these months they have not gotten sick once. I’m starting some teas today and taking NAC. Keep us updated with what your lung doctor says please! I go back to my primary on Monday.,allig7,covidlonghaulers,1,2020-08-07T23:05:13,t3_i3uxzn,comment,reddit,pushshift
g0qfgh1,i5j23z,"&gt;Duh, what have these people been doing for the past 6 months?

Ah ha ha... DENYING EVERYTHING and diagnosing people with anxiety.",dedoubt,covidlonghaulers,10,2020-08-07T23:10:01,t1_g0ppj63,comment,reddit,pushshift
g0qg1ek,i5jf9x,[deleted],[deleted],covidlonghaulers,2,2020-08-07T23:15:12,t3_i5jf9x,comment,reddit,pushshift
g0qhuc0,i3uxzn,"Hey, yeah the lung doctor was basically useless and just repeated what I already knew on the xray. The only thing helpful she could tell me was that she didnt see an active pneumonia infection. And I got that xray taken weeks ago with this level of chest pain, burning, lung pain, etc.",grazinginthegrass,covidlonghaulers,1,2020-08-07T23:31:29,t1_g0qexlu,comment,reddit,pushshift
g0qi06s,i3uxzn, I’m sorry to hear that! Really hope you get better and get some answers soon.,allig7,covidlonghaulers,1,2020-08-07T23:32:57,t1_g0qhuc0,comment,reddit,pushshift
g0qisx1,i47hwb,B+ 142 days.,alia33__,covidlonghaulers,1,2020-08-07T23:40:04,t3_i47hwb,comment,reddit,pushshift
g0qjcv3,i5j23z,I will repeat again that we need to be carefull about the chronic fatigue tag as many long haulers have many different symptoms.,hnanana,covidlonghaulers,11,2020-08-07T23:45:04,t3_i5j23z,comment,reddit,pushshift
g0qkww8,i53l5u,I do not want cfs underfunded and unheard of. I think it's great that more people are becoming aware of cfs after years of it being ignored. You're ingnoring my many comments about the specific problems I have with cfs people on these specific subs.,EmpathyFabrication,covidlonghaulers,2,2020-08-07T23:59:17,t1_g0mz85h,comment,reddit,pushshift
g0qo9cf,i5j23z,"True, but so do people with ME/CFS. It is a misunderstanding that ""CFS"" is just chronic fatigue; that is just one of many symptoms people with ME/CFS deal with, and they vary quite a bit from person to person.

Certainly a lot of the long haulers are having other issues unrelated to ME/CFS, too, though. Studies that came out of SARS-CoV1 showed that many survivors had different chronic issues. Some were in line with ME/CFS, while others were not. I believe this is going to be much the same. It will probably be years before we know just how many different issues will arise in various people from all this.",Eclectix,covidlonghaulers,2,2020-08-08T00:29:59,t1_g0qjcv3,comment,reddit,pushshift
g0qp6p1,i53l5u,"&gt; You're ingnoring my many comments about the specific problems I have with cfs people on these specific subs.

I don't think people are ignoring you, they simply don't agree with you.",Eclectix,covidlonghaulers,2,2020-08-08T00:38:44,t1_g0qkww8,comment,reddit,pushshift
g0qpznt,i53l5u,I'm referring to this person in particular. On another thread we have had a discussion about my opinion of cfs as related to covid subs.,EmpathyFabrication,covidlonghaulers,1,2020-08-08T00:46:21,t1_g0qp6p1,comment,reddit,pushshift
g0qsp0r,i51zee,"Mine was low...but, I think most Americans run low.",Diane_homebound,covidlonghaulers,1,2020-08-08T01:11:51,t3_i51zee,comment,reddit,pushshift
g0quklq,i5qejd,"For some subset of people, for some reason, covid seems to cause a long term immune response that lasts 6-15+ weeks. Many people are recovering in a 2-3 week period or earlier.",EmpathyFabrication,covidlonghaulers,3,2020-08-08T01:29:37,t3_i5qejd,comment,reddit,pushshift
g0qxgax,i2cp3y,"I’ll answer this to the best of my ability. Each ‘strain’ of virus is unique. When a virus or other foreign invader gets past your skin, or in to your mucosae (lungs, stomach, gut) we have certain cells called antigen presenting cells (APCs) that recognize proteins that are common to many bacteria. These APCs migrate to your lymph nodes where they encounter B cells and T cells. They dock with certain types of T cells, induce a response by either T-Helper cells or T-killer cells, depending on the pathogen. The T cell response leads to activation of downstream molecules, cell types, and cytokines that effectively hunt down and kill virus infected cells. Part of this response is to release a balance of pro-inflammatory and anti-inflammatory cytokines, basically to find the right amount of killing vs restoring pathways. SARSCOV-2 is a different type of coronavirus than other strains on several biochemical levels, and just like when there’s a new flu strain, it can mess you up because your body hasn’t seen it before, so you have to generate a whole new immune response. Nobody has had SARSCOV-2 antibodies before this pandemic began. And while there may be some limited cross reactivity between virus strains, it’s not likely protective or detrimental. Not to mention, there are a lot of things about this COVID-19 disease process that are, for lack of a better word, weird....",blacka13,covidlonghaulers,1,2020-08-08T01:56:52,t3_i2cp3y,comment,reddit,pushshift
g0qxgb6,i4j87b,"Not sure what to say. What is your dosage regimen? I started NAC after months of dealing with SOB, so earlier on Im not sure. The only other thing I've done to try and manage symptoms is daily baby aspirin to try and mitigate clotting which the disease is prone to do. I did that for about two weeks, stopped right before NAC.

I do not feel comfortable recommending that sort of treatment, especially in combination with NAC as both are blood thinners. Perhaps stop NAC, wait a few days, the try aspirin, but consult with your doctor first.",amgzen,covidlonghaulers,1,2020-08-08T01:56:52,t1_g0q1fow,comment,reddit,pushshift
g0qxklc,i4j87b,"Been going \~2.5 weeks. I plan on going for three months, then stopping and seeing where Im at.",amgzen,covidlonghaulers,2,2020-08-08T01:58:00,t1_g0qeai7,comment,reddit,pushshift
g0qxspi,i5j8mg,"Yes. Granted, I was fighting Epstein-Barr Virus (what causes mono, it lies latent in most people and reactivates in some, like me) when I got COVID-19 and it took me the fuck out. I just sort of stopped working one day (my office was WFH)and then emailed my boss that I would be out for 2 weeks and I'd get him my doctor's information, because I was too sick to do literally anything more than that.

I was off work for 6, maybe 8 weeks? Entirely. Then, I was ramping back up to full-time for the last 3 or 4 months, and when I got back up to 7 hours, I fucking crashed. My endurance is better, my cognition is better, but ultimately, my whole being was screaming for rest. I have proposed that I work half-time indefinitely or I'll go ahead and resign because I can't do it anymore.

Granted, I like a challenge and this is a springboard for me to sell my house, move somewhere with a gentler climate, find consulting gigs, etc. So I feel okay about it but it really wasn't fun getting to the realization that I was not going to be getting better anytime soon. It is important to note that my particular situation is much more likely to be as it is because of the dueling viruses I happened to be fighting concurrently.

I've gone on and on here so I will stop, but what I am getting at is you are absolutely correct to be listening to your body, and this is a normal outcome of a profoundly abnormal virus and situation. You are not alone and will not be alone in this. Your work must work with you to take time off when you need it so you can recover, or at least not get worse because of work. If you're in America, you have FMLA protections, most likely.",cluckosaurus,covidlonghaulers,1,2020-08-08T02:00:08,t3_i5j8mg,comment,reddit,pushshift
g0qzkvz,i4j87b,I do 2x600mg a day. One in the morning and one in the evening. Maybe I have a bogus brand? Lol,atlnole0731,covidlonghaulers,1,2020-08-08T02:17:16,t1_g0qxgb6,comment,reddit,pushshift
g0qzok8,i4j87b,"Lookup reviews for that brand for sure. I do three doses, 6 hours apart. I've found after about 8 hours symptoms start to return.

EDIT: Also, 3x600 would be fine. Also, im assuming you're not taking alcohol, but do not take NAC after you drink, can hurt your liver.",amgzen,covidlonghaulers,1,2020-08-08T02:18:17,t1_g0qzkvz,comment,reddit,pushshift
g0r0dt1,i4j87b,[deleted],[deleted],covidlonghaulers,1,2020-08-08T02:25:01,t1_g0qzok8,comment,reddit,pushshift
g0r0w0v,i5j23z,"I agree. Even post viral inflammation is misleading, implies viral episode is over. Viral induced
Inflammation is more accurate",twosummer,covidlonghaulers,3,2020-08-08T02:29:51,t1_g0qjcv3,comment,reddit,pushshift
g0r14il,i5qejd,That's the weird thing about this virus is it hits folks so differently without a whole lot of rhyme or reason.,cluckosaurus,covidlonghaulers,1,2020-08-08T02:31:55,t3_i5qejd,comment,reddit,pushshift
g0r3vsr,i5qc6j,"That’s really weird, quite different than what I’ve seen around here. I’m glad it’s not too bad, though it must still be scary. Would you let me know if you find something in your exams?",Quittercricket,covidlonghaulers,1,2020-08-08T02:58:37,t3_i5qc6j,comment,reddit,pushshift
g0r4cuv,i5j8mg,"Thank you for the reply and the FMLA heads up. Ideally I would like to recover and jump back into my job, but I also know I might end up having to find a job that I can manage for the time being. 
Since I stopped working last week and pretty much done nothing, my symptoms have not improved to much, but I just feel more rested and I’m more calm about the situation. I was wide open for about 3 months with these symptoms, beating up my body, but hopefully now the healing will begin.",Negative-Extension14,covidlonghaulers,2,2020-08-08T03:03:23,t1_g0qxspi,comment,reddit,pushshift
g0r7ldd,i5j8mg,"Yes, your healing is already beginning!

Here is a few things that maybe will be helpful -

1. It's actually super easy to do the FMLA stuff, I was surprised. You just need to see a doctor, ideally your primary, who can go through your symptoms with you and confirm in writing and FMLA paperwork that you do, indeed, need some time off. They usually start with a few weeks, maybe 2. Ideally you get that paperwork from your HR dept or you can probably get it online, and you give your doc the number to fax it to at your work which they will do. This keeps your job and bennies intact while you are out for up to 12 weeks, altogether or in bits and pieces, like if you start and stop again or if you go back part-time.

2. I wanna say that most American companies, the same ones covered by FMLA, have to give their employees up to 2 weeks covid pay, not as part of your existing paid time? For anyone who can be legitimately considered sick with it or its aftereffects. The doctor's note for long-haul COVID-19 should be sufficient proof. This was something I got and it saved my fucking ass.

3. You are legally allowed to ramp back up to your old hours if you need through FMLA. I really hope your work is cool about it because it makes all the difference!

4. If for any reason you find you simply cannot do it, you are not a failure. That is what I have learned for myself. I didn't ask for this, I took all the precautions, I was just unlucky. If you went to a COVID-19 party, well then I would rescind this point lol, but the vast majority of folks who will deal with this are people who tried not to get sick and still did, or who slipped up once and got sick, or who were unable to escape it because of work, or who got suckered by the most profoundly incompetent pandemic response in probably history that will likely be a stain on America for generations to come. I still am angry at all the folks not believing it. But folks are in deep and we should have been able to hope that someone within the web of our governing party could have stemmed this tide, and they all failed. Which leads me to...

5. Vote. I'm not gonna tell you how to vote, just vote. Vote like someone is trying to remove your right to healthcare when you need it most. Vote like someone doesn't care if your grandpa dies from this. Vote like a billionaire is shrugging as all of these people are dying because he's making extra billions. These are all citable things that are happening to us, right now. Vote.

All the best in luck and wellness to you, friend.",cluckosaurus,covidlonghaulers,3,2020-08-08T03:36:00,t1_g0r4cuv,comment,reddit,pushshift
g0r7zrs,i4w0w5,"I was having horrible insomnia for weeks in addition to the fatigue. Then one day it stopped and I started sleeping like ten hours a night. No idea what changed, but maybe the same thing will happen to you 

If not then try acetaminophen, in my experience inflammation causes insomnia. Or low iron, but for long haulers probably inflammation. Acetaminophen knocks me out and I sleep amazing.",carbearnaceous,covidlonghaulers,1,2020-08-08T03:40:18,t1_g0ltymu,comment,reddit,pushshift
g0r8bs3,i49l3x,Is your pain between your lungs like along the inside of your spine?,carbearnaceous,covidlonghaulers,1,2020-08-08T03:43:54,t1_g0if49o,comment,reddit,pushshift
g0r8l65,i49l3x,"Have you tried oral rehydration solutions? I'm having a helluva time staying hydrated through this and ORS have been saving my life. Might help with the prickles in leg, frequent urination, and faint feelings.",carbearnaceous,covidlonghaulers,2,2020-08-08T03:46:43,t1_g0iiie5,comment,reddit,pushshift
g0r8r6x,i49l3x,This is weird. I never got an inflammatory test but the inflammation feels very similar to how I felt with Celiac disease albeit in a different location. I also already have positive ANA in my body so there's no point testing that. 🤷🏼‍♀️,carbearnaceous,covidlonghaulers,1,2020-08-08T03:48:32,t1_g0kwapz,comment,reddit,pushshift
g0r9564,i3mmaa,Frequent urination can be a sign of dehydration. As can those other things. You could try oral rehydration solutions.,carbearnaceous,covidlonghaulers,1,2020-08-08T03:52:50,t3_i3mmaa,comment,reddit,pushshift
g0r9867,i49l3x,Yesss!  I just got on that train!  Wish I had done it sooner. I'm pretty down with the passion fruit Liquid IV.  What's your cocktail of choice?,petitelegit,covidlonghaulers,1,2020-08-08T03:53:45,t1_g0r8l65,comment,reddit,pushshift
g0r9hhv,i49l3x,"Well I have very sensitive Celiac's disease so DripDrop is the only certified gluten free one, although salted watermelon is amazing. It's sooo good. Also salted kiwi and strawberries. It's like candy but healthy.",carbearnaceous,covidlonghaulers,1,2020-08-08T03:56:38,t1_g0r9867,comment,reddit,pushshift
g0r9nmj,i49l3x,"Ah!  Got it!  Wow damn, salted watermelon sounds ahmazing.  That's a hot tip 😎 thank you",petitelegit,covidlonghaulers,1,2020-08-08T03:58:33,t1_g0r9hhv,comment,reddit,pushshift
g0r9pmo,i5qc6j,For sure,blacka13,covidlonghaulers,2,2020-08-08T03:59:10,t1_g0r3vsr,comment,reddit,pushshift
g0rat4t,i3k9sh,What app if you don’t mind sharing?,awkwardashlyn,covidlonghaulers,1,2020-08-08T04:11:36,t1_g0dzrb7,comment,reddit,pushshift
g0rblhl,i3k9sh,Welltory,idontcare78,covidlonghaulers,1,2020-08-08T04:20:27,t1_g0rat4t,comment,reddit,pushshift
g0rboa6,i3k9sh,Thanks!,awkwardashlyn,covidlonghaulers,2,2020-08-08T04:21:20,t1_g0rblhl,comment,reddit,pushshift
g0rbu2j,i3k9sh,No problem!,idontcare78,covidlonghaulers,1,2020-08-08T04:23:11,t1_g0rboa6,comment,reddit,pushshift
g0re53b,i53l5u,Andipandey raised good points about CFS’ relation to covid,eternal-salad,covidlonghaulers,1,2020-08-08T04:50:16,t1_g0qkww8,comment,reddit,pushshift
g0reh82,i53l5u,"You may not want CFS to be underfunded, but you sure seem to delight in the absence of research on the illness so that when people like me say, “Here’s what you can do to prevent your PVFS from becoming CFS,” you can jump in to say, “aha, but where’s the study confirming that?” It really seems to be something you enjoy doing.",eternal-salad,covidlonghaulers,1,2020-08-08T04:54:24,t1_g0qkww8,comment,reddit,pushshift
g0rg8xi,i5qc6j,Thanks. I hope you get rid of it soon.,Quittercricket,covidlonghaulers,1,2020-08-08T05:16:12,t1_g0r9pmo,comment,reddit,pushshift
g0rovpd,i5or13,"I don't know, but this sub should enforce revealing the age, sex, previous health issues, and job situation, in order to get a full image of the evol5of the symptoms.",stayfi,covidlonghaulers,1,2020-08-08T07:17:52,t3_i5or13,comment,reddit,pushshift
g0rrj5u,i5uojq,"Hey OP, don't be discouraged. It's been hard on everybody and much harder on long haulers.
We now know the symptoms come and go in waves, but we also know that recovering is possible. Don't lose hope. Hang on a little more, one day at a time.
When you recover, all this will only be a memory and you'll be back to living your life.

On the medical side, the recurring anosmia is interesting, I haven't heard of other cases where it happened a third time.
Also, the covid toes are a little concerning. Are you taking steroids or blood thinners for that?
Are you monitoring Sp02 by any chance?
Stay strong!",granoladeer,covidlonghaulers,5,2020-08-08T08:00:16,t3_i5uojq,comment,reddit,pushshift
g0rsqnp,i5uojq,"I bought an oximeter on day 50 or 55, and it gave me fine results at first. For the last month (more or less) it's getting lower but not hospital-worthy. No steroids or blood thinners (I got d-dimer and another blood test on day 60, came back clear - maybe I should get another one but given the third anosmia relapse I don't think I'll ever get out of my home again unless I really think I'm dying and that it can be avoided by getting help haha). I've had covid fingers since day 30 or 40 more or less, purple feet appeared on day 53 I think (it's not constant, sometimes only my toes are purple, on some occasions it was half my foot, other times my toes are just a bit red like common covid toes, and sometimes they look normal. I also have red soles often - but well I don't remember what my soles normally look like so I don't really count it as a symptom). I'm not sure recovery is possible tbh, we'll only find out about that in decades. I'm never getting out again (I only did it for medical appointments) so at least it'll be interesting to see if I get anosmia a fourth time despite not seeing anyone. I cannot believe the ""post-viral syndrome"" theory at least in my case, it's either reinfection (would be very unfair that I caught it three times while only going to medical appointments since March and my region hasn't been very affected for now but...) or most likely the virus has been inside me for 4,5 months and I don't see why it would leave at that point haha.",ObviousBrush,covidlonghaulers,2,2020-08-08T08:20:19,t1_g0rrj5u,comment,reddit,pushshift
g0rv50s,i5jf9x,You're not crazy at all - they are.,ObviousBrush,covidlonghaulers,2,2020-08-08T09:01:22,t3_i5jf9x,comment,reddit,pushshift
g0rwq3x,i5uojq,"That's crazy. How you tried consulting with a specialist, maybe using a video call?
Are you also taking vitamins?
The fact that your O2 has gotten worse over time after the infection had passed is mind boggling.

If you consult with a doctor, ask for prophylactic doses either of steroids or blood thinners.
The covid toes and purple feet are a clear indication of increased clotting to me, which might also explain the decreasing O2. (I'm not a doctor, though, just very curious).

So, on the days that triggered the anosmia, would you say your physical activity increased substantially (by walking to the doc's office, using stairs, etc)? Or did you also exercise or walk around on other unrelated days?
The theory I have in my head (supported by at least one paper) is that fat tissue may be a reservoir for the virus, so when you consume it (exercise, for example), small amounts of virus are released and you get a strong immuno response that causes the other symptoms.",granoladeer,covidlonghaulers,1,2020-08-08T09:29:01,t1_g0rsqnp,comment,reddit,pushshift
g0ry8di,i5j23z,"I'm a little bit optimistic about long covid  because if this affects at least 1 in 20 (others say 1 in 10, but let's keep our stimations lower), worldwide that means millons. There are ongoing researches about long covid now, I think we'll find some answers soon. For example now we know more about the damage in some patients hearths/brains. That's sad news but means that they all got MRI. 
Even I am looking to join a research soon (Coverscan UK).",hnanana,covidlonghaulers,3,2020-08-08T09:55:25,t1_g0qo9cf,comment,reddit,pushshift
g0ryzqg,i5qc6j,"Covid presents lots of ways and it could be that, but with those symptoms it could be a lot of things. I hope your doc is doing a little more than a cmp and antibodies (ab's seem to only be lasting a few months in many people, if they develop them at all) Even if it is/was covid you probably need a decent heart/lung workup and to check for other infections(at least a CBC, ekg and chest xray maybe ddimer, inflammatory markers?) Good luck! I hope you figure out what's going on and are able to treat it!",valmerina,covidlonghaulers,1,2020-08-08T10:08:43,t3_i5qc6j,comment,reddit,pushshift
g0rz5bz,i5uojq,Here because I woke up with no taste and smell again...regained my smell almost 3 weeks ago.,Pisces_Queen86,covidlonghaulers,2,2020-08-08T10:11:23,t3_i5uojq,comment,reddit,pushshift
g0rzly3,i5uojq,"This is the first time that I read about this, I think you could be an interesting case for the media. No idea if you dig speaking with a journalist but I would give it a try. 
Also I don't know if it's possible for you but try to change your GP? It was hard for me to find one who believes me and takes my case seriously but in the end gave me a huge peace of mind. 
Good luck!!",hnanana,covidlonghaulers,5,2020-08-08T10:19:29,t3_i5uojq,comment,reddit,pushshift
g0rzn7l,i5uojq,"Well here (France) the medical answer is either inexistant or pathetic, the only people who might be able to help would be doctors at a Parisian hospital which study (studied?) long-hauler cases. I called the standard yesterday, quickly explained my case ""Hi I'm a covid+ on day 130+, I had about 20 symptoms and just got anosmia for the third time and I'm looking for answers, I know that your hospital takes care of long-haulers and was wondering if it'd be possible to have a phone appointment with one of your doctors?"" and all I got was ""Nope it's impossible. Have you been tested? [Nope, I got sick in March when you were tested only if you were dying, but anosmia 3 times and 19 other symptoms are more than enough] Get tested [I'm not willing to given test centers are dangerous and there's absolutely no point getting tested, I know I have it and tests, even if positive, won't tell us if it's reinfection or relapse]"". 
I got the d-dimer (and other blood test, I don't know the name in English) about two weeks after purple feet appeared (tests came back clear). I'll ask about it with a doc (not my doc, a random one living in my country's most affected area which prescribed me the blood tests because my local doctor was unwilling to prescribe them to me... yeah that's crazy I know) in the near future. Maybe I should get another blood test, I don't know. 

No physical activity at all on the few days before my third anosmia. 
About the second time, I had started going out of my room about fifteen days before I think. I knew about the exercise-induced relapses so I paid attention and no (immediate at least) relapse from that - however I just walked like maybe half a mile to a mile per day (and slowly as I'm a naturally slow walker), I didn't run a marathon haha. 

Well your theory would definitely make sense in the exercice-induced relapses. There are also the AIDS and the herpes theory (which are also supported by some papers unfortunately). I think the question is, is every covid+ person condamned to that (even if they're not long-haulers) or is it only a certain percentage of us?",ObviousBrush,covidlonghaulers,1,2020-08-08T10:20:05,t1_g0rwq3x,comment,reddit,pushshift
g0s05d1,i5uojq,"Hi there, I'm sorry that sucks! I hope you get it back (and definitely this time) very soon! Losing it twice isn't unheard of, I made a post on r/covid19positive when it happened to me and a few people said ""me too!"".",ObviousBrush,covidlonghaulers,2,2020-08-08T10:28:53,t1_g0rz5bz,comment,reddit,pushshift
g0s05xf,i5uojq,"Here's a sneak peek of /r/COVID19positive using the [top posts](https://np.reddit.com/r/COVID19positive/top/?sort=top&amp;t=all) of all time!

\#1: [My 32 year old wife died of the virus in early May. Tomorrow I'm donating my plasma in hopes some family doesn't have to go through this.](https://np.reddit.com/r/COVID19positive/comments/hhqv9d/my_32_year_old_wife_died_of_the_virus_in_early/)  
\#2: [Flattening the Curve - No Counter Measures vs. Extensive Distancing (A simulation of disease spread)](https://gfycat.com/grimyblindhackee) | [137 comments](https://np.reddit.com/r/COVID19positive/comments/fl2xu3/flattening_the_curve_no_counter_measures_vs/)  
\#3: [Need a plasma donor from a recovered COVID-19 patient in the Dallas-Fort Worth TX area](https://np.reddit.com/r/COVID19positive/comments/fxwpme/need_a_plasma_donor_from_a_recovered_covid19/)

----
^^I'm ^^a ^^bot, ^^beep ^^boop ^^| ^^Downvote ^^to ^^remove ^^| [^^Contact ^^me](https://www.reddit.com/message/compose/?to=sneakpeekbot) ^^| [^^Info](https://np.reddit.com/r/sneakpeekbot/) ^^| [^^Opt-out](https://np.reddit.com/r/sneakpeekbot/comments/fpi5i6/blacklist_vii/)",sneakpeekbot,covidlonghaulers,1,2020-08-08T10:29:09,t1_g0s05d1,comment,reddit,pushshift
g0s1412,i5uojq,"You know, I like my privacy (I've never wanted to have articles about me or things like that, the only social media I have is Reddit, I don't own a smartphone...) but I've been thinking about going public with this shit: either a video that I would share on Twitter etc, or contacting journalists, or both. 

I can change GP (it's easy to do in France), I actually kind of did: two months in (when purple feet appeared and I was worried about blood clots) I asked her to prescribe me a d-dimer test, and she refused, she was like ""it's to check for pulmonary embolism and you don't have that"" (I think it's to check for any blood clot right? Like, could be in any organ or vein/artery... + we could not know if I had it anyway). So... I called random doctors in Alsace region (first severely touched part of my country) and one of them called me back very quickly, I explained my case and had the blood test prescription immediately. My ""official"" GP most likely found out (as I think the lab sent her my results... hahaha) but never commented on it (it came back negative so she thinks she was right I guess). Recently (on Wednesday) I got an UTI so I called her (official GP) office to ask for a phone appointment (to get antibiotics) and got told they did not do phone appointments anymore (we're starting our second wave though...), I told her about the anosmia relapse (happened the day before) so if it was a reinfection I was likely to be contagious + I didn't want to get exposed anyway. The secretary refused. So I was supposed to risk my, the doc and the following patients' lifes just to get a simple antibiotic for a medical problem which did not require physical examination. I got a big angry, hung up and called the Alsace region doctor. His colleague (who did not know me at all) called me back very quickly again (I had explained the situation to her secretary), asked some questions about the UTI, prescribed me antibiotics, and did not doubt me about the third anosmia wave. I think I'll always call them first from now on!
(Sorry for the wall of text I got a bit carried away...)",ObviousBrush,covidlonghaulers,3,2020-08-08T10:45:35,t1_g0rzly3,comment,reddit,pushshift
g0s1vh7,i5or13,"23 , Female , no health issues and a fresh grad",alia33__,covidlonghaulers,2,2020-08-08T10:58:34,t1_g0rovpd,comment,reddit,pushshift
g0s34xu,i5xarc,"There are two reinfection cases which convinced me: A guy (frontline worker in the US) is enrolled in a study and that's why he knows he caught three different strains of covid. If you're interested I'll find his comments again. Edit : another certain example is a post on this sub: family of 3 gets covid in March (no tests but wife lost sense of smell/taste among other symptoms). They recover. In June, husband (paramedic) is exposed again by a covid+ with no mask. Has symptoms 24 hours after. And his wife and daughter have symptoms 24 hours after him.
First case was on the wuhan_flu subreddit, the second one was on the covid19positive one.
But long-lasting infection/relapses are very real too so it's very difficult to determine.  Have you had a possible exposure before a relapse?",ObviousBrush,covidlonghaulers,2,2020-08-08T11:19:38,t3_i5xarc,comment,reddit,pushshift
g0s3d3a,i5xarc,I was at the hospital. I had 9 negetive tests now this undetermined. I am just hoping the nurse did it wrong. All my blood work has came back ok. I hope that's a good sign...idk,kkangel2473,covidlonghaulers,2,2020-08-08T11:23:22,t1_g0s34xu,comment,reddit,pushshift
g0s53m3,i5uojq,"I didn't know that you are starting a second wave, I hope is just a controlled spike. I don't think that we are infectious, my theory was that we are relapsing because we didn't clean up the virus and/or we have a bad inflammatory reaction. But that doesn't explain your anosmia! Maybe you need to speak to a neurologist?",hnanana,covidlonghaulers,1,2020-08-08T11:50:41,t1_g0s1412,comment,reddit,pushshift
g0s8o5w,i49l3x,"No...it is more all over my back.  Sometimes it hurts in the lower back...other times, near the top and across the back.  I swear it is in a different area of the back as the day goes by.  The hands ache too...  I started a steroid this week that seems to have gotten rid of my breast pain...hands feel,better, but not completely normal.  My back is still so sore!",Diane_homebound,covidlonghaulers,1,2020-08-08T12:41:29,t1_g0r8bs3,comment,reddit,pushshift
g0s983h,i49l3x,"I was hoping I finally found someone with the weird pain I have. Alas, I'm glad the steroids are working. They worked really well for me too.",carbearnaceous,covidlonghaulers,1,2020-08-08T12:48:42,t1_g0s8o5w,comment,reddit,pushshift
g0sc63y,i5siun,"You’re not alone my friend.   So many of us around the world continue to suffer from this horrible experience. 

I’m a 49m, very fit, lots of exercise, no stress, a very good life.   Got sick March 23rd.   All of April and May horrible chest pain, lung pain and crushing fatigue have been my main symptoms.  June and July got a bit better but I still wasn’t able to exert myself at all ( walking around the house is it after 4+ months).  Now heading into month 5 and the last 2 weeks I feel almost as bad as I did in April.  By the time they would test me it was negative, negative all three tests I’ve had over 5 months.  3 EKG, 3 chest X-ray, CT scan of chest, MRI of chest, blood work — everything looks great - and yet I’m completely debilitated from COVID.

So frustrating to wake up and feel a little worse instead of a little better!!

I can’t wait till we’re all back to 100% and can enjoy life again.",ProfessionalWear8,covidlonghaulers,4,2020-08-08T13:24:40,t3_i5siun,comment,reddit,pushshift
g0sdjg4,i5qc6j,"Thanks yeah I’m also getting cbc and tft’s, imaging would be the next step just to make sure everything’s fine",blacka13,covidlonghaulers,1,2020-08-08T13:40:18,t1_g0ryzqg,comment,reddit,pushshift
g0se7dp,i5xarc,"I think I've been exposed 3 separate times and had symptoms from it. 

One of the things that tipped me off is dry green mucus in the nose combined with my standard symptoms of Covid. (sore throat, lung pain, muscle pain, fatigue, dehydration, sinus congestion). 

How is it that my body would get a sinus infection combined with all of the tell tale signs of covid around the same time? I don't know for sure, but I think it is a possibility that being re-exposed can cause a strong immune response.

Note: I never tested positive.",havocheavy,covidlonghaulers,2,2020-08-08T13:47:30,t3_i5xarc,comment,reddit,pushshift
g0seqn0,i5xarc,How long have you been feeling ill for? And why do you say 3 separate times? How you feeling now?,kkangel2473,covidlonghaulers,1,2020-08-08T13:53:12,t1_g0se7dp,comment,reddit,pushshift
g0sgkj2,i5siun,"My timeline is the same as yours. I had a great June-after that, back to square one. Day 149.",Local-Whole-8474,covidlonghaulers,1,2020-08-08T14:12:06,t1_g0sc63y,comment,reddit,pushshift
g0sh7tb,i52ya5,"I’ve had a continuous headache for a month.
My right ear is screaming too. I’ve tried massage, physical therapy. Gives very temporary relief. Tylenol or Advil does nothing.",Local-Whole-8474,covidlonghaulers,1,2020-08-08T14:18:35,t3_i52ya5,comment,reddit,pushshift
g0shtpy,i53l5u,"Ok well you can think whatever you want. I wish there was a study comparing prolonged rest vs early rehab for postviral illness. Then we could make broad recommendations on what people should be doing. But since there aren't any studies like that, and there's no evidence for one over another, when people like you say, “Here’s what you can do to prevent your PVFS from becoming CFS,"" you aren't basing that recommendation in anything factual. It's possible that people who rest too much during post covid syndrome are at higher risk for any long term health problems, not just cfs. Yet I see this as the #1 piece of advice cfs people push on these subs.",EmpathyFabrication,covidlonghaulers,2,2020-08-08T14:24:48,t1_g0reh82,comment,reddit,pushshift
g0sic8g,i5uojq,"Mine came and went at least 3 times. At week 1, 4, and 6. It's been back for a long time now.",EmpathyFabrication,covidlonghaulers,3,2020-08-08T14:29:59,t3_i5uojq,comment,reddit,pushshift
g0sjbbm,i49l3x,"Sorry...yeah...I’ve gotten SOME relief.  Not enough though.... I hate taking pills... now, I’m begging for them...🥴",Diane_homebound,covidlonghaulers,1,2020-08-08T14:39:42,t1_g0s983h,comment,reddit,pushshift
g0skik9,i5j8mg,Thank you! That’s some good info. definitely stayed away from Covid parties. I have been pretty cautious during this  pandemic. I thank God my family has never gotten sick with the virus. I hope you get well soon.,Negative-Extension14,covidlonghaulers,2,2020-08-08T14:51:19,t1_g0r7ldd,comment,reddit,pushshift
g0skj3w,i5siun,"I've been on a zpack for a few months. Today it got worse for me again, too. I've been sick since May.

&amp;#x200B;

NAC was what helped me most but obviously as of today it isnt doing shit for my lung pain",grazinginthegrass,covidlonghaulers,2,2020-08-08T14:51:28,t3_i5siun,comment,reddit,pushshift
g0skqsj,i53l5u,"I have lyme, pretty much almost any chronic illness can related, in my opinion",grazinginthegrass,covidlonghaulers,2,2020-08-08T14:53:34,t3_i53l5u,comment,reddit,pushshift
g0sl04t,i5uojq,Wow that's crazy. How long did it last each time (if you remember)?,ObviousBrush,covidlonghaulers,1,2020-08-08T14:56:09,t1_g0sic8g,comment,reddit,pushshift
g0sl0mc,i52ya5,"I had this headache for 15 days straight before I got all of the other laundry list of symptoms. Since the headache was my only symptom it was super freaking concerning. Nothing touched it. Not prescription migraine meds, not over the counter... nothing. I had to ride it out and it did go away for like 2 days before I fell extremely ill. A week or 2 into the symptoms the headache came back :/ lol",grazinginthegrass,covidlonghaulers,1,2020-08-08T14:56:17,t3_i52ya5,comment,reddit,pushshift
g0sl4zu,i4j87b,"I got better on NAC as well but I still have moderate to minor shortness of breath and varying lung pain while breathing :/ it was waaaay worse before the NAC though

&amp;#x200B;

Been sick since May, wasnt told by my doc to try NAC until July. Thats when my respiratory problems hit me like a truck",grazinginthegrass,covidlonghaulers,1,2020-08-08T14:57:30,t3_i4j87b,comment,reddit,pushshift
g0slae9,i5uojq,About a week each time.,EmpathyFabrication,covidlonghaulers,1,2020-08-08T14:58:58,t1_g0sl04t,comment,reddit,pushshift
g0slnc5,i5xarc,"I first got sick in April, that lasted about a 7 weeks. Felt better for a week or two and then got sick again in late June. 

The 2nd sickness lasted 4 weeks. Faster recovery than the first. Felt better for 2 weeks or so, then got ill again about a week ago. 

This one had chills, skin sensitivity and sinus congestion. A bit different than the other 2 cases, but we'll see if lung pain develops.",havocheavy,covidlonghaulers,1,2020-08-08T15:02:31,t1_g0seqn0,comment,reddit,pushshift
g0slvme,i5xarc,It just might be relapse....never know...maybe you should go get tested? Are you taking anything? Supplement? Trying to eat right?,kkangel2473,covidlonghaulers,1,2020-08-08T15:04:45,t1_g0slnc5,comment,reddit,pushshift
g0snef5,i5uojq,"Most French people don't really admit it yet but we've seen a big spike of positive tests in the last few days + schools are opening with a shitty protocol in three weeks, docs have shitty masks everywhere (friends in other cities report the same thing)... I'm not very hopeful. 
I don't think most of us are infectious (because many long-haulers got back to normal life and didn't infect their colleagues family etc) but given my case is weird and may be reinfection I won't take any chances. 
A neurologist might be a good idea :) they'd need to be ""specialised"" in Covid though and they'd probably ask me to get a brain scan which I am not willing to do (I'm serious about not getting near another human being ever again haha). Still I'll make a post on a French medical forum to see if people have covid-neurologist recommendations :)",ObviousBrush,covidlonghaulers,1,2020-08-08T15:19:34,t1_g0s53m3,comment,reddit,pushshift
g0sntu4,i5xarc,"I got an undetermined test, after having 9 negatives.i was sick in April. I am hoping I wasn't reinfected. Worried about fighting it again.",kkangel2473,covidlonghaulers,0,2020-08-08T15:23:43,t1_g0slnc5,comment,reddit,pushshift
g0sorwb,i60qni,I just want to say I’m really sorry you’re going through this.  I’ve been sick for 9 weeks and I currently also can hardly get out of bed.  I also had two negative COVID swab tests and a negative antibodies test.  I suspect that this is post-viral fatigue from COVID.  But it sucks so much to not have any real diagnosis to validate our experience.  But I’ll validate you.  Your experience is real and it sucks.  Keep hanging in there.  You will get through this.  Sending you love and healing from an internet stranger.  ❤️,[deleted],covidlonghaulers,15,2020-08-08T15:32:40,t3_i60qni,comment,reddit,pushshift
g0spf6o,i60qni,"Thanks internet friend, lol. I have a difficult chronic illness so I'm not new to the invalidation game, but I am scared for my job and not making any money. I can get FLMA but thats obviously unpaid. My family now has to help me split rent. Disability could help keep a roof over my head at least. I have proof of lung damage which might be enough to fight it if I get a lawyer, but I dont have a positive COVID test which I think is what would save my skin.

I have also been concerned this entire time because you know in the future when people have long term damages and are seeking help, they're gonna make it super difficult for anyone to get help... ESPECIALLY if you have 0 proof of a positive test.",grazinginthegrass,covidlonghaulers,8,2020-08-08T15:38:45,t1_g0sorwb,comment,reddit,pushshift
g0spuq4,i5or13,"Disagree with that, people reveal what they want to reveal.",Chiaro22,covidlonghaulers,3,2020-08-08T15:42:49,t1_g0rovpd,comment,reddit,pushshift
g0sr0k3,i5or13,"eh? they can lie here if they want you know, it's just more info, also, no one cares if  you're too paranoid..",stayfi,covidlonghaulers,0,2020-08-08T15:53:40,t1_g0spuq4,comment,reddit,pushshift
g0sr4af,i5or13,"mm, seems young. whether your a long smoker? good for to be followed by psychiatrist.",stayfi,covidlonghaulers,0,2020-08-08T15:54:39,t1_g0s1vh7,comment,reddit,pushshift
g0srvds,i60qni,"F¤#% the tests. They have a lot of margin for error, also based on the time they were taken. If you get ill with pandemic like symptoms during a pandemic those symptoms and other findings should be believed more than a test that is close to 1/3 hit or miss anyway.

Other than that I pretty much share your experience, feelings and world view.",Chiaro22,covidlonghaulers,8,2020-08-08T16:01:36,t1_g0spf6o,comment,reddit,pushshift
g0ssqtw,i60qni,"I have similar worries about never having tested positive.  Does your work offer FFCRA leave, which is covid related (not sure if it’s a national thing).  I’m currently trying to figure out if I qualify for it but it’s kind of vague and even the HR lady seems confused.",[deleted],covidlonghaulers,1,2020-08-08T16:09:32,t1_g0spf6o,comment,reddit,pushshift
g0suj0s,i60qni,"I'm pretty sure they do not because they furloughed pretty much everyone. I work at a big aerospace factory type of place and I heard theres like 13 people whos been working there since March, lol, which is ridic.",grazinginthegrass,covidlonghaulers,1,2020-08-08T16:25:46,t1_g0ssqtw,comment,reddit,pushshift
g0suzap,i60qni,"Oh, I see.  Good grief.  Well I genuinely hope shit turns around for you soon!!",[deleted],covidlonghaulers,1,2020-08-08T16:29:51,t1_g0suj0s,comment,reddit,pushshift
g0sxeoi,i60qni,"First of all, I ache fog you.  I’m truly sorry. The tests can go hell as far as I’m concerned. I was a negative too, only tested once but it really fucks with you. I don’t need a test to know what I had/have. It all fits.  And I certainly don’t need that confirmation for you. 
I just wish I knew how to help you.

Did you hear Alyssa Milano story? She had two negative tests, negative for antibodies but finally got confirmation for antibodies through blood donation with her Red Cross. 
Maybe that’s one place you can look. 

https://www.cnn.com/2020/08/06/entertainment/alyssa-milano-covid-antibodies/index.html",idontcare78,covidlonghaulers,3,2020-08-08T16:51:38,t1_g0spf6o,comment,reddit,pushshift
g0sxlh2,i625xb,"Yea cigarette smoke and cinders smells are common post covid among other respiratory infections. Covid is causing a lot of phantom smells, taste issues, and loss of sensation.",EmpathyFabrication,covidlonghaulers,5,2020-08-08T16:53:19,t3_i625xb,comment,reddit,pushshift
g0szfxs,i625xb,Thank you for your reply. This certainly is a strange effect. Just trying to do my best to ignore and hope it goes away soon.,covidthrowawaynyc,covidlonghaulers,1,2020-08-08T17:09:47,t1_g0sxlh2,comment,reddit,pushshift
g0t3xjf,i62u4w,My entire family was tested a week ago...we participate in a local lab study for Covid antibodies.  We get tested monthly.   Four out of 5 of us were still positive at the four month mark.  One was indeterminate...they said she was borderline positive.  She is one of ours that had an asymptomatic case.,Diane_homebound,covidlonghaulers,3,2020-08-08T17:49:38,t3_i62u4w,comment,reddit,pushshift
g0t67a8,i5siun,I’ve been out of work 6 weeks now recovering. I seemed to have hit a plateau the last 2 weeks- of which only got a bit worse over the weekend. The cough and shortness of breath has never really subsided since I tested positive on 6/30. It started getting bad again last Saturday so by Tuesday I’d taken myself to ER because I knew I needed more help than the stuff I was taking at home. I was given IV  Decadron push and 500mg of Zithromax along with RX for both. I’ve been taking them all this week and boy what a difference that steroid has made. It’s like my body is just fighting this lingering systemic inflammatory process. The steroids have calmed down the coughing quite significantly. This is my second round of steroids and antibiotics by the way. We will see how it all shakes out once I start moving around the house doing a bit more. I wish you luck. Perhaps it might not be a bad idea to discuss being placed on a round of Prednisone. If warranted it may help.,B3rnini09,covidlonghaulers,1,2020-08-08T18:08:37,t3_i5siun,comment,reddit,pushshift
g0t74c3,i53l5u,I’m assuming you have long Covid. Are you resting more or “powering through?” Which one is your body telling you to do?,eternal-salad,covidlonghaulers,1,2020-08-08T18:16:10,t1_g0shtpy,comment,reddit,pushshift
g0ta8ml,i60qni,"You should get a Lyme blood panel done. I had a similar experience with Babesia, a co-infection of lyme. I'm not saying that's what you have, but worth checking!

I was successfully treated with azithromycin for 3 months, probiotics, no sugar, no alcohol diet. Then they used Amoxicilin for a month to get rid of Lyme.",oldegypt,covidlonghaulers,1,2020-08-08T18:42:14,t3_i60qni,comment,reddit,pushshift
g0td1so,i5siun,Does NAC help w muscle/joint pain?,Diane_homebound,covidlonghaulers,1,2020-08-08T19:05:54,t1_g0skj3w,comment,reddit,pushshift
g0te87c,i5j23z,"&gt; There are ongoing researches about long covid now

Almost all but the tiniest bit of long covid research is being done only on people who were hospitalized. Many whose cases are considered “mild” but who still have ongoing symptoms over many months, who have not been hospitalized, are already slipping through the cracks because their local doctors don’t know what to do with them. This is the same thing that happens to people who are eventually considered to have ME/CFS. This is the area of research that has always been, and continues to be lacking.",JustMeRC,covidlonghaulers,5,2020-08-08T19:16:06,t1_g0ry8di,comment,reddit,pushshift
g0tex1e,i625xb,"I smelled phantom cigarette smoke only 1 day, I think after 2 months of the initial infection. Really random and weird. I didn't know that it was a symptom till I read it on Facebook, many reported experiencing it.",hnanana,covidlonghaulers,3,2020-08-08T19:21:48,t3_i625xb,comment,reddit,pushshift
g0tfnaq,i5j23z,"Well but Coverscan it's a huge one, in partnership with Mayo's Clinic. Also [Mount Sinai](https://www.mountsinai.org/about/covid19/center-post-covid-care). 
I mean, we obviously need more research, but the long haul phenomena is new and I understand it will take some time till we find answers. Now, sadly, there will be millions asking for help/answers. 
From a business perspective, I would love to be THE company that finds some good treatment for us. 
GPs just don't know what to do with us at this point, my approach is to keep testing stuff just in case and add more activities as my body allows it (month 5 here).",hnanana,covidlonghaulers,3,2020-08-08T19:27:29,t1_g0te87c,comment,reddit,pushshift
g0tft4a,i62u4w,I tested negative after 3 months (Roche).,hnanana,covidlonghaulers,2,2020-08-08T19:28:47,t3_i62u4w,comment,reddit,pushshift
g0tg1vj,i5uojq,"It could work out. I only totally lost my taste once around day 120 for 5 days. I lost 50% of taste maybe around day 45 as well. However, I had other symptoms that happened 3 times week long fevers that were separated 3-4 weeks each and diarrhea (different schedule but repeating). 

On the flip side, some symtoms are constant everyday for me like lung burn, fatigue, muscle &amp; nerve aches. 

I hope your senses return.",SpaceNinjaDino,covidlonghaulers,1,2020-08-08T19:30:42,t3_i5uojq,comment,reddit,pushshift
g0tg6vw,i62u4w,"Is It the same antibody test every time?

How long are you going to continue testing? 

I could not get a swab test in early April when I started to feel really sick. I ended up having 2 swab test in June and 1 in July, all came back negative. I decided to take an antibody test iJuly 22 and it came back positive.",Negative-Extension14,covidlonghaulers,2,2020-08-08T19:31:50,t1_g0t3xjf,comment,reddit,pushshift
g0tgxl2,i62u4w,Were you able to get a swab test earlier?,Negative-Extension14,covidlonghaulers,1,2020-08-08T19:37:43,t1_g0tft4a,comment,reddit,pushshift
g0thhzt,i62u4w,"Sadly, no. Nobody was testing back in March, just the hospitalized cases. But the last doctor I spoke to believes I had it.",hnanana,covidlonghaulers,1,2020-08-08T19:42:28,t1_g0tgxl2,comment,reddit,pushshift
g0ti1x4,i5uojq,On which day are you now? Thank you I hope your symptoms stop as soon as possible too.,ObviousBrush,covidlonghaulers,1,2020-08-08T19:47:07,t1_g0tg1vj,comment,reddit,pushshift
g0tjs6d,i60qni,"You did get a laugh from me. Chronic lyme is said illness I've been dealing with for 7 years, funny that you mention. I am actually currently waiting on results to come back. I got bit by a bunch of ticks in New Jersey and have issues now for 7 years.

My lyme guy first thought this was walking pneumonia, then wondering if its possibly Babesia. He was wondering if NAC is helping me due to its detox abilities, he suggested taking liposomal gluthatione along with it. I just did a zpack for at least 3 months or so, it didnt really do much for me except maybe make the fatigue a bit worse. My ear ringing and joint and muscle pain is still bad. 

For me it doesnt really go away",grazinginthegrass,covidlonghaulers,2,2020-08-08T20:02:02,t1_g0ta8ml,comment,reddit,pushshift
g0tjtu2,i5siun,"It does not for me. My doctor is following the thought process that NAC is mostly for detoxing. NAC mostly helped me with breathing things, shortness of breath and my lung pain stuff.

Keep in mind I'm also seeing this doc for another chronic illness as well. He suggested I add liposomal gluthatione to take with the NAC. He also told me to way bump up the vitamin D to 5000 IU a day.",grazinginthegrass,covidlonghaulers,2,2020-08-08T20:02:27,t1_g0td1so,comment,reddit,pushshift
g0tk409,i64lhg,I've had good luck with Buteyko breathing too,EmpathyFabrication,covidlonghaulers,3,2020-08-08T20:04:46,t3_i64lhg,comment,reddit,pushshift
g0tkoq6,i62u4w,We go once a month...this was our third time.  I guess we will continue until either we don’t have any more antibodies or they decide to stop testing.  They check using 2 different methods.,Diane_homebound,covidlonghaulers,1,2020-08-08T20:09:53,t1_g0tg6vw,comment,reddit,pushshift
g0tksma,i5siun,Thx....good info,Diane_homebound,covidlonghaulers,1,2020-08-08T20:10:51,t1_g0tjtu2,comment,reddit,pushshift
g0tl79r,i65985,"It sounds like lingering symptoms. If you don’t have a  pulse ox get one and test your o2 sat. 
Your receptor cells get killed off when you lose your taste and smell, but most likely they grow back and it just takes awhile.",idontcare78,covidlonghaulers,2,2020-08-08T20:14:30,t3_i65985,comment,reddit,pushshift
g0tlxku,i380om,"Had the same thing to the extent I was worried I'm developing diabetes. Thankfully I'm back to normal now, no lasting symptoms. Good for doing a low inflammation diet, I did exactly the same!",memeleta,covidlonghaulers,2,2020-08-08T20:21:06,t3_i380om,comment,reddit,pushshift
g0tmc0m,i2ps8l,"I'm one of the what it seems rare ones where I improved massively with exercise, but that was later on, in the weeks when I had severe SOB I could not breathe being still, let alone if I tried to move. But when the remaining symptoms were body aches and fatigue exercise I feel helped tremendously. It is all very personal.",memeleta,covidlonghaulers,1,2020-08-08T20:24:41,t3_i2ps8l,comment,reddit,pushshift
g0tmk26,i5j23z,"Coverscan is looking specifically at organ damage to certain organs. It does not look at the brain or study the immune system or energy system (mitochondria, metabolism, etc.) For *some* people with long covid, this will help direct future treatment. However, any sequalae that is *not related* to organ damage will slip through the cracks. People with ME/CFS tend not to show any organ damage on imaging.

From the website for Mount Sinai’s post-covid center: 

“Mount Sinai Health System (MSHS) is launching a new Center for Post-COVID Care for patients recovering from the virus as they **transition from hospital to home.**”

“The long-term complications of **acute infection** are still unknown.”

&amp;nbsp;

[They **are not** studying mild covid that doesn’t produce organ damage but produces ongoing chronic illness](https://www.healthrising.org/blog/2020/07/24/open-letter-covid-19-long-hauler-me-cfs/?). So, on the one hand you are correct when you say that there will very likely be people with long covid who get better because of information they gather through these studies.  However, there will be another group of people who do not. These are the people that the medical community will shrug their shoulders at and suggest that if they just exercise more and eat better, they will improve. This is the group of people the article is talking about.

There are a tiny small group of researchers studying non-acute long-covid. Almost all of those researchers are associated with the ME/CFS community. They are mostly at the [Open Medicine Foundation](https://www.omf.ngo/2020/05/19/omf-funded-study-covid-19-and-me-cfs/), and their budget is miniscule compared to the task they are undertaking.

&gt;my approach is to keep testing stuff just in case and add more activities as my body allows it (month 5 here).

I’ve had ME/CFS for 16 years. If I could [go back and speak to myself](https://www.healthrising.org/blog/2020/08/05/chronic-fatigue-syndrome-resources-support-long-haulers/) when I was at the point you are now, I would encourage myself to keep testing to look for treatable things, as you are doing, like [those suggested here](https://www.omf.ngo/wp-content/uploads/2020/07/Diagnosing-and-Treating-MECFS-Handout-V2.pdf). Then, I would **beg** myself not to “add more activities as my body allowed it.” What I needed then—what might have made a difference in the severity of my disability—was **aggressive rest**: rest of my body and rest of my mind; keeping within my [energy envelope](http://www.cfsselfhelp.org/library/finding-your-energy-envelope-part-1), and not pushing myself (by adding more activities) into a crash. When I felt a bit better, I would have begged myself to keep moving *very, very, gently,* but not “pretend to be well” for that day. That is how you begin to spiral up instead of down. **Aggressive rest.**",JustMeRC,covidlonghaulers,3,2020-08-08T20:26:38,t1_g0tfnaq,comment,reddit,pushshift
g0tnc40,i3uxzn,"If you have to just just watch and wait, this post has a comment from a sufferer whose doctor thinks iron deposits in the lungs cause problems for about 4 months:

https://www.reddit.com/r/COVID19positive/comments/h82gkb/comment/fuq0su8?context=1",chesoroche,covidlonghaulers,2,2020-08-08T20:33:36,t1_g0qdr2l,comment,reddit,pushshift
g0tohhk,i3uxzn,"Gonna check this out, thanks for sharing~ It really has become just a ""wait and try to get better"" at this point",grazinginthegrass,covidlonghaulers,1,2020-08-08T20:43:41,t1_g0tnc40,comment,reddit,pushshift
g0tokwy,i52ya5,"So I went to the ER cuz I didn’t want to wait for authorization for a ct scan and the pain was getting worse. Basically the dr said if it’s something covid related, they don’t know how to handle it. He wanted to rule out a hemorrhage and meningitis ect. 
I had a CT scan which came back totally normal and a spinal tap which also came back totally normal. At least now I have my back pain balancing out my head pain. 
I really feel like there is no hope for some of us.",Allergictofingers,covidlonghaulers,1,2020-08-08T20:44:31,t3_i52ya5,comment,reddit,pushshift
g0tv1rq,i60qni,"Hi there, did you end up taking Lipo Gluthathione? I have been taking Lipo Vit C every time I get infections, and it has helped me heal.",[deleted],covidlonghaulers,1,2020-08-08T21:42:18,t1_g0tjs6d,comment,reddit,pushshift
g0tvcrs,i60qni,"I've taken it in the past way before I had this sickness/problem. I should be on it all the time honestly but its kinda pricey at like $50 a bottle. Luckily I got it on sale this go round with free shipping. I haven't started taking it yet.

Mostly it helped me with energy and memory but it has a tendency to reach a high point and level out.",grazinginthegrass,covidlonghaulers,2,2020-08-08T21:45:02,t1_g0tv1rq,comment,reddit,pushshift
g0txwgw,i5j23z,"Thanks for your advice, please don't lose hope. I been resting for 5 months and I think that I'm slowly getting better, not that I'm gonna do exercise anytime soon but by adding activities I meant walking and daily stuff, that this past month have been somehow managable. From zero to baby steps. Good luck 🤞",hnanana,covidlonghaulers,3,2020-08-08T22:07:54,t1_g0tmk26,comment,reddit,pushshift
g0u3rvc,i625xb,"Ive had random smells like a cigarette butt was burning. My dad will look at me like im crazy when i start looking for it. Been coming and going over past 5 months.

Ive also been getting a strange metallic taste here and there. Almost tastes like blood",Straight_Carpet,covidlonghaulers,1,2020-08-08T23:01:08,t3_i625xb,comment,reddit,pushshift
g0u41fn,i5j23z,You’re welcome! Good luck to you too!,JustMeRC,covidlonghaulers,2,2020-08-08T23:03:38,t1_g0txwgw,comment,reddit,pushshift
g0u6phm,i66b96,Im 5 months in and i still get cold/numb feet and hands now and then,Straight_Carpet,covidlonghaulers,4,2020-08-08T23:28:30,t3_i66b96,comment,reddit,pushshift
g0u7mwo,i2qiwi,"Update: Took about 5 days but most of the head pressure is gone. I did neck massaging and it helped a lot. I also took a vitamin B supplement and drank green tea. I believe the neck massaging was part of the trick. The head pressure would go away if I walked outside, and also it would lessen if I massaged my neck muscles. I guess all that laying down caused havoc as well.
I really want to wish all of you a strong recovery. Keep your faith up that you will recover.",070119,covidlonghaulers,2,2020-08-08T23:37:13,t3_i2qiwi,comment,reddit,pushshift
g0udrf1,i66b96,Wow!   Wonder what on earth causes that....🤷🏻‍♀️,Diane_homebound,covidlonghaulers,3,2020-08-09T00:35:18,t1_g0u6phm,comment,reddit,pushshift
g0uexy2,i66b96,[deleted],[deleted],covidlonghaulers,1,2020-08-09T00:45:39,t3_i66b96,comment,reddit,pushshift
g0uezyj,i66b96,"I wonder if its a blood circulation issue. I've been having heart palpitations past few months that have been the most annoying symptom throughout this whole thing for me. Ive tried goibg to 3 different hospitals for 11, yes 11, ER visits over past 5 months. They dismiss it and keep saying its just anxiety. I think theyre full of shit",Straight_Carpet,covidlonghaulers,3,2020-08-09T00:46:09,t1_g0udrf1,comment,reddit,pushshift
g0uf8hp,i66b96,Tonight she came and said now she’s got a burning sensation in the same hand that was cold hours ago.,Diane_homebound,covidlonghaulers,3,2020-08-09T00:48:16,t1_g0uezyj,comment,reddit,pushshift
g0ufrnc,i66b96,Raynaud’s syndrome possibly?,birdy_jenks,covidlonghaulers,1,2020-08-09T00:53:06,t3_i66b96,comment,reddit,pushshift
g0ugh9i,i66b96,🥴,Diane_homebound,covidlonghaulers,1,2020-08-09T00:59:36,t1_g0ufrnc,comment,reddit,pushshift
g0ukltz,i60qni,"You’re not alone in people dealing with really mysterious/stumping symptoms (potentially) from this virus. I feel bad for you and your doctors. I’m sure they want to help and are trying hard for all their patients. It’s all so new and even though we’re getting better at treating and understanding it, it’s not fast enough for those of us with problems right now. I hope you feel better and find peace. My only thought is to be as good as you can to your body while it tries to battle this out, and while the research and evidence grows. Best of luck.",blacka13,covidlonghaulers,2,2020-08-09T01:37:06,t3_i60qni,comment,reddit,pushshift
g0uld4r,i64lhg,I have been doing yoga in bed to prevent clots and I noticed it helped a little with my lungs. I started doing more breathing and I have noticed an improvement in the chest pain.,Odd_Grape,covidlonghaulers,2,2020-08-09T01:44:07,t3_i64lhg,comment,reddit,pushshift
g0ulecq,i60qni,"Thanks friend, it really is just a ""stay healthy as long as possible"" sort of waiting game. My doc has me on a bunch of COVID supplements and vitamins (the usual that I also see frequently posted on reddit from other people) but nothing really seems to touch it. The beast comes and goes whenever it wants and doesn't give a crap. I've been laying in bed a lot. I think I am going to have to take FLMA which is a mistake on its own to my now disappeared savings and beginning career, but shit, I dont want to die. I have too much I want to do. So I just lay in bed almost every day and play minecraft and watch funny things to take my mind off of it. I think everyone needs to do that",grazinginthegrass,covidlonghaulers,1,2020-08-09T01:44:27,t1_g0ukltz,comment,reddit,pushshift
g0umv7a,i3uxzn,"Lungs especially take awhile because you can’t rest them. 

Patrick Mckeown has a helpful video out on relaxed breathing and acclimating to air hunger. 
He takes you through some guided exercises. I was lying down the first time through and fell asleep. YMMD. Take care.

https://m.youtube.com/watch?v=AiwrtgWQeDc",chesoroche,covidlonghaulers,2,2020-08-09T01:58:07,t1_g0tohhk,comment,reddit,pushshift
g0un7jt,i65985,Sounds like dyspnea..i get the same thing when nervous and yawn like crazy its like im hungry for air sounds exactly like anxiety that i deal with,Lipsk33t96,covidlonghaulers,1,2020-08-09T02:01:12,t3_i65985,comment,reddit,pushshift
g0uo07i,hzkeu9,Hey...can you please give some more details on your health/recovery?  Did you have a positive ANA?  Elevated SED rate or CPR?  Where was your joint/muscle pain?  Is that all gone now too?,Diane_homebound,covidlonghaulers,1,2020-08-09T02:08:40,t1_fzlegbx,comment,reddit,pushshift
g0uottk,i46i7b,[deleted],[deleted],covidlonghaulers,2,2020-08-09T02:17:07,t3_i46i7b,comment,reddit,pushshift
g0upm8d,i3uxzn,"Thank you, I will def do this tonight or tomorrow AM.",grazinginthegrass,covidlonghaulers,1,2020-08-09T02:25:14,t1_g0umv7a,comment,reddit,pushshift
g0upybh,i5j23z,Good luck to you. I felt I might never go back to my normal and luckily I finally did. Hope that happens to you. I got sick on 3/11 and started baby steps getting better.,raddyrac,covidlonghaulers,2,2020-08-09T02:28:41,t1_g0txwgw,comment,reddit,pushshift
g0uq5bf,i46i7b,"I feel the weight loss is stable now since starting a low inflammation diet, no more fevers. But too soon to tell yet",electrowiz64,covidlonghaulers,2,2020-08-09T02:30:43,t1_g0uottk,comment,reddit,pushshift
g0ut1pw,i6b908,"My hair has definitely been falling out more. It’s about a handful worth per shower and I’m constantly pulling loose hairs out, its not unusual for me to shed a lot, but it’s definitely more than what’s normal for me.
But not to the extent that you’re experiencing. I’m sorry 😔.


https://www.wbtv.com/2020/08/07/covid-could-cause-your-hair-fall-out/",idontcare78,covidlonghaulers,9,2020-08-09T03:00:22,t3_i6b908,comment,reddit,pushshift
g0uut5b,i6b908,"That is how it was for me last week and it has been snowballing. Keep an eye out for patches, I feel like if I had noticed sooner I may have been able to save my hairline.",Odd_Grape,covidlonghaulers,2,2020-08-09T03:18:39,t1_g0ut1pw,comment,reddit,pushshift
g0uvh1q,i6b908,"As if there’s not enough to worry about already... will keep a closer watch. 
Hasn’t it been enough yet?!!",idontcare78,covidlonghaulers,2,2020-08-09T03:25:31,t1_g0uut5b,comment,reddit,pushshift
g0uxzns,i5uojq,"Mine happened 3 times over 2 months. With weeks apart, not quite as extreme, but I also don’t think I even fully regained it in between those periods. It’s only recently I noticed food doesn’t taste slightly off anymore.",idontcare78,covidlonghaulers,1,2020-08-09T03:52:23,t3_i5uojq,comment,reddit,pushshift
g0uysdw,i5uojq,"You might find this article interesting: https://theconversation.com/does-coronavirus-linger-in-the-body-what-we-know-about-how-viruses-in-general-hang-on-in-the-brain-and-testicles-142878

I think it’s possible that if the virus gets into the immune privileged sites, like eyes and the brain, it’s harder to get ride of from the body. My case was very neurological and my eyes were infected for over 2 months, I still wake up and have to clean my eyes, but they’ve improved a lot. 
I currently now have a more nasty cough then the first cough I developed and my chest often feel constricted with SOB I didn’t have before. So basically after 3 months I developed new symptoms after thinking I was recovering.",idontcare78,covidlonghaulers,1,2020-08-09T04:01:11,t1_g0rsqnp,comment,reddit,pushshift
g0uzflg,i5uojq,Same.,idontcare78,covidlonghaulers,1,2020-08-09T04:08:30,t1_g0sic8g,comment,reddit,pushshift
g0uzkbb,i625xb,"I didn't lose my sense of smell, but during worst of infection I smelled cigarette smoke as well.  Happened maybe a dozen times.  Just a whiff and then gone.  I had a moderate to  severe case requiring 30 days of oxygen concentrator.",CO_OK65,covidlonghaulers,1,2020-08-09T04:09:58,t3_i625xb,comment,reddit,pushshift
g0v1fcv,i5xarc,"I'm gonna get tested tomorrow morning. Yeah, relapse is definitely possible here. Just seems weird to have the sinus symptoms with a relapse.

Also on the diet front, I cook everything I eat from scratch with a bit of processed food mixed in (bread, cheese, crackers, chips, etc).",havocheavy,covidlonghaulers,1,2020-08-09T04:32:12,t1_g0slvme,comment,reddit,pushshift
g0v29jj,i5jf9x,"Some people can get sick multiple times, even after feeling better. Being more exposed to the virus is unlikely to help that situation (and more than likely hurt it). I'm sorry you're in that situation. You choosing to isolate is kind of where I'm at too, but luckily I live alone. 

I wish there were something I could do to help make it clear that for some of us, this pandemic may only end after the virus stops transmitting widely.",havocheavy,covidlonghaulers,1,2020-08-09T04:42:17,t3_i5jf9x,comment,reddit,pushshift
g0v2k3o,i64lhg,Thanks for sharing. I have been doing the breathing exercises too and will continue them.,Loud_Avocado501,covidlonghaulers,1,2020-08-09T04:45:54,t3_i64lhg,comment,reddit,pushshift
g0v2su0,i66b96,"Have had numbness in my hands for months. Not constant, came on slow and became more frequent. It's been one of many weird issues I've been experiencing. My doctor referred me to a neurologist.",highwayknees,covidlonghaulers,2,2020-08-09T04:48:52,t3_i66b96,comment,reddit,pushshift
g0v2zpv,i6b908,"So idk about hair loss as a part of covid but hair loss IS common with hypothyroidism. Cortisol, which often rises a ton with viruses like covid (just got mine checked and it’s 2x the upper limit of normal), can block the thyroid from working properly.",andipandey,covidlonghaulers,1,2020-08-09T04:51:10,t3_i6b908,comment,reddit,pushshift
g0v6wpz,i6b908,"Veteran Hairdresser here.
Stress will definitely cause changes in hair, nails, skin etc. Namely hair loss.  Some things to try as soon as possible is to:

Lower stress levels. (Riiiight lady lol. But seriously, stress also reduces the bodies ability to fight infection.  Try to find some zen, some meditation, easy gentle exercise etc. It’s free. It will help with every aspect of physical and mental health so it doesn’t hurt to try)

Increase B Vitamins. Supplement Biotin. (Google for more info)

Try a hair product called Nioxin. I’ve had my husband using it for 25 years and definitely see results in maintaining his hairline. It’s  shampoo and conditioner, available at salons or hair care specialty stores. Buy the large bottle, use VERY little, like a pea size for normal amount of hair. And your bottle will last a year or more. 

Of the three suggestions the stress one is the most important issue to try to corral. Once you get a handle on any anxiety and or stress the body can focus on other issues like healing. 

Hope this helps...no I KNOW it will help! :)

*There is also Rogaine but it’s a last resort, very expensive product. More chemicals. (Used to be prescription years ago. Not sure now)",FairyLakeGemstones,covidlonghaulers,2,2020-08-09T05:41:55,t3_i6b908,comment,reddit,pushshift
g0v7akm,i6b908,Honestly I have lost enough that it will take months to grow back in a best case scenario. As of today I have a pretty big patch in the front that is just scalp. I am going to shave it and do scalp treatments for new growth. Having it fall out in clumps is a huge bummer and I am still too weak to do anything major to try and save what's left.,Odd_Grape,covidlonghaulers,2,2020-08-09T05:47:07,t1_g0v6wpz,comment,reddit,pushshift
g0v8ty9,i6b908,"Remember too, it grows on average 1/2 an inch per month. Once the follicle stops functioning then you have permanent hair loss. 

Shaving will mask the issue and make for less mess and maybe less emotion stress of seeing it fall out. 

But to do some deep maintenance try the three suggestions. 
Not sure what “scalp treatments” you are referring to but there are a LOT of snake oils out there as it it a multi bajillion dollar industry. Please be careful. (I have nothing to gain from my suggestions. I was a top big city stylist, not some shlock in a home salon with a kitchen sink and paper shears lol) 
We used to do scalp massage to increase blood flow. No proof that had any effect.",FairyLakeGemstones,covidlonghaulers,3,2020-08-09T06:08:28,t1_g0v7akm,comment,reddit,pushshift
g0v9dbz,i6b908,also been losing hair :(,amykamala,covidlonghaulers,2,2020-08-09T06:16:04,t3_i6b908,comment,reddit,pushshift
g0v9i4x,i6b908,I'm sorry! It is not fun.,Odd_Grape,covidlonghaulers,2,2020-08-09T06:17:57,t1_g0v9dbz,comment,reddit,pushshift
g0vc60e,i625xb,"I get this all the time. I don’t have covid AFAIK. Also I have been getting this since long before Covid.

I smoke 2-3 cigs a day. I am really ashamed of this habit. I thought for me getting the smell was psychological. Seems there’s a neurological basis for this?",sagnikpsu,covidlonghaulers,1,2020-08-09T06:56:55,t3_i625xb,comment,reddit,pushshift
g0vrldf,i64lhg,"I have been thinking about doing something like this, thanks for sharing!",mavismills,covidlonghaulers,1,2020-08-09T11:16:05,t3_i64lhg,comment,reddit,pushshift
g0vtbx8,i6hu90,"I also don't have confirmation but my symptoms don't lie. Tests are not fault proof, we barely knew how to detect the virus in March...

I had symptoms that matched other tested people's experiences. How could I know about the heart palpitations, the weird waves, the ups and downs of the days, and the months of issues before it was well known?

I decided that I wouldn't spend more time trying to convince others that I did have it because I know I did. I can't think of anything else that has such similar symptoms. If no one can tell me what it is, then they can't tell me it wasn't covid with tests as faulty as the ones we had. There's also questions about how long we have antibodies for...so yeah.

What a mess. I'm sorry I can't offer you more.",Schmetterling190,covidlonghaulers,14,2020-08-09T11:43:52,t3_i6hu90,comment,reddit,pushshift
g0vtl3l,i6hu90,"Yes. 100% the exact same story here. Being gaslit with anxiety diagnoses by the entire medical community is so frustrating. 

I got sick back in March and I had 5 trips to the ER throughout March and April. I still feel terrible at times today. 

My advice is to start immediately getting into a sleep study. You should easily be able to get an at-home sleep study and eventually a CPAP. This has helped me tons at night. Beyond that, I’ve all but given up hope on the medical community. 

Supplements that I’ve found help:

- recurring pneumonia symptoms: Echinacea taken regularly throughout the day when symptoms flare up
- fatigue: B1 (Theanine) 500mg 3x daily
- short breath: NAC 500mg 3x daily",MayorEricBlazecetti,covidlonghaulers,10,2020-08-09T11:47:46,t3_i6hu90,comment,reddit,pushshift
g0vu1yy,i6hu90,"This is the exact situation I am in currently and it feels a bit defeating. Multiple negative tests, clear x-rays, EKG was normal but I’m going on 3 weeks of symptoms that now seem to ebb and flow but were constant the first 10 days. Initially I dealt with debilitating headaches and nausea which no med could touch (even prescription anti-nausea meds), fatigue, lightheaded, aches/pains, stomach ache, pressure in my chest, by day 4 I started to develop nerve/joint pain throughout my body. Now I seem to get a few days of terrible headaches/nerve pain and then it fades. At first I thought it was just my body trying to shed the virus but now it just keeps coming back in full force. 

Can you get an antibody blood test done? That’s next for me (per my doctor) but she wants me to wait a bit to see I can get back to 100% first so we can aim for the best accuracy.",HereForThePantsParty,covidlonghaulers,8,2020-08-09T11:54:52,t3_i6hu90,comment,reddit,pushshift
g0vucsd,i6hu90,Thanks so much for the supplement suggestions!!!!,Acceptable-Handle385,covidlonghaulers,3,2020-08-09T11:59:19,t1_g0vtl3l,comment,reddit,pushshift
g0vuw2o,i5jf9x,"I'm with you.  It's a really sad situation but until 6 months to a year, not sure I can be around anybody. Pretty grim prospects but it is what it is.",[deleted],covidlonghaulers,1,2020-08-09T12:07:15,t1_g0v29jj,comment,reddit,pushshift
g0vxij8,i66b96,Thx...please keep us posted,Diane_homebound,covidlonghaulers,2,2020-08-09T12:42:37,t1_g0v2su0,comment,reddit,pushshift
g0vyic9,i64lhg,Also NAC may have and or coq10 may have helped my breathing.,raddyrac,covidlonghaulers,1,2020-08-09T12:53:53,t3_i64lhg,comment,reddit,pushshift
g0vzc11,i64lhg,[deleted],[deleted],covidlonghaulers,1,2020-08-09T13:02:55,t3_i64lhg,comment,reddit,pushshift
g0vzs3e,i65985,I have never had anxiety. Although I suppose that could be induced by the stat of the world.,ahairlesselk,covidlonghaulers,1,2020-08-09T13:07:47,t1_g0un7jt,comment,reddit,pushshift
g0w0ro5,i6b908,Ours all stopped 3 months after onset of hair loss....,Diane_homebound,covidlonghaulers,2,2020-08-09T13:18:32,t3_i6b908,comment,reddit,pushshift
g0w2g4g,i64lhg,How long is the oxygen level supposed to be lowered from this exercise? Managed to get myself down to 51 and then it took about 10 minutes to recovery full up to 95 again. Never been so low ever. Is this really healthy and normal?,zegezege,covidlonghaulers,1,2020-08-09T13:36:31,t3_i64lhg,comment,reddit,pushshift
g0w3hj2,i6hu90,Is your fatigue due to increased heart rate? Wondering if B1 helps you with that,Quittercricket,covidlonghaulers,3,2020-08-09T13:47:18,t1_g0vtl3l,comment,reddit,pushshift
g0w4n4v,i6hu90,I am in the same position. Two negative tests along with over a month of severe symptoms. I still feel crazy most days but seeing all of the other people in  similar circumstances really helps.,Odd_Grape,covidlonghaulers,3,2020-08-09T13:59:35,t3_i6hu90,comment,reddit,pushshift
g0w4xnh,i6hu90,"yes to all of this. yes. i changed docs bc she refused to listen/believe? my symptoms. new doc sent me to a neurologist. could be systemic she said. getting brain and lumbar spine fMRIs... and I’m glad because that’s the way they would find blood clots in my brain if there are any. Ive somehow got to talk doc into a chest x-ray to see if there are clots there. That’s the biggest worry, I think. I’m so grateful to have found this subreddit. i dont have a positive test either, got ill end of jan. no one had a clue. ppl dont wanna accept their friends/fam/co-workers have long-term illness. so-they choose to believe we’re making it up. welp, soon enough they’ll be found wrong. this is real. and you know when it was cov19 bc youve never been sick like that, w all these symptoms, or for so long. hang on. melt into the passage of time and wellness will return.",jksb27,covidlonghaulers,3,2020-08-09T14:02:36,t3_i6hu90,comment,reddit,pushshift
g0w5ahp,i6hu90,"yes yes yes. i thought i was dying. all labs were fine though. but they didnt test for covid bc it was too early to even think of it- end of jan. still hv debilitating symptoms. learning to break the time up, to know that this is my life for the time-being and i expect eventually i will be better. i know i had it, no longer desire any affirmation frm medical anyones.",jksb27,covidlonghaulers,5,2020-08-09T14:06:22,t1_g0vtbx8,comment,reddit,pushshift
g0w5opg,i6hu90,"yes when PCP couldn’t help I contacted old therapist. I felt like I was being electrocuted sometimes, the electricity was so bad. she said oh youre having one long panic attack. here, have prozac. well, she tried lexapro but my body said nope to that. and gabapentin for nerve pain. it aint anxiety. i mean, sure, theres anxiety, bc i’ve been sick for almost 8 gd months and we’re in a pandemic w no signs of slowing, but these symptoms are real. medical ppl cannot help. and they seem dismissive. it’s hard.",jksb27,covidlonghaulers,3,2020-08-09T14:10:32,t1_g0vtl3l,comment,reddit,pushshift
g0wax9z,i64lhg,"I don't know, but if it worries you, I wouldn't keep at it. There's a lot of videos where Wim Hof explains the science behind it. When you breathe out before holding your breath, you should still have air in your lungs. You shouldn't expell all the air out.",oldegypt,covidlonghaulers,1,2020-08-09T15:03:03,t1_g0w2g4g,comment,reddit,pushshift
g0wbdd6,i66b96,"I have reynauds and am a long hauler. These symptoms are not indicative of reynauds in my opinion. 

Covid and reynauds do interact especially with Covid toes and the inflammation associated with it.

I get this inflammation whenever I get out of the shower.",havocheavy,covidlonghaulers,4,2020-08-09T15:07:25,t1_g0ufrnc,comment,reddit,pushshift
g0wje3d,i4t6lh,I tested positive in April and I’m so glad to read that. I felt dirty and that I would infect someone somehow,uglyraed,covidlonghaulers,2,2020-08-09T16:21:53,t1_g0krhe6,comment,reddit,pushshift
g0wo2g7,i6lna2,"I tried donating blood 2 weeks ago and it clotted before they could get a full unit.

Early in my first illness period I also had weird soreness in my legs that would only last for a few hours. Likely was clotting.

I think getting a good pair of compression socks is probably worth it if you think you might be having long haul symptoms. They really help if you're spending a lot of time resting.",havocheavy,covidlonghaulers,3,2020-08-09T17:03:13,t3_i6lna2,comment,reddit,pushshift
g0wosi4,i6hu90,This exactly.,idontcare78,covidlonghaulers,4,2020-08-09T17:09:36,t1_g0vtbx8,comment,reddit,pushshift
g0wpuv0,i6hu90,"You are at home here. We have all either been there or have seen this play out more times than I can count.  You aren’t crazy, this is what’s happening to so many people. Have read Alyssa Milano‘s story? It sounds exactly like yours.

https://www.cnn.com/2020/08/06/entertainment/alyssa-milano-covid-antibodies/index.html

I like to share this one because it’s getting the word out. 

I tested negative, but was only tested once. I initially was dismissed somewhat by urgent care doctors, even though I lost my taste and smell. 
My symptoms progressed and 3 months later I’m still having symptoms. My doctor is treating me now as presumed case and was that incredibly validating.",idontcare78,covidlonghaulers,5,2020-08-09T17:19:06,t3_i6hu90,comment,reddit,pushshift
g0wqgys,i6lna2,I have some tingling and pain in my knee and calves Soo makes me a little worried. I did have a d dimer test last week that was fine and I been taking something to think my blood but got me nervous,kkangel2473,covidlonghaulers,2,2020-08-09T17:24:30,t3_i6lna2,comment,reddit,pushshift
g0wr3pt,i6hu90,"I had the sob breath and it was terrible. Now I have this cough that doesn't go away. I got the covid test that was negative , but i think I waited too long to get tested. I had bloodwork and my antibody came back positive.",EM020925,covidlonghaulers,4,2020-08-09T17:30:02,t3_i6hu90,comment,reddit,pushshift
g0ws886,i6b908,"I have hypothyroidism and i thought it was due to that, but apparently that is not what is causing my hair loss . Most likely it is due to having covid. I have a ton of hair and my hair is falling out in the shower. When I brush after my hair falls out and my brush is full of hair. If I run my hands through my hair too. It is more than I have ever lost before. I have never lost handfuls of hair everyday like this.",EM020925,covidlonghaulers,2,2020-08-09T17:39:41,t3_i6b908,comment,reddit,pushshift
g0wsdxy,i6lna2,"You know. My daughter had to give blood for tests, she needs regular testing for being on methotrexate. The first attempt clotted. That has never happened before. I asked the nurse, about it, I said I suspect she had Covid from me bu the nurse said clotting isn’t usual. So I dunno, what to think, but it bugged me. 
During one of her waves of being sick, she complained about leg pain for 3 days.

Obviously this is all conjecture.",idontcare78,covidlonghaulers,3,2020-08-09T17:41:04,t1_g0wo2g7,comment,reddit,pushshift
g0wvq2q,i6hu90,"Same. Same same same. My test was negative, my family's test was negative, but I have nevr felt like I was being internally irradiated at a 99 degree fever before and that was what I felt for a month. March for me, still enduring symptoms.

This may sound like bullshit but I have been taking supplements for another virus I am fighting, Epstein-Barr, and I included fish oil, turmeric curcumin, and CoQ10 recently. Since I did that my heart is a fuckton less variable. I am very curious to see if I can ascertain if that was a direct result if taking those supplements (mainly to reduce inflammation and help my body avoid working so hard) or if it was something else that caused it.

You are NOT crazy, you are NOT a hypochondriac. Your symptoms are real. Time will prove you right, and be kind to yourself in the interim when others insist you are wrong. You're not.",cluckosaurus,covidlonghaulers,4,2020-08-09T18:09:38,t3_i6hu90,comment,reddit,pushshift
g0wvxtu,i6hu90,"I will chime in my fatigue is still pretty severe and my heart rate is getting more normal all the time. It seems to be something else for me, not sure about for others.",cluckosaurus,covidlonghaulers,4,2020-08-09T18:11:28,t1_g0w3hj2,comment,reddit,pushshift
g0wwapu,i6lna2,I am so worried right now. I am going into the hospital to get a d dimer. I had one last week and I take nattokinase for blood clots but still so nervous,kkangel2473,covidlonghaulers,1,2020-08-09T18:14:31,t1_g0wsdxy,comment,reddit,pushshift
g0wwq3y,i6hu90,"I want to scream after people being so dismissive about all of this stuff. 8 months, it *is* possible you got COVID-19 at the start of this because they think it began in what, November, December?

You're almost certainly NOT having a long panic attack, and it would be nice if they'd stop dismissing symptoms and diagnosing you with something else right off the bat. For example, my headaches were actually migraines were actually caused by sinus infections plus nerve pain caused by Epstein-Barr Virus and now, I'm learning, possibly also a cerebrospinal fluid leak. If I'd stopped and just believed the first diagnosis I would have never gotten in with a neuro and could have never followed the rabbit trail that led me to where I am now where at least I have an effective migraine medication and have gotten treatment for Epstein-Barr, and am getting diagnostics for the rest.

But damn did I have to push to find out more. And that's even with care providers I like and trust who listen to me. Self-advocation is an art form that we are not taught, but need to know in order to survive.",cluckosaurus,covidlonghaulers,1,2020-08-09T18:18:10,t1_g0w5opg,comment,reddit,pushshift
g0wxjrp,i6lna2,I had some pain and tightness in my right leg that lasted for only a day. I was really worried it was a clot. Is there a way to prevent them without a prescription medication?,deftones34,covidlonghaulers,2,2020-08-09T18:25:10,t3_i6lna2,comment,reddit,pushshift
g0wy0db,i6hu90,Thanks for this! So you really do notice a difference with NAC? I started taking 1200mg about a week ago now so I don't know if that is enough time for it to be working yet or not.,deftones34,covidlonghaulers,1,2020-08-09T18:29:05,t1_g0vtl3l,comment,reddit,pushshift
g0wy3ld,i6hu90,"i’m so sorry for the difficulty. It’s so hard when you’re sick to be an advocate and keep trying to learn what you need to learn. I don’t know what I don’t know. It helps so much to hear from other people who have experienced similar things. Our medical system is fucked up. Everything is set up to give incomplete care. for example, everything is on a computer, so, all of our symptoms should be there, all of our issues, all of our meds - -everything. But is it? Who knows what notes the doctor takes and what notes are inputted. how often does a specialist/anyone read it? How often can we even get referred to a specialist? how often does the PCP even know what lab work to ask for? And how are we supposed to know if the doctor doesnt know? people have been monetized. Our very bodies are monetized...Damn we live under a lot of oppression.",jksb27,covidlonghaulers,3,2020-08-09T18:29:51,t1_g0wwq3y,comment,reddit,pushshift
g0wy6u2,i6hu90,How much CoQ10 do you take?,deftones34,covidlonghaulers,2,2020-08-09T18:30:37,t1_g0wvq2q,comment,reddit,pushshift
g0wyou1,i6lna2,The nurse is clueless. Clotting with covid happens a lot. They’ve added anticlotting protocol to many hospitals.,raddyrac,covidlonghaulers,5,2020-08-09T18:34:58,t1_g0wsdxy,comment,reddit,pushshift
g0wytrx,i6lna2,"To be fair to her, this is the chemo ward.",idontcare78,covidlonghaulers,2,2020-08-09T18:36:08,t1_g0wyou1,comment,reddit,pushshift
g0wzbdm,i5j8mg,"Same to you! I was making a kind-of joke about the COVID-19 parties btw, as you seem like the kind of thoughtful individual who would not do this. But I just can't believe there are.

May we both recover quickly and fully, and may the world do the same.",cluckosaurus,covidlonghaulers,1,2020-08-09T18:40:19,t1_g0skik9,comment,reddit,pushshift
g0x0lbo,i6hu90,"We really do, and there are so many health providers and researchers out there who care SO much about their patients and subjects and causes, but equally as many opposing forces that make their jobs harder, more complicated. 

I think I read that in Britain they have something called a healthcare liaison? Like a specialist who isn't a doctor or nurse but also knows a lot and is connected with the Healthcare system, who can act as an intermediary or advocate with patients and practitioners. This would be an ideal bridge between us unwell folks and those trying to treat us because right now it's like we're all speaking a different language, and a language that was written by insurance companies.

My most wonderful doctors still need to have me try X, Y, Z things before I can get to the actual treatment that will help me because they *have* to because insurance says so. I get the concept, but sometimes, the time between knowing what I need and getting what I need is months and months just because of bureaucracy. This will have to change in the post-COVID world.

Thank you so much for your kind words!",cluckosaurus,covidlonghaulers,2,2020-08-09T18:50:56,t1_g0wy3ld,comment,reddit,pushshift
g0x0uqz,i6hu90,"I got a giant Costco pack, just checked the bottle and it's 300mg softgels.",cluckosaurus,covidlonghaulers,1,2020-08-09T18:53:03,t1_g0wy6u2,comment,reddit,pushshift
g0x2bnp,i6hu90,"yes! a liason. I just came back here to say that. We need to be instantly connected to docs who are on TeleMed lines, who have access to our charts, who can then guide us to the right care providers. a PCP cant cover all the bases. My sister works about 12-15 hours a week taking care of my 86-year-old appts/docs/mother’s medical stuff. It’s a huge job. we all need an advocate. ...but how long will it take? i have hope the next administration will get us on track.",jksb27,covidlonghaulers,2,2020-08-09T19:05:30,t1_g0x0lbo,comment,reddit,pushshift
g0x2iqq,i6hu90,"Oh man, my heart rate previously hung between 60-80, not as good as it could be but I struggle with anxiety so meh.

I started getting sick about a year ago with Epstein-Barr Virus and I noticed my heart rate started going up, well before I knew I was getting an EBV (mononucleosis) reactivation. It hung around 90 after that.

Post-COVID? There were weeks where my resting heartrate would be around 115 much of the day. Any exertion, like walking, would send it up to 140+. Not fun.

I had an EKG two years ago and I had a normal pattern. Same with a sleep study I had in February. I was battling both EBV and COVID-19 at the same time starting late March which undoubtedly made everything worse.

I get flutters, palpitations, skipped beats, feeling of heart working hard when I eat certain things, lay certain ways... the last week with CoQ10, fish oil, and turmeric curcumin (as well as the 4-month antiviral regimen I have been on for EBV) *seems* to be helping? It just seems like my heart is more regular. That's the only thing I have changed the last 2 weeks and that's the only symptom that has improved. Could be chance or it could be a reduction in inflammation.

Heartrate at rest now ranges from 80-100 on good days, higher on bad days. No real predictor yet clear on what triggers what.",cluckosaurus,covidlonghaulers,1,2020-08-09T19:07:13,t1_g0wzkdf,comment,reddit,pushshift
g0x34iw,i6olen,"Urinary issues, menstrual issues especially exacerbation of symptoms, and crying all are commonly reported symptoms on the covid subs so its not that far fetched. People have reported best luck with neurologists especially those familiar with immune issues. Steroids and NAC supplementation seem to be the only proven things to relieve symptoms.",EmpathyFabrication,covidlonghaulers,7,2020-08-09T19:12:29,t3_i6olen,comment,reddit,pushshift
g0x3gef,i6hu90,"ME TOO. Oh my god, me too.

I am changing my whole life right now because of my symptoms causing me to be unable to work in an office environment. 

I would totally consider being a liaison. That's precisely it, to have all the access to a patient that a doctor does but to be on that patient's side, and not hired by the hospital, but able to have a good relationship with the hospital and healthcare providers by being the messenger. Undoubtedly a thankless job sometimes but an essential one. I had to learn how to be my own and it seriously was, at times, an existential crisis. You have to learn to believe in yourself when literally no one else does, and push through until, fingers crossed, you get a diagnosis or can for sure rule out all other possibilities.

I do some of the same for my mom that your sister does for your mom, bless her. Social workers are taxed enough as it is, we just need more helpers all over the place to help us navigate this world. Fuck factory jobs, hire more helpers. The cost savings alone in reduced medical malpractice fines or unpaid bills because a patient is too sick to work or dead and the increased productivity would probably offset the costs, if not create profit within a number of years. It's time to shake things up.",cluckosaurus,covidlonghaulers,1,2020-08-09T19:15:22,t1_g0x2bnp,comment,reddit,pushshift
g0x4ply,i6lna2,"They are focusing on platelet aggregation afaik. 81mg a day aspirin reduces the number of platelets. So does nattokinase. Nattokinase does some other useful things like cut up fibrins. There are many herbs and spices that thin or thicken blood but I’m not familiar with the mechanism of all of them. 

Additionally there are other factors that cause clotting. The insides of your veins get roughed up and inflammed by covid and that disrupts smooth blood flow. There’s a stickiness factor that contributes (Von Willebrand), velco-like antigens on your red blood cells (except type O), and neutrophil extracellular trap (NET) formation. 

You can also look at lifestyle factors. Lounging around eating watermelon (citrulline) relaxes the blood vessels. Repetitively slamming 200 lbs onto the heel of your foot is going to cause bleeding. And clotting.",chesoroche,covidlonghaulers,4,2020-08-09T19:26:19,t1_g0wxjrp,comment,reddit,pushshift
g0x5pzh,i65985,"That’s a lot of yawning. It may or may not be related to low oxygen, tiredness or boredom. Maybe this article will spark an idea that sounds applicable. One possibility it proposes is regulating brain temperature.

https://www.healthline.com/health/why-do-we-yawn#stop-yawning",chesoroche,covidlonghaulers,1,2020-08-09T19:35:02,t3_i65985,comment,reddit,pushshift
g0x6fv1,i6olen,Thank you so much for your response and information. It definitely helps to know I’m not alone or crazy for having these symptoms.,difficultdecisions2,covidlonghaulers,1,2020-08-09T19:41:19,t1_g0x34iw,comment,reddit,pushshift
g0x6yz7,i65985,"You might be overbreathing on a regular basis and this could cause low CO2 and low CO2 could signal your brain that you need more O2 so you yawn but it’s counterproductive. 

Patrick McKeown says:

“Recognize signs that suggest breathing needs to be corrected such as fatigue, snoring, asthma, regular sighs or sniffing or yawning, heavy breathing at rest or during physical exercise.”

He has a lot of videos. I liked this one because it has a guided breathing exercise embedded in it that you can do while you’re lounging about: 

https://m.youtube.com/watch?v=AiwrtgWQeDc",chesoroche,covidlonghaulers,1,2020-08-09T19:45:59,t3_i65985,comment,reddit,pushshift
g0xchcb,i64lhg,I’ve found doing lots of small things like this + cold showers does help get rid of that toxic feeling,kolad3,covidlonghaulers,2,2020-08-09T20:33:55,t3_i64lhg,comment,reddit,pushshift
g0xemc1,i6ncyl,[deleted],[deleted],covidlonghaulers,1,2020-08-09T20:52:27,t3_i6ncyl,comment,reddit,pushshift
g0xih46,i6olen,"I think it’s the cascade of issues I was reporting and how long I’ve been experiencing them. I have no history of health issues, they never see me for colds or any other illness. 

The 3 day holter monitor test I did, showed I was having tachycardia and bradycardia. I tracked every moment of palpitations I experienced and stated what I was doing. Most of the time it was while I was doing nothing. So they were able to see that. They found no functioning problem, but they said my heart is receiving the wrong signals from the brain. 
We’re doing two Ultrasounds this month a pelvic and heart. 
And yes, I have had irregular periods too. Very unusual ones.
My ob/gyn didn’t even question that I had Covid once I told her everything. 
She thinks my body just got over stressed from being sick. 
My primary basically told me we are still learning and it will take time to figure this all out. 

So yup, all my tests come back normal with the exception of a CBC that showed something happened.


Edit: I will state it was not easy to get to this point initially.",idontcare78,covidlonghaulers,5,2020-08-09T21:26:37,t3_i6olen,comment,reddit,pushshift
g0xj3r9,i0aj4z,[deleted],[deleted],covidlonghaulers,1,2020-08-09T21:32:09,t3_i0aj4z,comment,reddit,pushshift
g0xkxzt,i6hu90,"Since starting it, I definitely noticed that the peaks/valleys of respiratory symptoms are way less severe. They still come up, but they're way more manageable to the point where I feel like I can mostly live my life completely normally.",MayorEricBlazecetti,covidlonghaulers,2,2020-08-09T21:48:18,t1_g0wy0db,comment,reddit,pushshift
g0xqmqs,i6lna2,[deleted],[deleted],covidlonghaulers,1,2020-08-09T22:39:22,t3_i6lna2,comment,reddit,pushshift
g0xtbcv,i4voh3,"Thanks for the message.  its definitely worrying to not get better.  The first thing people try to pin it on is anxiety.  it does have some merit.  When this first dragged on..even after other symptoms improved....it made me very anxious.  It made matters worse.  it took me a while to realize that.  But, the symptom is real.  I'll be watching a funny tv show without a care in the world and become short of breath.  having a talk with my kids and laughing.  reading a book.  what I'm doing doesnt matter.  It comes when it wants...more so than what I experience 24 hours a day...which is minor and manageable.  I can only hope it returns to normal sooner than later.  I would trade this for many ailments instantly.  lol.",Noair99,covidlonghaulers,1,2020-08-09T23:04:02,t1_g0o8xci,comment,reddit,pushshift
g0xv969,i6t6tz,Turmeric helped my GI issues a lot. I had tract and bladder pain for a few days around week 5 but it went away on its own. The uti feeling seems a common complaint.,EmpathyFabrication,covidlonghaulers,2,2020-08-09T23:22:26,t3_i6t6tz,comment,reddit,pushshift
g0xxlch,i625xb,"During my days with symptoms, there were 2 specific days I would smell a strong fire burning.",070119,covidlonghaulers,1,2020-08-09T23:45:03,t3_i625xb,comment,reddit,pushshift
g0xya34,i52ya5,"I had a weird headache for a week or so, what helped me was neck massage. I was in bed for 2 weeks, then came the terrible head pain. I started massaging my neck and noticed the head pain/pressure change. So I kept on it.",070119,covidlonghaulers,1,2020-08-09T23:51:43,t3_i52ya5,comment,reddit,pushshift
g0y04ss,i6mf57,AWESOME!,twosummer,covidlonghaulers,2,2020-08-10T00:09:50,t3_i6mf57,comment,reddit,pushshift
g0y7sda,i6mf57,[deleted],[deleted],covidlonghaulers,1,2020-08-10T01:24:29,t3_i6mf57,comment,reddit,pushshift
g0y9p62,i5uojq,Did you get it back again then? I can’t believe this! Also does this mean we are shedding again?,Pisces_Queen86,covidlonghaulers,1,2020-08-10T01:43:45,t1_g0s05d1,comment,reddit,pushshift
g0yarmj,i6ncyl,"I had covid in April and thought i was out of the woods at the end of May into June. Just recently i began feeling crappy again with the wheezing, full and tightness in my chest. I would say heaviness as well and i agree it is a scary feeling. My wife had it when I did and she got pneumonia real bad and she is still having the same symptoms i am along with a stabbing feeling in her lungs. She had two COVID tests and they both came back negative but the anti body test was positive. Wish it would all just go away!",kerfjs,covidlonghaulers,1,2020-08-10T01:54:37,t3_i6ncyl,comment,reddit,pushshift
g0yb36l,i6olen,Thank you! Hopefully no more relapses for you.,difficultdecisions2,covidlonghaulers,2,2020-08-10T01:57:52,t1_g0xgosv,comment,reddit,pushshift
g0yb9ap,i6olen,Thanks for your response! I’m hopeful that if I keep talking to enough doctors and we rule enough out that we’ll end up back at Covid.  The messages in this group really resonate with me and give me hope.,difficultdecisions2,covidlonghaulers,3,2020-08-10T01:59:36,t1_g0xih46,comment,reddit,pushshift
g0ybfje,i6b908,"Google Telogen Effluvium...it’s caused by stress, severe illness, surgery, sudden weight loss, vitamin deficiencies like low iron, etc.  I believe that this is what is causing most of the post Covid hair loss we are all experiencing.  The good news is it usually reverses on its on!  Hang tight guys!",Diane_homebound,covidlonghaulers,5,2020-08-10T02:01:22,t3_i6b908,comment,reddit,pushshift
g0ycddz,i6b908,Have you tried adding collagen? I think some people really like it for hair,Pisces_Queen86,covidlonghaulers,3,2020-08-10T02:11:07,t3_i6b908,comment,reddit,pushshift
g0ycq7x,i625xb,"Getting metallic taste first, was strong then lost sense of taste and smell again. Starting to really wonder why some of us have it hanging on like this....",Pisces_Queen86,covidlonghaulers,1,2020-08-10T02:14:36,t3_i625xb,comment,reddit,pushshift
g0yepyh,i47hwb,"O-, 5 months in, only getting worse.",highwayknees,covidlonghaulers,1,2020-08-10T02:34:23,t3_i47hwb,comment,reddit,pushshift
g0yiugr,i6ncyl,I have been having this exact same thing! It feels to me like a chip clip is pinching me. I went to the ER this week and had a negative chest CT and EKG. I have no idea what’s causing it. I tested positive for COVID 3 weeks ago.,otterspace13,covidlonghaulers,3,2020-08-10T03:17:39,t3_i6ncyl,comment,reddit,pushshift
g0ymbgf,i60qni,"Uh yeah, then you have Lyme. You need a LLMD, because you probably have a ton of co-infections too.

Did you treat Bartonella?",cryinginthelimousine,covidlonghaulers,2,2020-08-10T03:56:26,t1_g0tjs6d,comment,reddit,pushshift
g0ymvd7,i6ncyl,Sorry to hear....I am worried about pheumonia right now. What did she say her chest felt like?,kkangel2473,covidlonghaulers,1,2020-08-10T04:02:41,t1_g0yarmj,comment,reddit,pushshift
g0ynzbm,i6vvjh,"I’m so sorry about the pregnancy, I hope you are okay.

I believe you aren’t contagious, but this is not completely certain. When people show symptoms again, sometimes they test positive for the virus. Which means it can still be detected, but the findings were suggesting it’s not the active virus, only fragments of it. In such case, it’s probably not contagious. 

That’s what I understood. I’m on the same boat as you and I’m still cautious though. Who knows.",Quittercricket,covidlonghaulers,9,2020-08-10T04:15:31,t3_i6vvjh,comment,reddit,pushshift
g0yo7kz,i60qni,"No, I'm waiting on a DNAConnection's test~ my lyme guy is an LLMD, its been a rough road. I have trouble treating because I am always working full time or over full time. I did manage to get 80-90% on herbals but ever since I got the mysterious illness in May its been a huge struggle.",grazinginthegrass,covidlonghaulers,1,2020-08-10T04:18:12,t1_g0ymbgf,comment,reddit,pushshift
g0yoxxz,i6lna2,"Did you end up going to the ER again? Did you take another d dimer test, and what were your results if you did? I have been having the same issues.",StatusYear,covidlonghaulers,1,2020-08-10T04:26:50,t1_g0wwapu,comment,reddit,pushshift
g0yqkqi,i6ncyl,I have chest pain In my heart area. It just feels like tightening and little sting here and there. I tested positive on may 28th and have had this on and off pain for over 2 months now. I already had 3 negative test and went to ER and said all my vitals are good. I prescribed perdnisone but I am not sure to take it cause it suppresses your immune system. I’m just tired of this and need it to stop!,joey_gazelle,covidlonghaulers,2,2020-08-10T04:46:33,t1_g0ymvd7,comment,reddit,pushshift
g0yqlki,i6ncyl,Me too,joey_gazelle,covidlonghaulers,1,2020-08-10T04:46:50,t1_g0yiugr,comment,reddit,pushshift
g0ytjdp,i6wv0n,I don't feel or look like I'm getting physically stronger but then again I'm not pushing myself too hard with strength training. Have you gotten blood work done where they check your creatinine level?,RemoteEmote,covidlonghaulers,2,2020-08-10T05:24:30,t3_i6wv0n,comment,reddit,pushshift
g0yui7h,i6ncyl,Very heavy feeling in the chest. When she would breath it felt like she couldn’t get enough air. She had a horrible cough to. To the point that when the coughing fits would start i thought she was going to pass out. Standing like pain in the lungs as well.,kerfjs,covidlonghaulers,1,2020-08-10T05:37:29,t3_i6ncyl,comment,reddit,pushshift
g0yw4e3,i4voh3,"I've been there with the anxiety myself. It definitely makes what you have more difficult to deal with. 

My brother no longer has chills. Fever on and off. It's not so much asthma, he says, but his lung capacity is diminished. I'm just glad that he feels well enough to move about. I hope you get better soon.",AHalb,covidlonghaulers,1,2020-08-10T06:00:39,t1_g0xtbcv,comment,reddit,pushshift
g0yx7u4,i6sdx0,"Using epinephrine and albuterol together may increase your heart rate/blood pressure or cause irregular heart rhythm. Both are stimulants. Best to talk to your doctor before you add or switch to epinephrine.  In asthma, albuterol is more effective than inhaled epinephrine. 

Also, epinephrine is basically adrenaline. Some long haulers are experiencing dysautonomia orthostatic hypotension syndrome and tachycardia so epinephrine will make these symptoms worse.  I know epinephrine is OTC and assumed safe, but using it with albuterol plus the complexity of post-COVID symptoms makes it risky. Again, I recommend talking to your doctor.

A lot of people are using inhaled corticosteroids, such as beclomethasone, fluticasone or budesonide, to lower lung inflammation/swelling and getting good relief.  These can be used together with albuterol. Ask your doctor about this option too.",allpsychedout,covidlonghaulers,2,2020-08-10T06:17:05,t3_i6sdx0,comment,reddit,pushshift
g0yzuhg,i6ncyl,The steroid is supposed to halt your immunity for a short time. It gets into a loop like a computer and the steroid is a reset.,chesoroche,covidlonghaulers,1,2020-08-10T06:58:20,t1_g0yqkqi,comment,reddit,pushshift
g0yzy25,i6vvjh,"Was just debating this tonight. 
I have new symptoms after 3 months. Or it’s old symptoms that came back worse. 

Considering the option that I never fully got rid of the virus. But does that make me contagious?
It’s a cough again.",idontcare78,covidlonghaulers,3,2020-08-10T06:59:56,t3_i6vvjh,comment,reddit,pushshift
g0yzzx5,i6ncyl,Could it be pleurisy? That would be the double-walled sac around the lungs pulling apart after sticking together. It might feel like a stitch you suddenly get sometimes with exercise.,chesoroche,covidlonghaulers,3,2020-08-10T07:00:46,t3_i6ncyl,comment,reddit,pushshift
g0z0gfz,i6vvjh,agreed w your summary,twosummer,covidlonghaulers,3,2020-08-10T07:08:05,t1_g0ynzbm,comment,reddit,pushshift
g0z16z2,i5uojq,The second time I got it back after 5 days. The third time was 6 days ago and I am getting it back (I'm not sure it's 100% back yet but probably soon). I don't know if we're shedding again but afaik no long-hauler  on the covid+ sub reported they contaminated anyone this far along (except in one case but it was reinfection).,ObviousBrush,covidlonghaulers,2,2020-08-10T07:20:19,t1_g0y9p62,comment,reddit,pushshift
g0z22cb,i6ncyl,So is it safe you think? I believe it’s for 5 days 40mg per. I don’t know if you are a doctor or not but I’m just getting your opinion on it. That’s all. This is not medical advice,joey_gazelle,covidlonghaulers,1,2020-08-10T07:35:10,t1_g0yzuhg,comment,reddit,pushshift
g0z48y6,i6sdx0,Thanks,[deleted],covidlonghaulers,1,2020-08-10T08:13:41,t1_g0yx7u4,comment,reddit,pushshift
g0z831o,i6lna2,"Hey, no I didn't. Still here worrying about blood clotting though. My knee and calves are hurting and my chest is hurting more",kkangel2473,covidlonghaulers,1,2020-08-10T09:21:06,t1_g0yoxxz,comment,reddit,pushshift
g0znvce,i6wv0n,"I also lost a shitload of muscle during my first 4 months. I started exercising lately and my body is responding. You will recover. 

What helps is that I started following my food cravings and changed my diet. More protein definitely helped. Mainly eggs, small but regular amounts of beef, chicken breasts and fatty fishes. Rotation helped.

Diary is not recommended, mostly cheese caused relapses for me. Milk wasn't as bad, I usually mix with vitamin D cereals but I don't know. 

Also try to exercise a bit, starting with short walks then watch yourself how it goes but don't push yourself.

You need to recreate your body. Your top priority is proper nutrition. Eat and do even minor stuff to build muscle again.",Greg_MS,covidlonghaulers,3,2020-08-10T13:12:58,t3_i6wv0n,comment,reddit,pushshift
g0zq0yn,i6wv0n,"Yes, twice. 3 months ago, and again 3 weeks ago. Creatinine levels are normal. Very slight decrease 3 weeks ago but nothing abnormal.

So far all my labs are normal.",highwayknees,covidlonghaulers,1,2020-08-10T13:36:01,t1_g0ytjdp,comment,reddit,pushshift
g0zqd02,i6ncyl,"It’s not a novel treatment and many have taken it. You could make a post about it in this sub but you might just find people who tried it and didn’t get relief (those who were cured moved on). 

Your immune system after this many months is getting exhausted. Your stem cells are being used up needlessly to make immune agents that are eating their own kind. Long-term inflammation is in itself dangerous. 

Steroids come with risks so you have to weigh these against doing nothing. If you do take them, don’t start/stop, miss a dose, or stop abruptly. Generally the prescription includes a tapering off at the end to prevent a sudden rebound effect. Be alert and careful while you’re on them. Your immune system can’t respond to a shaving cut or a lungful of bbq smoke. Stay masked and low-key. 

Long-haul may be helped by ivermectin. This is based on the theory you don’t have an overactive immune system stuck on 11 but rather your immune system is actively fighting viable virus trapped in your nerves. It’s not a popular theory, but ivermectin is cheap, you just need one injection usually, and with some exceptions (drinkers, pregnant), most people are candidates.

Your other option is targeted immuno-therapy. This is done with drugs that lower the suspect cytokines individually. The main targets are RANTES, IL-6, IL-8, TNF-alpha, GM-CSF. People differ as levels of these and the levels change as the disease progresses. If you’ve got good healthcare, you can talk to your doctors about immuno-therapy. It’s not cheap.",chesoroche,covidlonghaulers,1,2020-08-10T13:39:27,t1_g0z22cb,comment,reddit,pushshift
g0zr8kd,i6wv0n,"Even light activities lately (cleaning around the house, short walks) are causing me intense back pain (lasting days with no relief), so I've been taking it easier. I was doing regular light activity before this muscle weakness issue. 

My initial illness was mild to moderate and I felt fine doing activities up until recently. Past couple of months I've been developing more and more issues.

I have a referral for a physical therapist, so I'll discuss it with them too.",highwayknees,covidlonghaulers,2,2020-08-10T13:48:13,t1_g0znvce,comment,reddit,pushshift
g0zsnss,i6t6tz,"months and months. i thought it was the gabapentin. no doc has offered any explanation, or interest, really. kind of how this whole thing has been for me: my symptoms are brushed away. i have tried the quaint remedies to no avail...kombucha, baking soda, turmeric...hv tried the pepto, the tums, the immodium. i give up. at least the cheese-grater breathing stopped a couple months ago.",jksb27,covidlonghaulers,2,2020-08-10T14:02:05,t3_i6t6tz,comment,reddit,pushshift
g0zsxtw,i6wv0n,yep. i hear you. hang in there. take it slow. weakness/heaviness...almost 8 mos now. plus the electricity feeling/restless legs...great discomfort. in the morning i am so weak i feel i cannot stand. but i always do. bc i have dogs. and no one else to help. 8 days waiting to receive fMRI referral in the stupid slowed-down mail.,jksb27,covidlonghaulers,1,2020-08-10T14:04:47,t3_i6wv0n,comment,reddit,pushshift
g0zt6c3,i6vvjh,"i think the virus remains for months and months in some of us. dormant, but not gone. many of my symptoms remain. 1st day of illness was jan 21.",jksb27,covidlonghaulers,4,2020-08-10T14:07:02,t1_g0yzy25,comment,reddit,pushshift
g0zwbdk,i73vx6,I'm about 90%. There's a good many people that seem to be recovering lately or reporting 90%+ recovery and the recent survey suggested a majority of people view themselves as improving. There's a number of people in the fb group now reporting recovery too. There seems to be a group that recovered at 10-15 weeks and another now recovering at 20-25 weeks. So I think everyone has their own timeline.,EmpathyFabrication,covidlonghaulers,9,2020-08-10T14:35:56,t3_i73vx6,comment,reddit,pushshift
g0zx04o,i6wv0n,"My muscle weakness, wobble legs, and back pain started early for me, in the beginning of May. My Wobbly legs aren’t as bad. My back pain is off and on now. I still have muscle weakness. I lost a lot of weight fast in the beginning of this so I’m sure I lost muscle along the way. Maybe my weakness is also caused by inflammation of the muscles. I will also add that I was pretty active at work until about a week ago so I wasn’t just sitting around. Now I’m off in hopes to start healing. 

Are your back pains in different areas?",Negative-Extension14,covidlonghaulers,2,2020-08-10T14:42:10,t3_i6wv0n,comment,reddit,pushshift
g0zxrok,i6wv0n,"Have you had this issue the whole time?

I was feeling mild weakness up until about a week ago, nothing that limited my activity level. Now I feel like I can barely function. It's a little disturbing.",highwayknees,covidlonghaulers,1,2020-08-10T14:49:03,t1_g0zsxtw,comment,reddit,pushshift
g0zz5k7,i6wv0n,"Back pain is concentrated on the lower right, but I have some upper back pain around my shoulder blades, and shooting pains along my spine.

I have (mild) scoliosis and have had mild, manageable pain for the last 15 years. Typical pain for me is mid/lower back, central, feels like muscle tightness, relieved by heat and rest. Pain is mild, mostly discomfort, and largely avoidable. 

My pain now is intense, sharp, and not helped by heat, ice, or rest. I think my scoliosis is contributing to the back pain, but I think something else is causing this as I have pain and weakness throughout my body.",highwayknees,covidlonghaulers,1,2020-08-10T15:01:05,t1_g0zx04o,comment,reddit,pushshift
g0zzpwc,i74cbd,"Not everyone here sees the much-vaunted connection to ME/CFS, not surprising since there is so much misinformation and doctors are generally trained wrong, if at all, about what it is, but it remains that so far the large medical institutions are completely oblivious to the problem of long COVID, mainly because of decades of denial and refusal to do anything about ME/CFS. Simply put: they can't take long COVID seriously without admitting to massive catastrophic errors in dismissing ME/CFS.

There have been insistent demands for decades to at least give it minimal resources, medical institutions have always refused, they simply don't believe in post-viral illness, not anymore in post-mononucleosis than in post-COVID. To them it's just a little bit of short-lived fatigue, if at all. All the other symptoms, all the weirdness, have been dismissed as psychosomatic, hence the whole ""it's just anxiety"" thing and gaslighting you are subjected to, there are decades of practice behind it.

It will take a massive paradigm shift but also to face the fact that the post-viral illness patient community was right all along and millions of lives were abandoned in favor of beliefs in magical psychology. People have died because of this denial and life expectancy in ME/CFS is estimated at 55 years. All because of denial, all perfectly avoidable, a disaster of choice.

So whether you think ME/CFS applies to long COVID or not is not quite relevant, the NIH and CDC are interested in neither so far, for the exact same reasons: they just don't believe it's a medical problem. Yet. It will require lobbying, activism, advocacy and constant efforts to overturn decades of belief in bullshit psychosomatic nonsense.",strangeelement,covidlonghaulers,7,2020-08-10T15:06:02,t3_i74cbd,comment,reddit,pushshift
g100kwu,i6olen,"Have you eaten any packaged lettuce in the past few months? There has been a Clyclospora outbreak that causes gastro and flu-like symptoms, and it keeps coming back in some people until they take antibiotics.",oingaboingo,covidlonghaulers,1,2020-08-10T15:13:29,t3_i6olen,comment,reddit,pushshift
g102frg,i6wv0n,"I was looking over my notes that I started taking a month after I got sick, bc I wasn’t getting well. Yes I have been weak the entire time. The electricity and heaviness didn’t start until the end of March, which was 2 mos in. I feel like this virus is a herd of slugs moving through my system, leaving a trail of slime and symptoms everywhere and only once it’s worked its way all the waythrough every part of my system will it ever leave. So far this morning i hvnt had to take gabapentin for electric shocks...1st morning w/o in months. ive found it best to have low expectations, however. i had 6 days in a row of feeling well in may --only to have it all hit again. so i dont count my chickens.",jksb27,covidlonghaulers,1,2020-08-10T15:29:17,t1_g0zxrok,comment,reddit,pushshift
g105je8,i73vx6,My smell is still weakened and off. 60% id say... it’s such a bummer.,[deleted],covidlonghaulers,1,2020-08-10T15:55:27,t3_i73vx6,comment,reddit,pushshift
g105t55,i6wv0n,"This is the same way my Covid journey has been.  Did the doctor check your ANA?  Apparently, that is also an inflammatory marker.  Ask for it!  I just finished a steroid in the hopes of resetting my immune response as mine was high.  Doctor hopes the pain is due to an overreaction of my immune system and not actually autoimmune.  Results pending....",Diane_homebound,covidlonghaulers,1,2020-08-10T15:57:40,t1_g0zr8kd,comment,reddit,pushshift
g1067vd,i6wv0n,Sounds so much like me!  Only I didn’t have any pain prior to Covid.  Sick late March w mild Covid....lost 20 pounds down to 110 in about 2 to 3 weeks!  😞  I too only get relief w heat!  Hot showers or sitting outside in 90 degree weather here...,Diane_homebound,covidlonghaulers,1,2020-08-10T16:01:04,t1_g0zz5k7,comment,reddit,pushshift
g1078qk,i6wv0n,"I had significant improvement of symptoms in mid/late July... for a week? And then everything came back, and new issues appeared. 

I'm not feeling optimistic at all.",highwayknees,covidlonghaulers,1,2020-08-10T16:09:39,t1_g102frg,comment,reddit,pushshift
g108al8,i6wv0n,"Unfortunately heat doesn't help the way it usually does. It helps with the muscle tightness I'm accustomed to, but I feel the pain through it. My back will feel relaxed with heat on it, but I'll feel that sharp pain still.

I didn't lose any weight myself. I've gained a few pounds recently even... and I'm eating less (just smaller portions, smaller appetite).",highwayknees,covidlonghaulers,2,2020-08-10T16:18:22,t1_g1067vd,comment,reddit,pushshift
g109uya,i6wv0n,"Yes, I had ANA checked, and a variety of other tests done. Everything has been within a normal range.

I'm scheduled to see both a rheumatologist and neurologist in September, because I've had some concerning issues with numbness and pain, and I think maybe the muscle weakness could be connected with all of it? I don't know. I'll bring it up with them in any case.",highwayknees,covidlonghaulers,1,2020-08-10T16:31:04,t1_g105t55,comment,reddit,pushshift
g10br08,i77qyr,"One of the ways to look at food is through the lense of immuno-modulation. According to Dr. Bruce Patterson, whose company makes cytokine test kits, the main elevated cytokines in covid are RANTES, IL-6, IL-8, TNF-alpha, GM-CSF. 

People differ as levels of these and the levels change as the disease progresses. You’ve heard of IL-6 lowering drugs, I’m sure. They’re given to stop cytokine storm. Dr. Patterson says long haulers are in cytokine rainshower.

Diet and lifestyle also influence cytokines. 

Butyrate raises IL-8. The largest source of butyrate in some people’s bodies comes from eating insoluble fiber (bran for example). Other sources would be buttery things. That weird smell of old butter is butyrate. 

Soluable fiber doesn’t create butyrate. Blueberries have soluable fiber. They also contain compounds that lower IL-6 and TNF-alpha.

Conceivably then, the blueberries reduced two of your elevated cytokines and when the bran eventually fermented in your gut, one cytokine was elevated.",chesoroche,covidlonghaulers,4,2020-08-10T16:46:31,t3_i77qyr,comment,reddit,pushshift
g10cqtr,i6vvjh,"I’m starting to think so. Maybe for some is a post-viral illness, but in others it’s a reactivation.

Also, I’m thinking if you never had a true fever, then you didn’t have a proper immune response, so you possibly couldn’t fully kill off the pathogen.",idontcare78,covidlonghaulers,4,2020-08-10T16:54:36,t1_g0zt6c3,comment,reddit,pushshift
g10eu98,i77qyr,Blueberries triggered insomnia for me and there was another report that blueberries caused problems.,EmpathyFabrication,covidlonghaulers,2,2020-08-10T17:11:36,t3_i77qyr,comment,reddit,pushshift
g10gbei,i766ap,"I have a very similar problem with my sense of smell.  I had COVID in March.  For me, certain smells would also smell like chemicals.  Sometimes a “peppery” smell.  At one point it was almost every scent that I would smell.  Now, my smell is almost back to normal, except for... feces... very weird... it’s like the signature smell of it is changed... peppery?  Hard to describe.

As far as taste goes, the tip of my tongue has had a sour taste for the past 2 months.",robo_robb,covidlonghaulers,3,2020-08-10T17:23:21,t3_i766ap,comment,reddit,pushshift
g10gqp7,i75hnq,"Not sure if this is related, but the tip of my tongue has had a sour taste for the past 2 months (had my COVID infection 5 months ago).",robo_robb,covidlonghaulers,2,2020-08-10T17:26:45,t3_i75hnq,comment,reddit,pushshift
g10hi11,i73vx6,Exactly. I'd like to even see even a few ppl who had the mild cold months ago doing marathon training. I swear this is a chronic disease and some just got a more intense start than others.,twosummer,covidlonghaulers,1,2020-08-10T17:32:48,t3_i73vx6,comment,reddit,pushshift
g10hqfs,i77qyr,"Wow! Thanks for the information. 

Are there any guidelines out there to help long haulers navigate through there diet plan?

Why was lL-6 the focus in hospitals and not the other ones? Is that the most predominant cytokine in the beginning?

Do you know the effects of oatmeal?",Negative-Extension14,covidlonghaulers,2,2020-08-10T17:34:40,t1_g10br08,comment,reddit,pushshift
g10hxnl,i77qyr,Did insomnia start the day you ate blueberries?,Negative-Extension14,covidlonghaulers,1,2020-08-10T17:36:16,t1_g10eu98,comment,reddit,pushshift
g10igfq,i73vx6,r/CovidRecovered,idontcare78,covidlonghaulers,3,2020-08-10T17:40:25,t1_g0zmznf,comment,reddit,pushshift
g10iofg,i73vx6,"Same, was sick starting March 6, and I feel like i've been stuck at 90% for the last 6 weeks. Persistent head pressure, dizziness, tinnitus, and mild cough and GI issues remain. Heart, breathing, fatigue and joint pain have all gotten better.",dughoffman,covidlonghaulers,5,2020-08-10T17:42:11,t3_i73vx6,comment,reddit,pushshift
g10jl9j,i77qyr,Pretty much. Ate them that day and the insomnia started that night. I've been having problems with it for about a month. I had a week of it back around week 5 too.,EmpathyFabrication,covidlonghaulers,1,2020-08-10T17:49:27,t1_g10hxnl,comment,reddit,pushshift
g10khf7,i66b96,"I had a cough and chest pangs for a while. Never developed a fever, body ache, or anything else. About 3 weeks later I have been having feet, hand, and face tingling. Sometimes I feel like my neck gets compressed. Referred to neuro as well. ER doc scared me with the possibility of multiple sclerosis. Not sure what is worse at this point.",mourningblossom,covidlonghaulers,2,2020-08-10T17:56:28,t1_g0v2su0,comment,reddit,pushshift
g10lrav,i75hnq,"That can be an Epstein-Barr Virus thing too, so maybe it's a viral thing in general. I definitely had that for months. It went away, and just today it is back due to what feels like a viral flareup.",cluckosaurus,covidlonghaulers,1,2020-08-10T18:06:42,t3_i75hnq,comment,reddit,pushshift
g10lynv,i73vx6,"This is exactly how I feel amt. I got sick in March and still don't feel right. I think the last 10% depends on the nerves system and brain recovery which usually takes much longer. I talked with a neurologist which said it takes about 6 to 12 months to recover fully.

Full recovery time varies from case to case, so I guess people have made full recovery.",skinke280,covidlonghaulers,3,2020-08-10T18:08:21,t3_i73vx6,comment,reddit,pushshift
g10n2ot,i66b96,"My doctor casually mentioned MS as well, but only as worst case scenario sort of thing. 

My symptoms have been... unfortunately very much lining up with MS, so I'm concerned too. Honestly I hope it's all just a covid thing and temporary. 

My neurologist appointment is over a month away, so it will be some time before I get any answers.",highwayknees,covidlonghaulers,3,2020-08-10T18:17:16,t1_g10khf7,comment,reddit,pushshift
g10om10,i73vx6,"There are several people I’ve seen posting on the long haul fb groups, generally scattered from 4-6 months out",kolad3,covidlonghaulers,5,2020-08-10T18:29:41,t3_i73vx6,comment,reddit,pushshift
g10p4re,i766ap,Yeah I guess peppery could be what I'm experiencing.  Just not how it normally smells that's for sure. This virus sure is odd. I hope you find some relief soon.,ahairlesselk,covidlonghaulers,3,2020-08-10T18:33:51,t1_g10gbei,comment,reddit,pushshift
g10r0x3,i3lw72,I would imagine it’s completely different for each person. For me a relapse would be reappearance/exacerbation of symptoms for longer than a day. I’m talking about headaches/dizziness/SOB/aches/etc...,kolad3,covidlonghaulers,1,2020-08-10T18:49:07,t1_g10pqs0,comment,reddit,pushshift
g10rng5,i77qyr,"I was bed-ridden in the beginning of April with a little SOB which culminated to a really bad ear infection. I Was feeling good the last two weeks of April, then in the beginning of May I got hit with a whole new set of symptoms along with the SOB. That was my relapse. I did not improve, I actually got worse a couple of weeks ago, but the whole time I was working full time on my feet, lifting stuff. I stopped working a week ago and actually felt a little better(less sob, brain fog, and body pains) 2 days ago, then it came back. All that to say yesterday was my first significant flare up and it’s still going.",Negative-Extension14,covidlonghaulers,1,2020-08-10T18:54:09,t1_g10olqo,comment,reddit,pushshift
g10szho,i77qyr,"To see what raises and lowers the different cytokines, you can use sites like mybiohack or selfhacked. You can also use a search string like “oatmeal and cytokines.”

That’s a good question as to why they started with IL-6. I don’t know everything there is to know about cytokines but IL-6 has a role in other inflammatory diseases (autoimmune diseases, cancer), so the modulating drugs had already been developed. 

IL-6 confounded science at first because it can be either pro inflammatory or anti inflammatory. Another way it’s produced is by exercise. If you exercise AND you’re healthy, it’s anti inflammatory (unless you overtrain, then its pro inflammatory). If you’re ill AND you exercise, it’s pro inflammatory. 

Cytokines are just signaling molecules in the network. It’s like making a phone call. If your account is past due, your call gets rerouted to the billing department. The important  thing then is what happens when the cytokine signal reaches its destination. Usually something useful happens. Too much signaling is as bad as none at all. That’s why it needs to be modulated.

Dr. Patterson does a good job of explaining all this without getting too far into the weeds in his TED talk:

https://m.youtube.com/watch?v=tPMHZiR_htQ

For nutrition advice, Chris Masterjohn has a food and supplement guide to the coronavirus. He also has a podcast called Mastering Nutrition.",chesoroche,covidlonghaulers,3,2020-08-10T19:04:50,t1_g10hqfs,comment,reddit,pushshift
g10t68s,i7b46z,"I've taken Prednisone at that level for a frozen shoulder that was getting MRI. It did not entirely relieve the inflammation.  It also made me really have emotional issues. I do not like steroids. YMMV, obviously.

What has helped is restorative yoga that is supposed to open up the chest, regular aspirin, albuterol inhalers, and epinephrine inhalers.  

I would try other things before the steroid?  Anti-inflammatories, yoga and regular asthma inhalers help a lot.",[deleted],covidlonghaulers,3,2020-08-10T19:06:21,t3_i7b46z,comment,reddit,pushshift
g10tjhk,i77qyr,I’m not sure. Flare-ups are new to me.,Negative-Extension14,covidlonghaulers,1,2020-08-10T19:09:19,t1_g10rx10,comment,reddit,pushshift
g10udfw,i77qyr,I want to add that I’m differentiating my initial relapse and my first flare-up.,Negative-Extension14,covidlonghaulers,1,2020-08-10T19:16:01,t1_g10rx10,comment,reddit,pushshift
g10vhf1,i5j23z,[deleted],[deleted],covidlonghaulers,1,2020-08-10T19:24:46,t3_i5j23z,comment,reddit,pushshift
g10wgfq,i77qyr,"Yeah, I could be wrong. But I look at relapsing as getting close to 100% better then going back to being pretty sick again. A relapse could be caused by a flare-up and not just getting the virus again.",Negative-Extension14,covidlonghaulers,1,2020-08-10T19:32:23,t1_g10uuh5,comment,reddit,pushshift
g10yayi,i7b46z,"A 5 day course won’t hurt anything or significantly suppress your immune system and may calm down enough inflammation to give you some relief. Immunosuppression is a greater  concern with long term corticosteroid use. 
If you’re not comfortable with it you can try OTC anti-inflammatories like ibuprofen or naproxen, although these are not as strong as steroids.",blacka13,covidlonghaulers,1,2020-08-10T19:47:15,t3_i7b46z,comment,reddit,pushshift
g10yb0o,i66b96,Best of luck. I can try to follow up with you if I get any insight. It doesn't seem like I will get any answers until I go to neuro.,mourningblossom,covidlonghaulers,3,2020-08-10T19:47:15,t1_g10n2ot,comment,reddit,pushshift
g10z5qz,i766ap,My smell is very distorted. It’s also incredibly weak. All perfume scents and shampoo smell the same to me.,[deleted],covidlonghaulers,2,2020-08-10T19:54:03,t3_i766ap,comment,reddit,pushshift
g11044y,i7b46z,Good friend of mine is a 3-month long-hauler. He's still on an inhaler but somewhere around the 10-week mark he was prescribed prednisone for chest pain and inflammation. It seemed to have helped but correlation != causation and all that,derpotologist,covidlonghaulers,2,2020-08-10T20:01:48,t3_i7b46z,comment,reddit,pushshift
g1104l2,i7c95x,Yep clumps come out every time I shower. My hair feels so thin. I know it’s bc of Covid,[deleted],covidlonghaulers,5,2020-08-10T20:01:53,t3_i7c95x,comment,reddit,pushshift
g110gp2,i7c95x,"It looks like a small animal died, every time. 
And I was combing it the other day and making piles on the counter.",idontcare78,covidlonghaulers,3,2020-08-10T20:04:39,t1_g1104l2,comment,reddit,pushshift
g11119p,i7c95x,I've experienced this also. My tops and blouses have to be dehaired if I leave the house.,NeptuneisRising,covidlonghaulers,3,2020-08-10T20:09:19,t3_i7c95x,comment,reddit,pushshift
g111gd3,i7b46z,"I was given the same dosage as you for five days, and on days 6-10 I felt like I’d been hit by a truck or had extreme full body muscle fatigue. The high dosage made the come-down awful. This prescription came from an overworked ER doc trying to quickly free up my bed after my chest x-ray was clean.

I was then put on 10 mg a day for five days, followed by 5 mg a day for four days. The lower dosage combined with Tylenol did enough, and the comedown wasn’t bad at all when I weened off the 5mg. This was managed by my primary care doc who I have a good relationship with.

Just be wary of what happens when your five days are up!",haplessabandon,covidlonghaulers,2,2020-08-10T20:12:43,t3_i7b46z,comment,reddit,pushshift
g111zn2,i66b96,"Thank you, and yeah, an update would be great.",highwayknees,covidlonghaulers,1,2020-08-10T20:16:59,t1_g10yb0o,comment,reddit,pushshift
g112lph,i7clcw,I’m right there with ya!,Hjfitz93,covidlonghaulers,2,2020-08-10T20:21:52,t3_i7clcw,comment,reddit,pushshift
g113hh5,i7clcw,Mine was worst from weeks 4-10 but remained after that for some time. I'm about 90% right now with mainly normal tiredness especially when sleeping poorly.,EmpathyFabrication,covidlonghaulers,8,2020-08-10T20:29:00,t3_i7clcw,comment,reddit,pushshift
g113hjn,i7clcw,Im 20 years old and have never been this down before..i dont smoke dont do drugs and dont drink..maybe i outta start! Lmao,Lipsk33t96,covidlonghaulers,2,2020-08-10T20:29:01,t1_g112lph,comment,reddit,pushshift
g113nce,i7clcw,You say you're about 90% when did the fatigue start for you?,Lipsk33t96,covidlonghaulers,2,2020-08-10T20:30:20,t1_g113hh5,comment,reddit,pushshift
g114l5x,i7c95x,"Yup. I have very long hair, so when/if it grows back, it'll take years to regain the thickness at the ends. But like the Beau's Lines in my nails, I try to wear it as a badge of honor - ""Look how sick I got, but I survived."" Or at least it's a reminder that I didn't dream the whole thing.",kyarena,covidlonghaulers,3,2020-08-10T20:37:58,t3_i7c95x,comment,reddit,pushshift
g1152u2,i7c95x,"I swear I’m going to be bald soon. 38f losing hair for the past few months, haven’t gotten a haircut since February so I wonder if that would somehow help. Every strand is a reminder of my precovid life.",Allergictofingers,covidlonghaulers,6,2020-08-10T20:41:58,t3_i7c95x,comment,reddit,pushshift
g115623,i7c95x,[deleted],[deleted],covidlonghaulers,7,2020-08-10T20:42:40,t3_i7c95x,comment,reddit,pushshift
g115bam,i73vx6,Yeah I rarely see anything posted there. I just follow it for the sake of it. But that’s the only one I know of.,idontcare78,covidlonghaulers,1,2020-08-10T20:43:50,t1_g114024,comment,reddit,pushshift
g115d3w,i7clcw,"Right off the bat, got better, then worse at week 4-5 when neuro symptoms appeared",EmpathyFabrication,covidlonghaulers,2,2020-08-10T20:44:15,t1_g113nce,comment,reddit,pushshift
g115n0k,i7c95x,"I have documented as much as I can, blood pressure, HR, and a journal and the next time I see my hair at the bottom of my tub, I’m documenting that too.  
There’s just too much to trying mentally keep track of!",idontcare78,covidlonghaulers,1,2020-08-10T20:46:28,t1_g114l5x,comment,reddit,pushshift
g115tod,i7clcw,[deleted],[deleted],covidlonghaulers,1,2020-08-10T20:47:58,t3_i7clcw,comment,reddit,pushshift
g115vo1,i7clcw,What weeks did you notice a real improvement? And when did you get sick?,Lipsk33t96,covidlonghaulers,2,2020-08-10T20:48:23,t1_g115d3w,comment,reddit,pushshift
g1169so,i73vx6,At around the 10 week mark I felt like I was drastically improving and wasn’t relapsing nearly as bad as before. At around the 13 week mark (July 4th) is when I was about 90% recovered and rarely relapse if I overdo it or eat unhealthy. Now I feel like I’m about 95% recovered. Sometimes I get random flare ups but they only last for half a day.,NAmember81,covidlonghaulers,4,2020-08-10T20:51:34,t1_g0zwbdk,comment,reddit,pushshift
g117t13,i7b46z,"If I have a bad flare up I just take 5 or 10 mg (1/4 or 1/2 of my 20 mg pill) and I get better in a couple hours. 


I’m like 90% or 95% recovered right now so I rarely have to take one. But when I was at the 7 week mark I was flaring up once or twice a week. If that happened I’d take 600mg ibuprofen and 5mg prednisone and I’d be “normal” within 2 hours. I also drank 2 grams of Tumeric powder in decaf green tea and honey and I think that was incredibly helpful too.",NAmember81,covidlonghaulers,3,2020-08-10T21:03:46,t3_i7b46z,comment,reddit,pushshift
g119gen,i73vx6,I have never had a bad relapse but I can tell I get these flare ups from time to time as well. I also noticed a big improvement around 10 weeks. My recovery has ben mostly linear,EmpathyFabrication,covidlonghaulers,6,2020-08-10T21:16:56,t1_g1169so,comment,reddit,pushshift
g119gy9,i73vx6,"I sure hope so !  I’ve been down since March 23rd.  My symptoms were massive chest, lung pain and crushing fatigue.  At 4+ months and I’m still feeling so ill in the chest and stuck at 10%.    I know I’ll heal at some point, but man —- when ?  Here’s to hoping I’m in the 4-6 month group so I can start living again in the next month or so...",ProfessionalWear8,covidlonghaulers,1,2020-08-10T21:17:03,t3_i73vx6,comment,reddit,pushshift
g119k0u,i7c95x,"I think if it helps your mental health it wouldn’t hurt! 
* if you feel safe.
How long post infection did you start losing hair? I’m at the 3 month mark and it’s been a few weeks since I first noticed.",idontcare78,covidlonghaulers,1,2020-08-10T21:17:44,t1_g1152u2,comment,reddit,pushshift
g119mo4,i7clcw,"Sick Mar 19. First turnaround was 8-10 weeks. Since then I've seen mostly linear improvement. Week 15 and now at week 20 something seems to have happened and I'm noticing more improvement, able to do more, etc.",EmpathyFabrication,covidlonghaulers,3,2020-08-10T21:18:21,t1_g115vo1,comment,reddit,pushshift
g119xsr,i77kp5,"I think this sickness is being caused by 5G not a virus, hence why no one is recovering",Solomanthebartender,covidlonghaulers,-2,2020-08-10T21:20:47,t3_i77kp5,comment,reddit,pushshift
g11cppe,i7e1t3,"I was not this bad off with lung symptoms and my lung stuff mostly resolved by week 5. But my neuro stuff and brain fog especially was awful. I think I noticed a turnaroumd at week 8-10 with more rest and for me the biggest sign was more restorative sleep. Even now with insomnia, the sleep I eventually get is deep and normal. Also more recently at week 19 I had an odd ""feeling"" and my heart rate now seems to be lower at rest.",EmpathyFabrication,covidlonghaulers,1,2020-08-10T21:43:11,t3_i7e1t3,comment,reddit,pushshift
